brand_name,model,price_category,price_idr,spec_score,vfm_score,vfm_label,has_5G,has_NFC,has_IR,processor_brand,processor_name,num_core,processor_speed,ram,memory,battery_capacity_mah,fast_charging_w,charging_ratio,charging_speed_type,screen_size,refresh_rate,rear_camera,front_camera,rear_camera_count,os,cluster
oneplus,OnePlus Nord 6,Premium,7487808,81,0.9068283902606832,Average Value,1,1,1,qualcomm,Snapdragon 8s Gen4,8.0,3.2,8.0,256.0,9000.0,80.0,112.5,Standard,6.78,165.0,50.0,32.0,2,Android v16,3
samsung,Samsung Galaxy S25 Ultra,Flagship,21120000,89,0.6585170008310294,Average Value,1,1,0,qualcomm,Snapdragon 8 Elite for Galaxy,8.0,4.47,12.0,256.0,5000.0,45.0,111.11111111111111,Standard,6.9,120.0,200.0,12.0,4,Android v15,2
vivo,Vivo T5 Pro,Mid-Range,5759808,72,1.5223890285696045,Value King,1,0,1,qualcomm,Snapdragon 7s Gen4,8.0,2.5,8.0,128.0,9020.0,90.0,100.22222222222224,Standard,6.8,120.0,50.0,50.0,3,Android v16,0
samsung,Samsung Galaxy S25 FE,Premium,9742656,77,0.2821243880811019,Average Value,1,1,0,samsung,Exynos 2400,10.0,3.2,8.0,128.0,4900.0,45.0,108.88888888888889,Standard,6.7,120.0,50.0,12.0,3,Android v16,3
vivo,Vivo T5x 5G,Mid-Range,3647808,66,0.4786149831420379,Average Value,1,0,1,mediatek,Dimensity 7400 Turbo,8.0,2.6,6.0,128.0,7200.0,44.0,163.63636363636363,Standard,6.76,120.0,50.0,32.0,2,Android v16,3
vivo,Vivo T5 5G,Mid-Range,4606080,63,-0.0432720395717453,Average Value,1,0,0,qualcomm,Snapdragon 7s Gen4,8.0,2.5,8.0,128.0,7500.0,100.0,75.0,Standard,6.67,120.0,50.0,32.0,3,Android v16,3
motorola,Motorola Edge 70 Fusion,Mid-Range,4991808,71,1.34842668766501,Value King,1,1,0,qualcomm,Snapdragon 7s Gen4,8.0,2.7,8.0,128.0,7000.0,68.0,102.94117647058825,Standard,6.78,144.0,50.0,32.0,3,Android v16,3
xiaomi,Xiaomi Redmi Note 15 5G Special Edition,Mid-Range,3839808,64,0.130690301332849,Average Value,1,0,1,qualcomm,Snapdragon 6 Gen3,8.0,2.4,6.0,128.0,5800.0,45.0,128.88888888888889,Standard,6.77,120.0,50.0,20.0,2,Android v15,3
realme,Realme 16 5G,Premium,6143808,68,-1.1234596168229554,Overpriced,1,0,0,mediatek,Dimensity 6400 Turbo,8.0,2.5,8.0,128.0,7000.0,60.0,116.66666666666669,Standard,6.57,120.0,50.0,50.0,2,Android v16,0
vivo,Vivo V70 FE,Premium,7295808,79,0.5944763891708925,Average Value,1,1,1,mediatek,Dimensity 7360 Turbo,8.0,2.5,8.0,128.0,7000.0,90.0,77.77777777777777,Standard,6.83,120.0,200.0,50.0,2,Android v16,0
oneplus,OnePlus Nord CE 6 5G,Mid-Range,5182080,72,1.5223890285696045,Value King,1,0,1,qualcomm,Octa Core Processor,8.0,2.5,8.0,128.0,7500.0,100.0,75.0,Standard,6.82,144.0,50.0,32.0,2,Android v16,3
oneplus,OnePlus Nord CE 5 5G (8GB RAM + 256GB),Mid-Range,4656000,70,1.1744643467604154,Value King,1,0,1,mediatek,Dimensity 8350 Apex,8.0,3.35,8.0,256.0,7100.0,80.0,88.75,Standard,6.77,120.0,50.0,16.0,2,Android v15,3
infinix,Infinix Note 60 Pro 5G,Mid-Range,4991808,72,1.5223890285696045,Value King,1,1,1,qualcomm,Snapdragon 7s Gen4,8.0,2.7,8.0,256.0,6500.0,90.0,72.22222222222223,Standard,6.78,144.0,50.0,13.0,2,Android v16,3
vivo,Vivo V70 5G,Premium,8831808,81,0.9068283902606832,Average Value,1,1,1,qualcomm,Snapdragon 7 Gen4,8.0,2.8,8.0,256.0,6500.0,90.0,72.22222222222223,Standard,6.59,120.0,50.0,50.0,3,Android v16,0
vivo,Vivo T4 Pro 5G,Mid-Range,5217984,71,1.34842668766501,Value King,1,0,1,qualcomm,Snapdragon 7 Gen4,8.0,2.8,8.0,128.0,6500.0,90.0,72.22222222222223,Standard,6.77,120.0,50.0,32.0,3,Android v15,3
iqoo,iQOO Z11,Mid-Range,4990080,70,1.1744643467604154,Value King,1,1,1,mediatek,Dimensity 8500,8.0,3.4,8.0,256.0,9020.0,90.0,100.22222222222224,Standard,6.83,165.0,50.0,16.0,2,Android v16,3
infinix,Infinix Note 60 Ultra,Premium,6142080,83,1.2191803913504735,Value King,1,1,1,mediatek,Dimensity 8400 Ultimate,8.0,3.25,12.0,256.0,7000.0,100.0,70.0,Standard,6.78,144.0,200.0,32.0,3,Android v16,2
oneplus,OnePlus Nord CE 5 5G (12GB RAM + 256GB),Mid-Range,5567808,71,1.34842668766501,Value King,1,0,1,mediatek,Dimensity 8350 Apex,8.0,3.35,12.0,256.0,7100.0,80.0,88.75,Standard,6.77,120.0,50.0,16.0,2,Android v15,3
realme,Realme P4 Power 5G,Mid-Range,4776768,72,1.5223890285696045,Value King,1,0,1,mediatek,Dimensity 7400 Ultra,8.0,2.6,8.0,128.0,10001.0,80.0,125.0125,Standard,6.8,144.0,50.0,16.0,2,Android v16,3
motorola,Motorola Edge 60 Fusion,Mid-Range,4012800,67,0.6525773240466323,Average Value,1,0,0,mediatek,Dimensity 7400,8.0,2.5,8.0,256.0,5500.0,68.0,80.88235294117646,Standard,6.7,120.0,50.0,32.0,2,Android v15,3
motorola,Motorola Moto G67 Power 5G,Mid-Range,3300480,63,-0.0432720395717453,Average Value,1,0,0,qualcomm,Snapdragon 7s Gen2,8.0,2.4,8.0,128.0,7000.0,30.0,233.3333333333333,Slow Charging,6.7,120.0,50.0,32.0,2,Android v15,3
vivo,Vivo T5 Ultra,Premium,7678080,72,-0.4987556146433743,Average Value,1,0,0,dimensity,Octa Core Processor,8.0,2.5,8.0,256.0,6200.0,100.0,62.0,Super Fast,6.78,120.0,50.0,50.0,3,Android v16,0
apple,Apple iPhone 17,Flagship,15916800,76,-0.8932438636576615,Average Value,1,1,0,apple,Apple A19,6.0,2.5,8.0,256.0,3692.0,45.0,112.5,Slow Charging,6.3,120.0,48.0,18.0,2,iOS v26,3
vivo,Vivo T5x 5G (8GB RAM + 256GB),Mid-Range,4415808,67,0.6525773240466323,Average Value,1,0,1,mediatek,Dimensity 7400 Turbo,8.0,2.6,8.0,256.0,7200.0,44.0,163.63636363636363,Standard,6.76,120.0,50.0,32.0,2,Android v16,3
oneplus,OnePlus Nord 5 5G,Premium,6527808,76,0.1259483875362067,Average Value,1,1,1,qualcomm,Snapdragon 8s Gen3,8.0,3.0,8.0,256.0,6800.0,80.0,85.0,Standard,6.83,144.0,50.0,50.0,2,Android v15,0
oppo,OPPO K13,Mid-Range,3676608,62,-0.2172343804763398,Average Value,1,0,1,qualcomm,Snapdragon 6 Gen4,8.0,2.3,8.0,128.0,7000.0,80.0,87.5,Standard,6.67,120.0,50.0,16.0,2,Android v15,3
motorola,Motorola Edge 60 Pro,Mid-Range,5549952,77,2.3922007330925763,Performance Beast,1,1,0,mediatek,Dimensity 8350 Extreme,8.0,3.35,8.0,256.0,6000.0,90.0,66.66666666666667,Super Fast,6.7,120.0,50.0,50.0,3,Android v15,0
realme,Realme P4 5G,Mid-Range,4030080,64,0.130690301332849,Average Value,1,0,1,mediatek,Dimensity 7400 Ultra,8.0,2.6,6.0,128.0,7000.0,80.0,87.5,Standard,6.77,144.0,50.0,16.0,2,Android v15,3
vivo,Vivo X300 Ultra,Flagship,18430080,92,1.0166156618668811,Value King,1,1,1,qualcomm,Snapdragon 8 Elite Gen 5,8.0,4.6,12.0,256.0,6600.0,120.0,55.0,Super Fast,6.82,144.0,200.0,50.0,3,Android v16,2
ai+,Ai+ Nova 2 Ultra,Budget,2879808,58,1.1587712395376788,Value King,1,0,0,mediatek,Dimensity 7400,8.0,2.6,6.0,128.0,6000.0,18.0,333.3333333333333,Slow Charging,6.78,120.0,50.0,13.0,2,Android v16,1
iqoo,iQOO Z11x,Mid-Range,3647808,66,0.4786149831420379,Average Value,1,0,1,mediatek,Dimensity 7400 Turbo,8.0,2.6,6.0,128.0,7200.0,44.0,163.63636363636363,Standard,6.76,120.0,50.0,32.0,2,Android v16,3
oppo,Oppo F33,Mid-Range,4991808,64,0.130690301332849,Average Value,1,0,1,mediatek,Dimensity 6360 Max,8.0,2.5,8.0,128.0,7500.0,100.0,75.0,Standard,6.67,144.0,50.0,32.0,2,Android v16,3
oppo,OPPO K13x 5G (6GB RAM +128GB),Budget,2687808,54,0.4647110753075493,Average Value,1,0,0,mediatek,Dimensity 6300,8.0,2.4,6.0,128.0,6000.0,45.0,133.33333333333334,Standard,6.67,120.0,50.0,8.0,2,Android v15,1
samsung,Samsung Galaxy A18 5G,Mid-Range,4031808,55,-1.4349707668085008,Overpriced,1,1,0,samsung,Octa Core Processor,8.0,2.5,6.0,128.0,6000.0,25.0,240.0,Slow Charging,6.74,90.0,50.0,16.0,3,Android v16,1
realme,Realme P4x 5G,Mid-Range,3215808,62,-0.2172343804763398,Average Value,1,0,0,mediatek,Dimensity 7400 Ultra,8.0,2.6,6.0,128.0,7000.0,45.0,155.55555555555554,Standard,6.72,144.0,50.0,8.0,2,Android v15,1
motorola,Motorola Moto G57 Power,Mid-Range,3139008,55,-1.4349707668085008,Overpriced,1,0,0,qualcomm,Snapdragon 6s Gen4,8.0,2.4,8.0,128.0,7000.0,33.0,212.12121212121207,Slow Charging,6.72,120.0,50.0,8.0,2,Android v16,1
samsung,Samsung Galaxy S26 Ultra 5G,Flagship,24336000,95,1.3747143229027328,Value King,1,1,0,qualcomm,Snapdragon 8 Elite Gen 5 for Galaxy,8.0,4.74,12.0,256.0,5000.0,60.0,83.33333333333333,Standard,6.9,120.0,200.0,12.0,4,Android v16,2
iqoo,iQOO 15R,Premium,8639616,85,1.5315323924402642,Value King,1,1,1,qualcomm,Snapdragon 8 Gen5,8.0,3.8,8.0,256.0,7600.0,100.0,76.0,Standard,6.59,144.0,50.0,32.0,2,Android v16,3
samsung,Samsung Galaxy S24 5G (Snapdragon),Premium,8640000,72,-0.4987556146433743,Average Value,1,1,0,qualcomm,Snapdragon 8 Gen3,8.0,3.3,8.0,256.0,4000.0,25.0,160.0,Standard,6.2,120.0,50.0,12.0,3,Android v15,3
realme,Realme P3x 5G,Budget,2495808,55,0.6382261163650816,Average Value,1,0,0,mediatek,Dimensity 6400,8.0,2.5,6.0,128.0,6000.0,45.0,133.33333333333334,Standard,6.72,120.0,50.0,8.0,2,Android v15,1
oneplus,OnePlus Nord CE 4 5G,Mid-Range,3839808,66,0.4786149831420379,Average Value,1,0,1,qualcomm,Snapdragon 7 Gen3,8.0,2.63,8.0,128.0,5500.0,100.0,55.0,Super Fast,6.7,120.0,50.0,16.0,2,Android v14,3
xiaomi,Xiaomi Redmi 15A 5G,Budget,2495808,58,1.1587712395376788,Value King,1,0,1,unisoc,Unisoc T8300,8.0,2.2,4.0,64.0,6300.0,33.0,190.9090909090909,Standard,6.9,120.0,32.0,8.0,1,Android v16,1
realme,Realme C63 5G (6GB RAM + 128GB),Budget,2111808,53,0.2911960342500169,Average Value,1,0,0,mediatek,Dimensity 6300,8.0,2.4,6.0,128.0,5000.0,10.0,500.0,Slow Charging,6.67,120.0,32.0,8.0,2,Android v14,1
motorola,Motorola Moto G86 Power 5G,Mid-Range,3424320,66,0.4786149831420379,Average Value,1,0,0,mediatek,Dimensity 7400,8.0,2.6,8.0,128.0,6720.0,33.0,203.63636363636363,Slow Charging,6.7,120.0,50.0,32.0,2,Android v15,3
xiaomi,Xiaomi Redmi A7 Pro,Budget,2687808,45,-1.096924294210242,Overpriced,0,0,0,unisoc,Unisoc T7250,8.0,1.8,4.0,64.0,6000.0,15.0,400.0,Slow Charging,6.9,120.0,13.0,8.0,1,Android v16,1
nothing,Nothing Phone (4a) Pro,Premium,7679808,75,-0.0302276130086885,Average Value,1,1,0,qualcomm,Snapdragon 7 Gen 4,8.0,2.8,8.0,128.0,5400.0,50.0,108.0,Standard,6.83,144.0,50.0,32.0,3,Android v16,3
oneplus,OnePlus 15,Flagship,14015808,94,1.2553481025574489,Value King,1,1,1,qualcomm,Snapdragon 8 Elite Gen 5,8.0,4.6,12.0,256.0,7300.0,120.0,60.833333333333336,Super Fast,6.78,165.0,50.0,32.0,3,Android v16,2
vivo,Vivo T5 Lite 5G,Budget,2111808,54,0.4647110753075493,Average Value,1,0,0,mediatek,Dimensity 6400,8.0,2.5,6.0,128.0,7000.0,25.0,280.0,Slow Charging,6.77,120.0,50.0,8.0,2,Android v16,1
xiaomi,Xiaomi Redmi Note 15 SE 5G (8GB RAM + 256GB),Mid-Range,4607808,67,0.6525773240466323,Average Value,1,0,1,qualcomm,Snapdragon 6 Gen3,8.0,2.4,8.0,256.0,5800.0,45.0,128.88888888888889,Standard,6.77,120.0,50.0,20.0,2,Android v15,3
motorola,Motorola Moto G96 5G,Mid-Range,3490176,64,0.130690301332849,Average Value,1,0,0,qualcomm,Snapdragon 7s Gen2,8.0,2.4,8.0,128.0,5500.0,33.0,166.66666666666666,Standard,6.67,144.0,50.0,32.0,2,Android v15,3
vivo,Vivo T4x 5G,Mid-Range,3263808,55,-1.4349707668085008,Overpriced,1,0,1,mediatek,Dimensity 7300,8.0,2.5,6.0,128.0,6500.0,44.0,147.72727272727272,Standard,6.72,120.0,50.0,8.0,2,Android v15,1
oneplus,OnePlus 15T,Premium,8254080,84,1.3753563918953688,Value King,1,1,1,qualcomm,Snapdragon 8 Elite Gen 5,8.0,4.6,12.0,256.0,7500.0,100.0,75.0,Standard,6.32,165.0,50.0,32.0,2,Android v16,2
poco,Poco X8 Pro 5G,Premium,6335808,76,0.1259483875362067,Average Value,1,0,1,mediatek,Dimensity 8500 Ultra,8.0,3.4,8.0,256.0,6500.0,100.0,65.0,Super Fast,6.59,120.0,50.0,20.0,2,Android v16,3
motorola,Motorola Moto G45 5G,Budget,2111424,54,0.4647110753075493,Average Value,1,0,0,qualcomm,Snapdragon 6s Gen3,8.0,2.3,4.0,128.0,5000.0,20.0,250.0,Slow Charging,6.5,120.0,50.0,16.0,2,Android v14,1
realme,Realme 15 Pro 5G,Mid-Range,5758080,72,1.5223890285696045,Value King,1,0,0,qualcomm,Snapdragon 7 Gen4,8.0,2.8,8.0,128.0,7000.0,80.0,87.5,Standard,6.8,144.0,50.0,50.0,2,Android v15,0
oppo,Oppo Find X9 Ultra,Flagship,15550080,93,1.135981882212165,Value King,1,1,1,qualcomm,Snapdragon 8 Elite Gen 5,8.0,4.6,16.0,512.0,7050.0,100.0,70.5,Standard,6.82,144.0,200.0,50.0,4,Android v16,2
poco,Poco X7 Pro 5G,Mid-Range,4607808,70,1.1744643467604154,Value King,1,1,1,mediatek,Dimensity 8400 Ultra,8.0,3.25,8.0,256.0,6550.0,90.0,72.77777777777777,Standard,6.67,120.0,50.0,20.0,2,Android v15,3
apple,Apple iPhone 16,Flagship,13420800,70,-1.609441185729365,Overpriced,1,1,0,apple,Bionic A18,6.0,4.04,8.0,128.0,3561.0,45.0,112.5,Slow Charging,6.1,120.0,48.0,12.0,2,iOS v18,3
xiaomi,Xiaomi Redmi Note 13 5G,Budget,2783616,62,1.852831403767808,Value King,1,0,1,mediatek,Dimensity 6080,8.0,2.4,6.0,128.0,5000.0,33.0,151.5151515151515,Standard,6.67,120.0,108.0,16.0,3,Android v13,3
realme,Realme 16 Pro 5G,Premium,6719808,77,0.2821243880811019,Average Value,1,0,0,mediatek,Dimensity 7300 Max,8.0,2.5,8.0,128.0,7000.0,80.0,87.5,Standard,6.78,144.0,200.0,50.0,2,Android v16,0
motorola,Motorola Edge 70 Pro,Premium,6143808,72,-0.4987556146433743,Average Value,1,1,0,unknown,Octa Core Processor,8.0,2.5,8.0,256.0,6500.0,100.0,65.0,Super Fast,6.7,120.0,50.0,50.0,3,Android v15,0
oneplus,OnePlus 15R 5G,Premium,9695808,83,1.2191803913504735,Value King,1,1,1,qualcomm,Snapdragon 8 Gen5,8.0,3.84,12.0,256.0,7400.0,80.0,92.5,Standard,6.83,165.0,50.0,32.0,2,Android v16,2
oneplus,OnePlus Nord 6 5G (12GB RAM +256GB),Premium,8063808,83,1.2191803913504735,Value King,1,1,1,qualcomm,Snapdragon 8s Gen4,8.0,3.2,12.0,256.0,9000.0,80.0,112.5,Standard,6.78,165.0,50.0,32.0,2,Android v16,3
samsung,Samsung Galaxy A07 5G,Budget,2534400,57,0.9852561984801465,Average Value,1,0,0,mediatek,Dimensity 6300,8.0,2.4,4.0,128.0,6000.0,25.0,240.0,Slow Charging,6.74,120.0,50.0,8.0,2,Android v16,1
xiaomi,Xiaomi Redmi Note 15 5G,Mid-Range,4799808,70,1.1744643467604154,Value King,1,1,1,qualcomm,Snapdragon 6 Gen3,8.0,2.4,8.0,128.0,5520.0,45.0,122.66666666666669,Standard,6.77,120.0,108.0,20.0,2,Android v15,3
vivo,Vivo V60 5G,Premium,7103808,77,0.2821243880811019,Average Value,1,1,1,qualcomm,Snapdragon 7 Gen4,8.0,2.8,8.0,128.0,6500.0,90.0,72.22222222222223,Standard,6.77,120.0,50.0,50.0,3,Android v15,0
motorola,Motorola Edge 70 Fusion 5G (8GB RAM + 256 GB),Mid-Range,5738880,72,1.5223890285696045,Value King,1,1,0,qualcomm,Snapdragon 7s Gen4,8.0,2.7,8.0,256.0,7000.0,68.0,102.94117647058825,Standard,6.78,144.0,50.0,32.0,3,Android v16,3
realme,Realme P3 5G,Mid-Range,3071808,61,-0.3911967213809342,Average Value,1,1,0,qualcomm,Snapdragon 6 Gen4,8.0,2.3,6.0,128.0,6000.0,45.0,133.33333333333334,Standard,6.67,120.0,50.0,16.0,2,Android v15,1
motorola,Motorola Moto G64 5G,Budget,2687808,59,1.3322862805952111,Value King,1,0,0,mediatek,Dimensity 7025,8.0,2.5,8.0,128.0,6000.0,33.0,181.8181818181818,Standard,6.5,120.0,50.0,16.0,2,Android v14,1
samsung,Samsung Galaxy M56 5G,Mid-Range,4223808,58,-0.9130837440947176,Average Value,1,0,0,samsung,Exynos 1480,8.0,2.7,8.0,128.0,5000.0,45.0,111.11111111111111,Standard,6.74,120.0,50.0,12.0,3,Android v15,3
oneplus,OnePlus Nord CE 5 5G,Mid-Range,4799808,70,1.1744643467604154,Value King,1,0,1,mediatek,Dimensity 8350 Apex,8.0,3.35,8.0,128.0,7100.0,80.0,88.75,Standard,6.77,120.0,50.0,16.0,2,Android v15,3
oppo,Oppo Reno 15 Pro Mini,Premium,11519808,84,1.3753563918953688,Value King,1,0,1,mediatek,Dimensity 8450,8.0,3.25,12.0,256.0,6200.0,80.0,77.5,Standard,6.32,120.0,200.0,50.0,3,Android v16,0
samsung,Samsung Galaxy M37 5G,Mid-Range,3454080,58,-0.9130837440947176,Average Value,1,1,0,samsung,Octa Core Processor,8.0,2.5,8.0,128.0,5000.0,45.0,111.11111111111111,Standard,6.67,120.0,50.0,16.0,3,Android v16,3
xiaomi,Xiaomi Redmi Turbo 4 Pro,Mid-Range,4606080,76,2.218238392187982,Performance Beast,1,1,1,qualcomm,Snapdragon 8s Gen4,8.0,3.2,12.0,256.0,7550.0,90.0,83.88888888888889,Standard,6.83,120.0,50.0,20.0,2,Android v15,3
realme,Realme Narzo 90,Mid-Range,3647808,62,-0.2172343804763398,Average Value,1,0,0,mediatek,Dimensity 6400 Max,8.0,2.5,6.0,128.0,7000.0,60.0,116.66666666666669,Standard,6.57,120.0,50.0,50.0,2,Android v15,0
oppo,OPPO K15,Mid-Range,4607808,63,-0.0432720395717453,Average Value,1,0,1,unknown,Octa Core Processor,8.0,2.5,8.0,128.0,7500.0,100.0,75.0,Standard,6.67,120.0,50.0,32.0,2,Android v16,3
tecno,Tecno Camon 40 Pro 5G,Mid-Range,4990080,66,0.4786149831420379,Average Value,1,1,1,mediatek,Dimensity 7300,8.0,2.5,8.0,256.0,5200.0,45.0,115.55555555555556,Standard,6.78,144.0,50.0,50.0,2,Android v15,0
samsung,Samsung Galaxy A35 5G,Mid-Range,5182080,63,-0.0432720395717453,Average Value,1,1,0,samsung,Exynos 1380,8.0,2.4,8.0,128.0,5000.0,25.0,200.0,Standard,6.6,120.0,50.0,13.0,3,Android v14,3
apple,Apple iPhone 17 Pro Max,Flagship,28780800,81,-0.2964127619312419,Average Value,1,1,0,apple,Apple A19 Pro,6.0,2.5,12.0,256.0,4832.0,45.0,112.5,Slow Charging,6.9,120.0,48.0,18.0,3,iOS v26,3
vivo,Vivo X300,Flagship,14591616,86,0.3004183397951776,Average Value,1,1,1,mediatek,Dimensity 9500,8.0,4.21,12.0,256.0,6040.0,90.0,67.11111111111111,Super Fast,6.31,120.0,200.0,50.0,3,Android v16,2
nothing,Nothing Phone 3a,Mid-Range,4799808,67,0.6525773240466323,Average Value,1,1,0,qualcomm,Snapdragon 7s Gen3,8.0,2.5,8.0,128.0,5000.0,50.0,100.0,Standard,6.77,120.0,50.0,32.0,3,Android v15,3
vivo,Vivo T4 5G,Mid-Range,4665408,67,0.6525773240466323,Average Value,1,0,1,qualcomm,Snapdragon 7s Gen3,8.0,2.5,8.0,128.0,7300.0,90.0,81.11111111111111,Standard,6.77,120.0,50.0,32.0,2,Android v15,3
vivo,Vivo V70 Elite 5G (12GB RAM + 256GB),Premium,10943808,85,1.5315323924402642,Value King,1,1,1,qualcomm,Snapdragon 8s Gen3,8.0,3.0,12.0,256.0,6500.0,90.0,72.22222222222223,Standard,6.59,120.0,50.0,50.0,3,Android v16,0
iqoo,iQOO 15,Flagship,14015616,93,1.135981882212165,Value King,1,1,1,qualcomm,Snapdragon 8 Elite Gen 5,8.0,4.6,12.0,256.0,7000.0,100.0,70.0,Standard,6.85,144.0,50.0,32.0,3,Android v16,2
oppo,Oppo K12s,Budget,2494080,64,2.199861485882873,Performance Beast,1,1,1,qualcomm,Snapdragon 6 Gen4,8.0,2.3,8.0,128.0,7000.0,80.0,87.5,Standard,6.67,120.0,50.0,16.0,2,Android v15,3
samsung,Samsung Galaxy A17 5G,Mid-Range,3628800,58,-0.9130837440947176,Average Value,1,1,0,samsung,Exynos 1330,8.0,2.4,6.0,128.0,5000.0,25.0,200.0,Standard,6.7,90.0,50.0,13.0,3,Android v15,1
vivo,Vivo V70 FE 5G (12GB RAM + 256GB),Premium,8639808,81,0.9068283902606832,Average Value,1,1,1,mediatek,Dimensity 7360 Turbo,8.0,2.5,12.0,256.0,7000.0,90.0,77.77777777777777,Standard,6.83,120.0,200.0,50.0,2,Android v16,0
iqoo,iQOO Z11 Turbo,Premium,6142080,79,0.5944763891708925,Average Value,1,1,1,qualcomm,Snapdragon 8 Gen5,8.0,3.8,12.0,256.0,7600.0,100.0,76.0,Standard,6.59,144.0,200.0,32.0,2,Android v16,2
oppo,OPPO Reno 14 5G,Premium,7679808,76,0.1259483875362067,Average Value,1,0,1,mediatek,Dimensity 8350,8.0,3.35,8.0,256.0,6000.0,80.0,75.0,Standard,6.59,120.0,50.0,50.0,3,Android v15,0
xiaomi,Xiaomi Redmi 14C 5G,Budget,1823808,52,0.1176809931924845,Average Value,1,0,0,qualcomm,Snapdragon 4 Gen2,8.0,2.2,4.0,64.0,5160.0,18.0,286.6666666666667,Slow Charging,6.88,120.0,50.0,8.0,2,Android v14,1
apple,Apple iPhone 15,Premium,11500800,64,-1.7481636190025365,Overpriced,1,1,0,apple,Bionic A16,6.0,3.46,6.0,128.0,3349.0,45.0,112.5,Slow Charging,6.1,120.0,48.0,12.0,2,iOS v17,3
vivo,Vivo T5x 5G (8GB RAM + 128GB),Mid-Range,4031808,67,0.6525773240466323,Average Value,1,0,1,mediatek,Dimensity 7400 Turbo,8.0,2.6,8.0,128.0,7200.0,44.0,163.63636363636363,Standard,6.76,120.0,50.0,32.0,2,Android v16,3
lava,Lava Bold 5G,Budget,2111808,59,1.3322862805952111,Value King,1,0,0,mediatek,Dimensity 6300,8.0,2.4,4.0,128.0,5000.0,33.0,151.5151515151515,Standard,6.67,120.0,64.0,16.0,2,Android v14,1
nothing,Nothing Phone 4a,Premium,6143808,71,-0.6549316151882696,Average Value,1,1,0,qualcomm,Snapdragon 7s Gen4,8.0,2.7,8.0,128.0,5400.0,50.0,108.0,Standard,6.78,120.0,50.0,32.0,3,Android v16,3
oneplus,OnePlus Turbo 6,Mid-Range,5759808,75,2.044276051283388,Performance Beast,1,1,1,qualcomm,Snapdragon 8s Gen4,8.0,3.2,12.0,256.0,9000.0,80.0,112.5,Standard,6.78,165.0,50.0,16.0,2,Android v16,3
samsung,Samsung Galaxy A27 5G,Mid-Range,5759808,62,-0.2172343804763398,Average Value,1,1,0,samsung,Octa Core Processor,8.0,2.5,6.0,128.0,5500.0,25.0,220.0,Slow Charging,6.74,120.0,50.0,13.0,3,Android v16,3
samsung,Samsung Galaxy A57 5G,Premium,10943808,74,-0.1864036135535838,Average Value,1,1,0,samsung,Exynos 1680,8.0,2.9,8.0,256.0,5000.0,45.0,111.11111111111111,Standard,6.7,120.0,50.0,12.0,3,Android v16,3
honor,Honor Magic 8 Pro Air,Premium,9598080,76,0.1259483875362067,Average Value,1,1,0,mediatek,Dimensity 9500,8.0,4.21,12.0,256.0,5500.0,80.0,68.75,Super Fast,6.31,120.0,64.0,50.0,3,Android v16,0
vivo,Vivo Y31d,Budget,2302080,55,0.6382261163650816,Average Value,0,0,1,qualcomm,Snapdragon 6s Gen 2 4G,8.0,2.9,6.0,128.0,7200.0,444.0,16.216216216216218,Super Fast,6.75,120.0,50.0,8.0,2,Android v16,3
samsung,SAMSUNG Galaxy S26 5G,Flagship,14553600,77,-0.7738776433123776,Average Value,1,1,0,samsung,Exynos 2600,10.0,3.8,12.0,256.0,4300.0,25.0,172.0,Standard,6.3,120.0,50.0,12.0,3,Android v16,3
xiaomi,Xiaomi Redmi Note 15 Pro 5G,Mid-Range,5567808,72,1.5223890285696045,Value King,1,0,1,mediatek,Dimensity 7400 Ultra,8.0,2.6,8.0,128.0,6580.0,45.0,146.22222222222223,Standard,6.83,120.0,200.0,20.0,2,Android v15,3
xiaomi,Xiaomi Redmi Note 14 SE 5G,Mid-Range,3455808,64,0.130690301332849,Average Value,1,0,1,mediatek,Dimensity 7025 Ultra,8.0,2.5,6.0,128.0,5110.0,45.0,113.55555555555556,Standard,6.67,120.0,50.0,20.0,3,Android v14,3
google,Google Pixel 9A,Premium,7679808,68,-1.1234596168229554,Overpriced,1,1,0,google,Tensor G4,8.0,3.1,8.0,256.0,5100.0,23.0,221.7391304347826,Slow Charging,6.3,120.0,48.0,13.0,2,Android v15,3
motorola,Motorola Edge 60 Stylus,Mid-Range,3984000,67,0.6525773240466323,Average Value,1,1,0,qualcomm,Snapdragon 7s Gen2,8.0,2.4,8.0,256.0,5000.0,68.0,73.52941176470588,Standard,6.7,120.0,50.0,32.0,2,Android v15,3
motorola,Motorola Signature,Premium,10174080,86,1.6877083929851595,Value King,1,1,0,qualcomm,Snapdragon 8 Gen5,8.0,3.8,12.0,256.0,5200.0,90.0,57.77777777777778,Super Fast,6.8,165.0,50.0,50.0,3,Android v16,0
iqoo,iQOO Neo 10R,Premium,6142080,72,-0.4987556146433743,Average Value,1,0,1,qualcomm,Snapdragon 8s Gen3,8.0,3.0,8.0,128.0,6400.0,80.0,80.0,Standard,6.78,144.0,50.0,32.0,2,Android v15,3
motorola,Motorola Edge 70 5G,Mid-Range,5758080,75,2.044276051283388,Performance Beast,1,1,0,qualcomm,Snapdragon 7 Gen4,8.0,2.8,8.0,256.0,5000.0,68.0,73.52941176470588,Standard,6.7,120.0,50.0,50.0,2,Android v16,0
poco,Poco M7 Plus 5G,Mid-Range,3017472,59,-0.7391214031901231,Average Value,1,0,1,qualcomm,Snapdragon 6s Gen3,8.0,2.3,6.0,128.0,7000.0,33.0,212.12121212121207,Slow Charging,6.9,144.0,50.0,8.0,1,Android v15,1
samsung,Samsung Galaxy M57 5G,Mid-Range,5758080,62,-0.2172343804763398,Average Value,1,0,0,samsung,Exynos,8.0,2.5,8.0,128.0,5500.0,45.0,122.22222222222224,Standard,6.77,120.0,50.0,16.0,3,Android v16,3
poco,Poco M7 Pro 5G,Budget,2879808,61,1.6793163627102758,Value King,1,0,1,mediatek,Dimensity 7025 Ultra,8.0,2.5,6.0,128.0,5110.0,45.0,113.55555555555556,Standard,6.67,120.0,50.0,20.0,2,Android v14,3
oppo,OPPO Reno 15 5G,Premium,8831808,79,0.5944763891708925,Average Value,1,0,1,qualcomm,Snapdragon 7 Gen4,8.0,2.8,8.0,256.0,6500.0,80.0,81.25,Standard,6.59,120.0,50.0,50.0,3,Android v16,0
apple,Apple iPhone 15 Plus,Premium,11518848,66,-1.435811617912746,Overpriced,1,1,0,apple,Bionic A16,6.0,3.46,6.0,128.0,4383.0,45.0,112.5,Slow Charging,6.7,120.0,48.0,12.0,2,iOS v17,3
oppo,OPPO K15 Pro,Premium,8255808,75,-0.0302276130086885,Average Value,1,1,1,mediatek,Dimensity 8500,8.0,3.4,12.0,256.0,7500.0,80.0,93.75,Standard,6.59,144.0,50.0,16.0,2,Android v16,3
google,Google Pixel 10 5G (128GB),Premium,11518080,74,-0.1864036135535838,Average Value,1,1,0,google,Tensor G5,8.0,3.78,12.0,128.0,4970.0,30.0,165.66666666666666,Standard,6.3,120.0,48.0,10.5,3,Android v16,3
vivo,Vivo X200 FE,Premium,10559808,84,1.3753563918953688,Value King,1,1,1,mediatek,Dimensity 9300 Plus,8.0,3.25,12.0,256.0,6500.0,90.0,72.22222222222223,Standard,6.31,120.0,50.0,50.0,3,Android v15,0
realme,Realme Neo 8,Mid-Range,5758080,76,2.218238392187982,Performance Beast,1,1,1,qualcomm,Snapdragon 8 Gen5,8.0,3.8,12.0,256.0,8000.0,80.0,100.0,Standard,6.78,165.0,50.0,16.0,3,Android v16,3
realme,Realme P1 5G,Budget,2687808,58,1.1587712395376788,Value King,1,0,0,mediatek,Dimensity 7050,8.0,2.6,6.0,128.0,5000.0,45.0,111.11111111111111,Standard,6.67,120.0,50.0,16.0,2,Android v14,3
samsung,Samsung Galaxy M36 5G (8GB RAM + 128GB),Mid-Range,3254400,59,-0.7391214031901231,Average Value,1,0,0,samsung,Exynos 1380,8.0,2.4,8.0,128.0,5000.0,25.0,200.0,Standard,6.7,120.0,50.0,13.0,3,Android v15,3
samsung,Samsung Galaxy M17e 5G,Budget,2495808,54,0.4647110753075493,Average Value,1,0,0,mediatek,Dimensity 6300,8.0,2.4,4.0,128.0,6000.0,25.0,240.0,Slow Charging,6.7,120.0,50.0,8.0,2,Android v16,1
poco,Poco X8 Pro Max,Premium,8255808,83,1.2191803913504735,Value King,1,0,1,mediatek,Dimensity 9500s,8.0,3.73,12.0,256.0,9000.0,100.0,90.0,Standard,6.83,120.0,50.0,20.0,2,Android v16,3
motorola,Motorola Moto G45 5G (8GB RAM + 128GB),Budget,2355648,55,0.6382261163650816,Average Value,1,0,0,qualcomm,Snapdragon 6s Gen3,8.0,2.3,8.0,128.0,5000.0,20.0,250.0,Slow Charging,6.5,120.0,50.0,16.0,2,Android v14,1
oneplus,OnePlus 13R 5G,Premium,8063808,79,0.5944763891708925,Average Value,1,1,1,qualcomm,Snapdragon 8 Gen3,8.0,3.3,12.0,256.0,6000.0,80.0,75.0,Standard,6.78,120.0,50.0,16.0,3,Android v15,3
samsung,Samsung Galaxy S24 FE 5G,Premium,7775808,70,-0.8111076157331649,Average Value,1,1,0,samsung,Exynos 2400e,10.0,3.11,8.0,128.0,4700.0,25.0,188.0,Standard,6.7,120.0,50.0,10.0,3,Android v14,3
oneplus,OnePlus 16,Flagship,17278080,90,0.7778832211763133,Average Value,1,1,1,qualcomm,Snapdragon 8 Elite Gen 6 Pro,8.0,2.5,12.0,256.0,9000.0,150.0,60.0,Super Fast,6.82,240.0,200.0,50.0,3,Android v16,0
tecno,Tecno Pova 7 5G,Budget,2879808,61,1.6793163627102758,Value King,1,1,1,mediatek,Dimensity 7300 Ultimate,8.0,2.5,8.0,128.0,6000.0,45.0,133.33333333333334,Standard,6.78,144.0,50.0,13.0,2,Android v15,3
realme,Realme GT 7,Premium,7080960,83,1.2191803913504735,Value King,1,1,1,mediatek,Dimensity 9400e,8.0,3.4,8.0,256.0,7000.0,120.0,58.333333333333336,Super Fast,6.78,120.0,50.0,32.0,3,Android v15,3
cmf,CMF Phone 3 Pro,Mid-Range,4798080,63,-0.0432720395717453,Average Value,1,0,0,unknown,Octa Core Processor,8.0,2.5,8.0,128.0,6000.0,48.0,125.0,Standard,6.81,144.0,50.0,32.0,3,Android v16,3
oppo,Oppo F31 5G,Mid-Range,5183808,64,0.130690301332849,Average Value,1,0,1,mediatek,Dimensity 6300,8.0,2.4,8.0,128.0,7000.0,80.0,87.5,Standard,6.57,120.0,50.0,16.0,2,Android v15,3
realme,Realme 16 5G (8GB RAM + 256GB),Premium,6527808,70,-0.8111076157331649,Average Value,1,0,0,mediatek,Dimensity 6400 Turbo,8.0,2.5,8.0,256.0,7000.0,60.0,116.66666666666669,Standard,6.57,120.0,50.0,50.0,2,Android v16,0
vivo,Vivo X200T,Premium,11519808,88,2.00006039407495,Performance Beast,1,1,1,mediatek,Dimensity 9400 Plus,8.0,3.63,12.0,256.0,6200.0,90.0,68.88888888888889,Super Fast,6.67,120.0,50.0,32.0,3,Android v16,2
samsung,Samsung Galaxy F05,Budget,1247808,44,-1.2704393352677743,Overpriced,0,0,0,mediatek,Helio G85,8.0,2.0,4.0,64.0,5000.0,25.0,200.0,Standard,6.74,120.0,50.0,8.0,2,Android v14,1
vivo,Vivo V70 FE 5G (8GB RAM + 256GB),Premium,7871808,80,0.7506523897157878,Average Value,1,1,1,mediatek,Dimensity 7360 Turbo,8.0,2.5,8.0,256.0,7000.0,90.0,77.77777777777777,Standard,6.83,120.0,200.0,50.0,2,Android v16,0
google,Google Pixel 10A,Premium,9116160,76,0.1259483875362067,Average Value,1,1,0,google,Tensor G4,8.0,3.1,8.0,256.0,5100.0,30.0,170.0,Standard,6.3,120.0,48.0,13.0,2,Android v16,3
vivo,Vivo X300 Pro 5G,Flagship,21119616,95,1.3747143229027328,Value King,1,1,1,mediatek,Dimensity 9500,8.0,4.21,16.0,512.0,6510.0,90.0,72.33333333333333,Standard,6.78,120.0,200.0,50.0,3,Android v16,2
xiaomi,Xiaomi Redmi 15 5G,Mid-Range,3167808,61,-0.3911967213809342,Average Value,1,0,1,qualcomm,Snapdragon 6s Gen3,8.0,2.3,6.0,128.0,7000.0,33.0,212.12121212121207,Slow Charging,6.9,144.0,50.0,8.0,2,Android v15,1
cmf,CMF Phone 2 Pro,Mid-Range,3647808,62,-0.2172343804763398,Average Value,1,0,0,mediatek,Dimensity 7300 Pro,8.0,2.5,8.0,128.0,5000.0,33.0,151.5151515151515,Standard,6.77,120.0,50.0,16.0,3,Android v15,3
motorola,Motorola Moto G67 Power 5G (8GB RAM + 256GB),Mid-Range,3839808,64,0.130690301332849,Average Value,1,0,0,qualcomm,Snapdragon 7s Gen2,8.0,2.4,8.0,256.0,7000.0,30.0,233.3333333333333,Slow Charging,6.7,120.0,50.0,32.0,2,Android v15,3
apple,Apple iPhone 16 Pro,Flagship,19966080,75,-1.0126100840029455,Overpriced,1,1,0,apple,Bionic A18 Pro,6.0,4.05,8.0,128.0,3582.0,45.0,112.5,Slow Charging,6.3,120.0,48.0,12.0,3,iOS v18,3
samsung,Samsung Galaxy A37 5G,Premium,7487808,67,-1.2796356173678507,Overpriced,1,1,0,samsung,Exynos 1480,8.0,2.7,8.0,128.0,5000.0,45.0,111.11111111111111,Standard,6.7,120.0,50.0,12.0,3,Android v16,3
honor,Honor Robot Phone,Flagship,19198080,85,0.1810521194498937,Average Value,1,1,1,unknown,Octa Core Processor,8.0,2.5,12.0,512.0,7000.0,120.0,58.333333333333336,Super Fast,6.71,120.0,200.0,50.0,2,Android v16,2
tecno,Tecno Spark Go 5G,Budget,1919808,52,0.1176809931924845,Average Value,1,0,1,mediatek,Dimensity 6400,8.0,2.5,4.0,128.0,6000.0,18.0,333.3333333333333,Slow Charging,6.74,120.0,50.0,5.0,1,Android v15,1
xiaomi,Xiaomi Redmi Note 15 SE 5G (8GB RAM + 128GB),Mid-Range,4223808,66,0.4786149831420379,Average Value,1,0,1,qualcomm,Snapdragon 6 Gen3,8.0,2.4,8.0,128.0,5800.0,45.0,128.88888888888889,Standard,6.77,120.0,50.0,20.0,2,Android v15,3
iqoo,iQOO Neo 11,Premium,7678080,81,0.9068283902606832,Average Value,1,1,1,qualcomm,Snapdragon 8 Elite,8.0,4.32,12.0,256.0,7500.0,100.0,75.0,Standard,6.78,144.0,50.0,16.0,2,Android v16,3
iqoo,iQOO Z11x 5G (8GB RAM + 256GB),Mid-Range,4415808,67,0.6525773240466323,Average Value,1,0,1,mediatek,Dimensity 7400 Turbo,8.0,2.6,8.0,256.0,7200.0,44.0,163.63636363636363,Standard,6.76,120.0,50.0,32.0,2,Android v16,3
oneplus,OnePlus 15 5G (16GB RAM + 512GB),Flagship,15359808,95,1.3747143229027328,Value King,1,1,1,qualcomm,Snapdragon 8 Elite Gen 5,8.0,4.6,16.0,512.0,7300.0,120.0,60.833333333333336,Super Fast,6.78,165.0,50.0,32.0,3,Android v16,2
realme,Realme Narzo 80x 5G (8GB RAM + 128GB),Budget,2687808,58,1.1587712395376788,Value King,1,0,0,mediatek,Dimensity 6400,8.0,2.5,8.0,128.0,6000.0,45.0,133.33333333333334,Standard,6.72,120.0,50.0,8.0,2,Android v15,1
vivo,Vivo V60e,Premium,6143808,75,-0.0302276130086885,Average Value,1,1,1,mediatek,Dimensity 7360 Turbo,8.0,2.5,8.0,128.0,6500.0,90.0,72.22222222222223,Standard,6.77,120.0,200.0,50.0,2,Android v15,0
iqoo,iQOO Z10 5G,Mid-Range,4799616,67,0.6525773240466323,Average Value,1,0,1,qualcomm,Snapdragon 7s Gen3,8.0,2.5,8.0,128.0,7300.0,90.0,81.11111111111111,Standard,6.77,120.0,50.0,32.0,2,Android v15,3
honor,Honor WIN RT,Premium,6719808,76,0.1259483875362067,Average Value,1,1,1,qualcomm,Snapdragon 8 Elite,8.0,4.32,12.0,256.0,10000.0,100.0,100.0,Standard,6.83,185.0,50.0,50.0,2,Android v16,0
samsung,Samsung Galaxy A36 5G,Mid-Range,5750976,64,0.130690301332849,Average Value,1,1,0,qualcomm,Snapdragon 6 Gen3,8.0,2.4,8.0,128.0,5000.0,45.0,111.11111111111111,Standard,6.7,120.0,50.0,12.0,3,Android v15,3
iqoo,iQOO Neo 10,Premium,6910080,77,0.2821243880811019,Average Value,1,1,1,qualcomm,Snapdragon 8s Gen4,8.0,3.2,8.0,128.0,7000.0,120.0,58.333333333333336,Super Fast,6.78,144.0,50.0,32.0,2,Android v15,3
samsung,Samsung Galaxy S25 5G,Flagship,14399808,79,-0.5351452026218098,Average Value,1,1,0,qualcomm,Snapdragon 8Elite,8.0,4.47,12.0,256.0,4000.0,25.0,160.0,Standard,6.2,120.0,50.0,12.0,3,Android v15,3
oneplus,OnePlus 13s 5G,Premium,10175808,80,0.7506523897157878,Average Value,1,1,1,qualcomm,Snapdragon 8 Elite,8.0,4.32,12.0,256.0,5850.0,80.0,73.125,Standard,6.32,120.0,50.0,32.0,2,Android v15,2
oppo,Oppo K13 (8GB RAM + 256GB),Mid-Range,4104960,63,-0.0432720395717453,Average Value,1,0,1,qualcomm,Snapdragon 6 Gen4,8.0,2.3,8.0,256.0,7000.0,80.0,87.5,Standard,6.67,120.0,50.0,16.0,2,Android v15,3
oppo,OPPO K14x 5G,Budget,2879808,54,0.4647110753075493,Average Value,1,0,0,mediatek,Dimensity 6300,8.0,2.4,4.0,128.0,6500.0,45.0,144.44444444444446,Standard,6.75,120.0,50.0,5.0,2,Android v15,1
vivo,Vivo T4R 5G,Mid-Range,4377216,66,0.4786149831420379,Average Value,1,0,0,mediatek,Dimensity 7400,8.0,2.6,8.0,128.0,5700.0,44.0,129.54545454545453,Standard,6.77,120.0,50.0,32.0,2,Android v15,3
oppo,Oppo K13 Turbo,Mid-Range,5097600,68,0.8265396649512267,Average Value,1,0,1,mediatek,Dimensity 8450,8.0,3.25,8.0,128.0,7000.0,80.0,87.5,Standard,6.8,120.0,50.0,16.0,2,Android v15,3
motorola,Motorola Moto G05,Budget,1401408,49,-0.4028641299801125,Average Value,0,1,0,mediatek,Helio G81 Ultra,8.0,2.0,4.0,64.0,5200.0,18.0,288.8888888888889,Slow Charging,6.67,90.0,50.0,8.0,1,Android v15,1
vivo,Vivo T4 Pro 5G (8GB RAM + 256GB),Mid-Range,5614080,71,1.34842668766501,Value King,1,0,1,qualcomm,Snapdragon 7 Gen4,8.0,2.8,8.0,256.0,6500.0,90.0,72.22222222222223,Standard,6.77,120.0,50.0,32.0,3,Android v15,3
samsung,Samsung Galaxy S24 Ultra,Flagship,21119808,85,0.1810521194498937,Average Value,1,1,0,qualcomm,Snapdragon 8 Gen3,8.0,3.3,12.0,256.0,5000.0,45.0,111.11111111111111,Standard,6.8,120.0,200.0,12.0,4,Android v14,2
vivo,Vivo Y400 Pro 5G,Mid-Range,4991808,63,-0.0432720395717453,Average Value,1,0,1,mediatek,Dimensity 7300,8.0,2.5,8.0,128.0,5500.0,90.0,61.11111111111112,Super Fast,6.77,120.0,50.0,32.0,2,Android v15,3
samsung,Samsung Galaxy M14 4G,Budget,1492416,48,-0.5763791710376449,Average Value,0,0,0,qualcomm,Snapdragon 680,8.0,2.4,4.0,64.0,5000.0,25.0,200.0,Standard,6.72,90.0,50.0,13.0,3,Android v13,1
xiaomi,Xiaomi Redmi Note 15 Pro Plus,Premium,7103808,79,0.5944763891708925,Average Value,1,1,1,qualcomm,Snapdragon 7s Gen4,8.0,2.7,8.0,256.0,6500.0,100.0,65.0,Super Fast,6.83,120.0,200.0,32.0,2,Android v15,0
vivo,Vivo T4 Ultra,Premium,7236480,74,-0.1864036135535838,Average Value,1,1,0,mediatek,Dimensity 9300 Plus,8.0,3.25,8.0,256.0,5500.0,90.0,61.11111111111112,Super Fast,6.67,120.0,50.0,32.0,3,Android v15,3
motorola,Motorola Moto G35 5G,Budget,2591040,57,0.9852561984801465,Average Value,1,0,0,unisoc,Unisoc T760,8.0,2.2,4.0,128.0,5000.0,18.0,277.77777777777777,Slow Charging,6.72,120.0,50.0,16.0,2,Android v14,1
motorola,Motorola Edge 70 Fusion 5G (12GB RAM + 256 GB),Premium,6335808,74,-0.1864036135535838,Average Value,1,1,0,qualcomm,Snapdragon 7s Gen4,8.0,2.7,12.0,256.0,7000.0,68.0,102.94117647058825,Standard,6.78,144.0,50.0,32.0,3,Android v16,3
realme,Realme P4 Lite 5G,Budget,2591808,49,-0.4028641299801125,Average Value,1,0,0,mediatek,Dimensity 6300,8.0,2.4,4.0,64.0,7000.0,15.0,466.6666666666667,Slow Charging,6.81,144.0,13.0,5.0,1,Android v16,1
samsung,Samsung Galaxy S26 FE,Flagship,12670080,75,-1.0126100840029455,Overpriced,1,1,0,samsung,Exynos 2500,10.0,2.5,8.0,128.0,5100.0,55.0,92.72727272727272,Standard,6.73,120.0,50.0,16.0,3,Android v16,3
samsung,Samsung Galaxy M17e 5G (6GB RAM + 128GB),Budget,2874624,54,0.4647110753075493,Average Value,1,0,0,mediatek,Dimensity 6300,8.0,2.4,6.0,128.0,6000.0,25.0,240.0,Slow Charging,6.7,120.0,50.0,8.0,2,Android v16,1
oppo,OPPO K14,Mid-Range,3625728,62,-0.2172343804763398,Average Value,1,1,1,mediatek,Dimensity 6300,8.0,2.4,6.0,128.0,7000.0,45.0,155.55555555555554,Standard,6.75,120.0,50.0,8.0,2,Android v15,1
motorola,Motorola Edge 60 Fusion 5G (12GB RAM + 256GB),Mid-Range,4767744,68,0.8265396649512267,Average Value,1,0,0,mediatek,Dimensity 7400,8.0,2.5,12.0,256.0,5500.0,68.0,80.88235294117646,Standard,6.7,120.0,50.0,32.0,2,Android v15,3
samsung,Samsung Galaxy S26 Ultra (12GB RAM + 512GB),Flagship,25439808,95,1.3747143229027328,Value King,1,1,0,qualcomm,Snapdragon 8 Elite Gen 5 for Galaxy,8.0,4.74,12.0,512.0,5000.0,60.0,83.33333333333333,Standard,6.9,120.0,200.0,12.0,4,Android v16,2
vivo,Vivo Y51 Pro,Mid-Range,4799808,62,-0.2172343804763398,Average Value,1,0,1,mediatek,Dimensity 7360 Turbo,8.0,2.5,8.0,128.0,7200.0,44.0,163.63636363636363,Standard,6.75,120.0,50.0,8.0,2,Android v16,1
oppo,OPPO Reno 14 Pro 5G,Premium,8735808,85,1.5315323924402642,Value King,1,1,1,mediatek,Dimensity 8450,8.0,3.25,12.0,256.0,6200.0,80.0,77.5,Standard,6.83,120.0,50.0,50.0,3,Android v15,0
apple,Apple iPhone 17 Pro,Flagship,25900800,74,-1.1319763043482294,Overpriced,1,1,0,apple,Apple A19 Pro,6.0,2.5,12.0,256.0,3988.0,45.0,112.5,Slow Charging,6.3,120.0,48.0,18.0,3,iOS v26,3
vivo,Vivo Y37c,Budget,1535808,45,-1.096924294210242,Overpriced,1,0,0,unisoc,Unisoc T7225,8.0,2.5,6.0,128.0,5500.0,15.0,366.6666666666667,Slow Charging,6.56,90.0,13.0,5.0,2,Android v14,1
samsung,Samsung Galaxy M17 5G,Budget,2687808,54,0.4647110753075493,Average Value,1,1,0,samsung,Exynos 1330,8.0,2.4,4.0,128.0,5000.0,25.0,200.0,Standard,6.7,90.0,50.0,13.0,3,Android v15,1
nothing,Nothing Phone 3a Lite,Mid-Range,4198848,63,-0.0432720395717453,Average Value,1,1,0,mediatek,Dimensity 7300 Pro,8.0,2.5,8.0,128.0,5000.0,33.0,151.5151515151515,Standard,6.77,120.0,50.0,16.0,3,Android v15,3
vivo,Vivo V70 Elite,Premium,9983808,83,1.2191803913504735,Value King,1,1,1,qualcomm,Snapdragon 8s Gen3,8.0,3.0,8.0,256.0,6500.0,90.0,72.22222222222223,Standard,6.59,120.0,50.0,50.0,3,Android v16,0
vivo,Vivo T4 Lite 5G,Budget,2687808,52,0.1176809931924845,Average Value,1,0,0,mediatek,Dimensity 6300,8.0,2.4,4.0,128.0,6000.0,15.0,400.0,Slow Charging,6.74,90.0,50.0,5.0,2,Android v15,1
poco,Poco F7 5G,Premium,6892608,76,0.1259483875362067,Average Value,1,1,1,qualcomm,Snapdragon 8s Gen4,8.0,3.2,12.0,256.0,7550.0,90.0,83.88888888888889,Standard,6.83,120.0,50.0,20.0,2,Android v15,3
apple,Apple iPhone 13,Premium,8772480,55,-3.153747623906594,Overpriced,1,1,0,apple,Bionic A15,6.0,3.22,4.0,128.0,3240.0,45.0,112.5,Slow Charging,6.1,120.0,12.0,12.0,2,iOS v15,1
oneplus,OnePlus Turbo 6V,Mid-Range,4798080,71,1.34842668766501,Value King,1,1,1,qualcomm,Snapdragon 7s Gen 4,8.0,2.7,8.0,256.0,9000.0,80.0,112.5,Standard,6.78,144.0,50.0,16.0,2,Android v16,3
infinix,Infinix Note 60,Mid-Range,3838080,70,1.1744643467604154,Value King,1,1,1,mediatek,Dimensity 7400,8.0,2.6,8.0,128.0,6500.0,45.0,144.44444444444446,Standard,6.78,144.0,50.0,13.0,2,Android v16,3
vivo,Vivo Y31 5G,Mid-Range,3647808,57,-1.087046084999312,Overpriced,1,0,0,qualcomm,Snapdragon 4 Gen2,8.0,2.2,4.0,128.0,6500.0,44.0,147.72727272727272,Standard,6.68,120.0,50.0,8.0,1,Android v15,1
oppo,Oppo Find N6,Flagship,24958080,97,1.6134467635933007,Value King,1,1,1,qualcomm,Snapdragon 8 Elite Gen 5,8.0,4.6,12.0,256.0,6000.0,80.0,75.0,Standard,8.12,120.0,200.0,20.0,3,Android v15,2
realme,Realme 16 5G (12GB RAM + 256GB),Premium,7103808,71,-0.6549316151882696,Average Value,1,0,0,mediatek,Dimensity 6400 Turbo,8.0,2.5,12.0,256.0,7000.0,60.0,116.66666666666669,Standard,6.57,120.0,50.0,50.0,2,Android v16,0
realme,Realme P3 Ultra,Mid-Range,4991808,67,0.6525773240466323,Average Value,1,0,1,mediatek,Dimensity 8350 Ultra,8.0,3.35,8.0,128.0,6000.0,80.0,75.0,Standard,6.83,120.0,50.0,16.0,2,Android v15,3
realme,Realme GT 6 5G (16GB RAM + 512GB),Premium,6335808,77,0.2821243880811019,Average Value,1,1,1,qualcomm,Snapdragon 8s Gen3,8.0,3.0,16.0,512.0,5500.0,120.0,45.833333333333336,Super Fast,6.78,120.0,50.0,32.0,3,Android v14,2
infinix,Infinix Note 50 Pro 5G,Mid-Range,4606080,71,1.34842668766501,Value King,1,1,1,mediatek,Dimensity 7200,8.0,2.8,8.0,256.0,5000.0,65.0,76.92307692307692,Standard,6.78,144.0,50.0,50.0,3,Android v15,0
realme,Realme P4 Power 5G (8GB RAM + 256GB),Mid-Range,5366208,74,1.8703137103787928,Value King,1,0,1,mediatek,Dimensity 7400 Ultra,8.0,2.6,8.0,256.0,10001.0,80.0,125.0125,Standard,6.8,144.0,50.0,16.0,2,Android v16,3
vivo,Vivo Y05,Budget,1919808,45,-1.096924294210242,Overpriced,0,0,1,unisoc,Unisoc T7225,8.0,2.0,4.0,64.0,6500.0,45.0,112.5,Slow Charging,6.74,90.0,8.0,5.0,1,Android v16,1
vivo,Vivo V70 5G (12GB RAM + 256GB),Premium,8923200,84,1.3753563918953688,Value King,1,1,1,qualcomm,Snapdragon 7 Gen4,8.0,2.8,12.0,256.0,6500.0,90.0,72.22222222222223,Standard,6.59,120.0,50.0,50.0,3,Android v16,0
realme,Realme P4 5G (8GB RAM + 256GB),Mid-Range,4415808,67,0.6525773240466323,Average Value,1,0,1,mediatek,Dimensity 7400 Ultra,8.0,2.6,8.0,256.0,7000.0,80.0,87.5,Standard,6.77,144.0,50.0,16.0,2,Android v15,3
motorola,Motorola Edge 50 Fusion,Mid-Range,4003008,67,0.6525773240466323,Average Value,1,1,0,qualcomm,Snapdragon 7s Gen2,8.0,2.4,8.0,128.0,5000.0,68.0,73.52941176470588,Standard,6.67,144.0,50.0,32.0,2,Android v14,3
vivo,Vivo V50 5G,Mid-Range,5759808,68,0.8265396649512267,Average Value,1,0,0,qualcomm,Snapdragon 7 Gen3,8.0,2.63,8.0,128.0,6000.0,90.0,66.66666666666667,Super Fast,6.77,120.0,50.0,50.0,2,Android v15,0
xiaomi,Xiaomi Redmi Note 14 Pro 5G,Mid-Range,4223808,62,-0.2172343804763398,Average Value,1,0,1,mediatek,Dimensity 7300 Ultra,8.0,2.5,8.0,128.0,5500.0,45.0,122.22222222222224,Standard,6.67,120.0,50.0,20.0,3,Android v14,3
oppo,OPPO A6x 5G,Mid-Range,3263808,50,-2.304782471331473,Overpriced,1,0,0,mediatek,Dimensity 6300,8.0,2.4,4.0,64.0,6500.0,45.0,144.44444444444446,Standard,6.75,120.0,13.0,5.0,1,Android v15,1
apple,Apple iPhone 18 Pro Max,Flagship,34540800,77,-0.7738776433123776,Average Value,1,1,0,samsung,A20 Pro,8.0,2.5,12.0,256.0,5200.0,45.0,115.55555555555556,Standard,6.9,165.0,200.0,32.0,4,iOS v27,2
redmagic,RedMagic 11 Pro Plus,Flagship,13438080,80,-0.4157789822765259,Average Value,1,1,1,qualcomm,Snapdragon 8 Elite Gen 5,8.0,4.6,12.0,256.0,7500.0,120.0,62.5,Super Fast,6.85,144.0,50.0,16.0,3,Android v16,2
infinix,Infinix Note 50X 5G,Budget,2591808,55,0.6382261163650816,Average Value,1,0,1,mediatek,Dimensity 7300 Ultimate,8.0,2.5,6.0,128.0,5500.0,45.0,122.22222222222224,Standard,6.67,120.0,50.0,8.0,2,Android v15,1
vivo,Vivo X400,Flagship,15358080,84,0.0616858991046097,Average Value,1,1,1,unknown,Octa Core Processor,8.0,2.5,12.0,256.0,7000.0,100.0,70.0,Standard,6.45,120.0,200.0,50.0,3,Android v17,0
honor,Honor 600 Lite 5G,Premium,5951808,66,-1.435811617912746,Overpriced,1,1,0,mediatek,Dimensity 7100,8.0,2.4,8.0,256.0,6520.0,45.0,144.88888888888889,Standard,6.6,120.0,108.0,16.0,2,Android v16,3
xiaomi,Xiaomi Redmi 15C 5G,Budget,2879808,55,0.6382261163650816,Average Value,1,0,0,mediatek,Dimensity 6300,8.0,2.4,4.0,128.0,6000.0,33.0,181.8181818181818,Standard,6.9,120.0,50.0,8.0,2,Android v15,1
xiaomi,Xiaomi Redmi Note 16,Mid-Range,3646080,68,0.8265396649512267,Average Value,0,0,1,mediatek,Dimensity 6300,8.0,2.4,8.0,128.0,10000.0,100.0,100.0,Standard,6.82,120.0,200.0,32.0,3,Android v16,0
infinix,Infinix Hot 50 5G,Budget,1919808,53,0.2911960342500169,Average Value,1,0,0,mediatek,Dimensity 6300,8.0,2.4,4.0,128.0,5000.0,18.0,277.77777777777777,Slow Charging,6.7,120.0,48.0,8.0,2,Android v14,1
iqoo,iQOO Z10x,Mid-Range,3263616,57,-1.087046084999312,Overpriced,1,0,1,mediatek,Dimensity 7300,8.0,2.5,6.0,128.0,6500.0,44.0,147.72727272727272,Standard,6.72,120.0,50.0,8.0,2,Android v15,1
xiaomi,Xiaomi 17 Ultra,Flagship,26879808,94,1.2553481025574489,Value King,1,1,1,qualcomm,Snapdragon 8 Elite Gen 5,8.0,4.6,16.0,512.0,6000.0,90.0,66.66666666666667,Super Fast,6.9,120.0,200.0,50.0,3,Android v16,2
samsung,Samsung Galaxy S24 5G (Snapdragon +256GB),Premium,10751808,72,-0.4987556146433743,Average Value,1,1,0,qualcomm,Snapdragon 8 Gen3,8.0,3.3,8.0,256.0,4000.0,25.0,160.0,Standard,6.2,120.0,50.0,12.0,3,Android v15,3
oppo,Oppo F31 Pro Plus 5G,Premium,6335808,70,-0.8111076157331649,Average Value,1,0,0,qualcomm,Snapdragon 7 Gen3,8.0,2.63,8.0,256.0,7000.0,80.0,87.5,Standard,6.8,120.0,50.0,32.0,2,Android v15,3
poco,Poco C85x,Budget,2111808,53,0.2911960342500169,Average Value,1,0,0,unisoc,Unisoc T8300,8.0,2.2,4.0,64.0,6300.0,15.0,420.0,Slow Charging,6.9,120.0,32.0,8.0,1,Android v16,1
lava,Lava Yuva Smart,Budget,979008,39,-2.138014540555436,Overpriced,0,0,0,unisoc,Unisoc SC9863A,8.0,1.6,3.0,64.0,5000.0,10.0,500.0,Slow Charging,6.75,120.0,13.0,5.0,2,Android v14,1
red,Red Magic 11 Pro,Flagship,11710080,86,0.3004183397951776,Average Value,1,1,1,qualcomm,Snapdragon 8 Elite Gen 5,8.0,4.6,12.0,256.0,8000.0,80.0,100.0,Standard,6.85,144.0,50.0,16.0,3,Android v16,2
oneplus,OnePlus Nord 5 (12GB RAM + 512GB),Premium,7679808,79,0.5944763891708925,Average Value,1,1,1,qualcomm,Snapdragon 8s Gen3,8.0,3.0,12.0,512.0,6800.0,80.0,85.0,Standard,6.83,144.0,50.0,50.0,2,Android v15,2
oppo,Oppo F31 Pro 5G,Mid-Range,5375808,66,0.4786149831420379,Average Value,1,0,0,mediatek,Dimensity 7300 Energy,8.0,2.5,8.0,128.0,7000.0,80.0,87.5,Standard,6.57,120.0,50.0,32.0,2,Android v15,3
motorola,Motorola Razr 60 Ultra,Flagship,15359808,98,1.7328129839385846,Value King,1,1,0,qualcomm,Snapdragon 8 Elite,8.0,4.32,16.0,512.0,4700.0,68.0,69.11764705882354,Super Fast,6.96,165.0,50.0,50.0,2,Android v15,2
xiaomi,Xiaomi Redmi Note 14,Mid-Range,3167808,62,-0.2172343804763398,Average Value,1,0,1,mediatek,Dimensity 7025 Ultra,8.0,2.5,6.0,128.0,5110.0,45.0,113.55555555555556,Standard,6.67,120.0,50.0,20.0,3,Android v14,3
realme,Realme P5 5G,Mid-Range,3838080,63,-0.0432720395717453,Average Value,1,0,1,unknown,Octa Core Processor,8.0,2.5,6.0,128.0,7500.0,100.0,75.0,Standard,6.77,144.0,50.0,16.0,2,Android v16,3
realme,Realme 14 Pro Plus (8GB RAM + 256GB),Mid-Range,4991808,67,0.6525773240466323,Average Value,1,0,0,qualcomm,Snapdragon 7s Gen3,8.0,2.5,8.0,256.0,6000.0,80.0,75.0,Standard,6.83,120.0,50.0,32.0,3,Android v15,3
poco,Poco X7 Pro (12GB RAM + 256GB),Mid-Range,4991808,71,1.34842668766501,Value King,1,1,1,mediatek,Dimensity 8400 Ultra,8.0,3.25,12.0,256.0,6550.0,90.0,72.77777777777777,Standard,6.67,120.0,50.0,20.0,2,Android v15,3
vivo,Vivo Y400 5G,Mid-Range,4991808,64,0.130690301332849,Average Value,1,0,0,qualcomm,Snapdragon 4 Gen2,8.0,2.2,8.0,128.0,6000.0,90.0,66.66666666666667,Super Fast,6.67,120.0,50.0,32.0,2,Android v15,3
google,Google Pixel 10 Pro,Flagship,21119808,81,-0.2964127619312419,Average Value,1,1,0,google,Tensor G5,8.0,3.78,16.0,256.0,4870.0,30.0,162.33333333333334,Standard,6.3,120.0,50.0,42.0,3,Android v16,2
oneplus,OnePlus Nord CE 4 5G (8GB RAM + 256GB),Mid-Range,4223808,66,0.4786149831420379,Average Value,1,0,1,qualcomm,Snapdragon 7 Gen3,8.0,2.63,8.0,256.0,5500.0,100.0,55.0,Super Fast,6.7,120.0,50.0,16.0,2,Android v14,3
samsung,Samsung Galaxy F17 5G,Budget,2803008,57,0.9852561984801465,Average Value,1,1,0,samsung,Exynos 1330,8.0,2.4,4.0,128.0,5000.0,25.0,200.0,Standard,6.7,90.0,50.0,13.0,3,Android v15,1
realme,Realme Narzo 80 Pro 5G,Mid-Range,3839808,63,-0.0432720395717453,Average Value,1,0,0,mediatek,Dimensity 7400,8.0,2.6,8.0,128.0,6000.0,80.0,75.0,Standard,6.72,120.0,50.0,16.0,2,Android v15,3
poco,Poco M7 5G,Budget,2492160,53,0.2911960342500169,Average Value,1,0,0,qualcomm,Snapdragon 4 Gen2,8.0,2.2,6.0,128.0,5160.0,18.0,286.6666666666667,Slow Charging,6.88,120.0,50.0,8.0,1,Android v14,1
vivo,Vivo X300 FE,Flagship,13438080,84,0.0616858991046097,Average Value,1,1,1,qualcomm,Snapdragon 8 Gen5,8.0,3.8,12.0,256.0,6500.0,90.0,72.22222222222223,Standard,6.31,120.0,50.0,50.0,3,Android v16,0
vivo,Vivo Y500 5G,Mid-Range,3454080,64,0.130690301332849,Average Value,1,1,0,mediatek,Dimensity 7300,8.0,2.5,8.0,128.0,8200.0,90.0,91.11111111111111,Standard,6.77,120.0,50.0,8.0,2,Android v15,3
nothing,Nothing Phone 3a Pro,Mid-Range,5375808,66,0.4786149831420379,Average Value,1,1,0,qualcomm,Snapdragon 7s Gen 3,8.0,2.5,8.0,128.0,5000.0,50.0,100.0,Standard,6.77,120.0,50.0,50.0,3,Android v15,0
oppo,Oppo Find X9 Pro 5G,Flagship,21119808,97,1.6134467635933007,Value King,1,1,1,mediatek,Dimensity 9500,8.0,4.21,16.0,512.0,7500.0,80.0,93.75,Standard,6.78,120.0,200.0,50.0,3,Android v16,2
samsung,Samsung Galaxy M15 5G Prime Edition (6GB RAM +128GB),Budget,2495808,55,0.6382261163650816,Average Value,1,0,0,mediatek,Dimensity 6100 Plus,8.0,2.2,6.0,128.0,6000.0,25.0,240.0,Slow Charging,6.5,90.0,50.0,13.0,3,Android v14,1
motorola,Motorola Moto G85 5G (12GB RAM + 256GB),Mid-Range,3684480,63,-0.0432720395717453,Average Value,1,0,0,qualcomm,Snapdragon 6s Gen3,8.0,2.3,12.0,256.0,5000.0,33.0,151.5151515151515,Standard,6.67,120.0,50.0,32.0,2,Android v14,3
ai+,Ai+ Nova 2,Budget,2111808,53,0.2911960342500169,Average Value,1,0,0,unisoc,Unisoc T8200,8.0,2.5,6.0,128.0,5000.0,18.0,277.77777777777777,Slow Charging,6.75,120.0,50.0,8.0,2,Android v15,1
motorola,Motorola Edge 60 Pro (16GB RAM + 512GB),Premium,7295808,81,0.9068283902606832,Average Value,1,1,0,mediatek,Dimensity 8350 Extreme,8.0,3.35,16.0,512.0,6000.0,90.0,66.66666666666667,Super Fast,6.7,120.0,50.0,50.0,3,Android v15,2
iqoo,iQOO Z10R,Mid-Range,4415616,66,0.4786149831420379,Average Value,1,0,0,mediatek,Dimensity 7400,8.0,2.6,8.0,128.0,5700.0,44.0,129.54545454545453,Standard,6.77,120.0,50.0,32.0,2,Android v15,3
samsung,Samsung Galaxy S27 Ultra 5G,Flagship,28798080,88,0.5391507804857454,Average Value,1,1,0,qualcomm,Snapdragon 8 Elite Gen 6 for Galaxy,8.0,2.5,12.0,256.0,5000.0,45.0,112.5,Slow Charging,6.9,144.0,200.0,12.0,4,Android v17,2
tecno,Tecno Spark 50 5G,Mid-Range,3263808,54,-1.608933107713095,Overpriced,1,0,1,mediatek,Dimensity 6400,8.0,2.5,4.0,128.0,6500.0,45.0,144.44444444444446,Standard,6.78,120.0,50.0,8.0,1,Android v16,1
oppo,Oppo Reno 15c,Premium,6719808,68,-1.1234596168229554,Overpriced,1,0,1,qualcomm,Snapdragon 6 Gen1,8.0,2.2,8.0,256.0,7000.0,80.0,87.5,Standard,6.57,120.0,50.0,50.0,3,Android v16,0
iqoo,iQOO 15R (12GB RAM + 256GB),Premium,9215616,86,1.6877083929851595,Value King,1,1,1,qualcomm,Snapdragon 8 Gen5,8.0,3.8,12.0,256.0,7600.0,100.0,76.0,Standard,6.59,144.0,50.0,32.0,2,Android v16,2
lava,Lava Bold N1 5G,Budget,1439808,45,-1.096924294210242,Overpriced,1,0,0,unisoc,Unisoc T765,8.0,2.3,4.0,64.0,5000.0,10.0,500.0,Slow Charging,6.75,120.0,13.0,5.0,1,Android v15,1
motorola,Motorola Moto G85 5G,Mid-Range,3071808,61,-0.3911967213809342,Average Value,1,0,0,qualcomm,Snapdragon 6s Gen3,8.0,2.3,8.0,128.0,5000.0,33.0,151.5151515151515,Standard,6.67,120.0,50.0,32.0,2,Android v14,3
samsung,Samsung Galaxy S25 Plus,Flagship,14303808,79,-0.5351452026218098,Average Value,1,1,0,qualcomm,Snapdragon 8Elite,8.0,4.47,12.0,256.0,4900.0,45.0,108.88888888888889,Standard,6.7,120.0,50.0,12.0,3,Android v15,3
realme,Realme 16 Pro Plus 5G,Premium,8447808,80,0.7506523897157878,Average Value,1,1,1,qualcomm,Snapdragon 7 Gen4,8.0,2.8,8.0,128.0,7000.0,80.0,87.5,Standard,6.8,144.0,200.0,50.0,3,Android v16,0
realme,Realme GT 7 (12GB RAM + 256GB),Premium,7487808,84,1.3753563918953688,Value King,1,1,1,mediatek,Dimensity 9400e,8.0,3.4,12.0,256.0,7000.0,120.0,58.333333333333336,Super Fast,6.78,120.0,50.0,32.0,3,Android v15,2
motorola,Motorola Edge 60 Pro (12GB RAM + 256GB),Premium,6422208,79,0.5944763891708925,Average Value,1,1,0,mediatek,Dimensity 8350 Extreme,8.0,3.35,12.0,256.0,6000.0,90.0,66.66666666666667,Super Fast,6.7,120.0,50.0,50.0,3,Android v15,0
vivo,Vivo Y11 5G (4GB RAM + 128GB),Mid-Range,3263808,50,-2.304782471331473,Overpriced,1,0,1,mediatek,Dimensity 6300,8.0,2.4,4.0,128.0,6500.0,15.0,433.3333333333333,Slow Charging,6.74,120.0,13.0,5.0,2,Android v16,1
samsung,Samsung Galaxy A56 5G,Premium,7871808,66,-1.435811617912746,Overpriced,1,1,0,samsung,Exynos 1580,8.0,2.9,8.0,128.0,5000.0,45.0,111.11111111111111,Standard,6.7,120.0,50.0,12.0,3,Android v15,3
oneplus,OnePlus 15R (12GB RAM + 512GB),Premium,10655808,84,1.3753563918953688,Value King,1,1,1,qualcomm,Snapdragon 8 Gen5,8.0,3.84,12.0,512.0,7400.0,80.0,92.5,Standard,6.83,165.0,50.0,32.0,2,Android v16,2
tecno,Tecno Pova 7 Pro 5G (8GB RAM + 256GB),Mid-Range,3705408,67,0.6525773240466323,Average Value,1,1,1,mediatek,Dimensity 7300 Ultimate,8.0,2.5,8.0,256.0,6000.0,45.0,133.33333333333334,Standard,6.78,144.0,64.0,13.0,2,Android v15,3
acer,Acer Super ZX,Budget,1918080,52,0.1176809931924845,Average Value,1,0,0,mediatek,Dimensity 6300,8.0,2.4,4.0,128.0,5000.0,33.0,151.5151515151515,Standard,6.8,120.0,64.0,13.0,3,Android v15,1
lava,Lava Bold 2 5G,Budget,2687808,58,1.1587712395376788,Value King,1,0,0,mediatek,Dimensity 7060,8.0,2.6,6.0,128.0,5000.0,33.0,151.5151515151515,Standard,6.67,120.0,50.0,8.0,2,Android v15,1
samsung,Samsung Galaxy Z Tri Fold,Flagship,42238080,93,1.135981882212165,Value King,1,1,1,qualcomm,Snapdragon 8 Elite,8.0,4.32,16.0,512.0,5600.0,45.0,124.44444444444444,Standard,10.0,120.0,50.0,16.0,2,Android v16,2
samsung,Samsung Galaxy M36 5G,Mid-Range,3195648,58,-0.9130837440947176,Average Value,1,0,0,samsung,Exynos 1380,8.0,2.4,6.0,128.0,5000.0,25.0,200.0,Standard,6.7,120.0,50.0,13.0,3,Android v15,1
tecno,Tecno Camon 50 Pro 5G,Premium,6718080,67,-1.2796356173678507,Overpriced,1,1,1,mediatek,Dimensity 7400,8.0,2.6,8.0,256.0,6500.0,45.0,112.5,Slow Charging,6.78,144.0,50.0,50.0,3,Android v16,0
google,Google Pixel 10 5G,Flagship,13439808,75,-1.0126100840029455,Overpriced,1,1,0,google,Tensor G5,8.0,3.78,12.0,256.0,4970.0,30.0,165.66666666666666,Standard,6.3,120.0,48.0,10.5,3,Android v16,3
infinix,Infinix Note 50 Pro Plus 5G,Premium,6142080,79,0.5944763891708925,Average Value,1,1,1,mediatek,Dimensity 8350,8.0,3.35,12.0,256.0,5200.0,100.0,52.0,Super Fast,6.78,144.0,50.0,32.0,3,Android v15,3
vivo,Vivo V60 Lite 5G,Mid-Range,4798080,67,0.6525773240466323,Average Value,1,1,0,mediatek,Dimensity 7360 Turbo,8.0,2.5,8.0,256.0,6500.0,90.0,72.22222222222223,Standard,6.77,120.0,50.0,32.0,2,Android v15,3
apple,Apple iPhone 17e,Flagship,12460800,63,-2.4450047281463525,Overpriced,1,1,0,apple,Apple A19,6.0,2.5,8.0,256.0,4005.0,45.0,112.5,Slow Charging,6.1,120.0,48.0,12.0,1,iOS v26.3,1
realme,Realme P3x 5G (8GB RAM + 128GB),Budget,2687808,57,0.9852561984801465,Average Value,1,0,0,mediatek,Dimensity 6400,8.0,2.5,8.0,128.0,6000.0,45.0,133.33333333333334,Standard,6.72,120.0,50.0,8.0,2,Android v15,1
infinix,Infinix GT 30 Pro,Mid-Range,5279808,75,2.044276051283388,Performance Beast,1,1,1,mediatek,Dimensity 8350 Ultimate,8.0,3.35,8.0,256.0,5500.0,45.0,122.22222222222224,Standard,6.78,144.0,108.0,13.0,2,Android v15,3
oneplus,OnePlus 13,Flagship,12095808,86,0.3004183397951776,Average Value,1,1,1,qualcomm,Snapdragon 8 Elite,8.0,4.32,12.0,256.0,6000.0,100.0,60.0,Super Fast,6.82,120.0,50.0,32.0,3,Android v15,2
poco,Poco X7 5G,Mid-Range,3705408,64,0.130690301332849,Average Value,1,1,1,mediatek,Dimensity 7300 Ultra,8.0,2.5,8.0,128.0,5500.0,45.0,122.22222222222224,Standard,6.67,120.0,50.0,20.0,3,Android v14,3
infinix,Infinix GT 50 Pro,Mid-Range,5759808,70,1.1744643467604154,Value King,1,1,1,unknown,Octa Core Processor,8.0,2.5,8.0,256.0,6150.0,45.0,136.66666666666666,Standard,6.78,144.0,50.0,13.0,3,Android v16,3
honor,Honor 600,Premium,8639808,72,-0.4987556146433743,Average Value,1,1,1,qualcomm,Snapdragon 7 Gen4,8.0,2.8,12.0,256.0,7500.0,80.0,93.75,Standard,6.55,120.0,50.0,50.0,2,Android v16,0
ai+,Ai+ Pulse 2,Budget,1535808,46,-0.9234092531527096,Average Value,0,0,0,unisoc,Unisoc T7250,8.0,1.8,4.0,64.0,6000.0,10.0,600.0,Slow Charging,6.75,120.0,50.0,8.0,2,Android v16,1
oppo,OPPO Reno 15 Pro 5G,Flagship,13055808,86,0.3004183397951776,Average Value,1,1,1,mediatek,Dimensity 8450,8.0,3.25,12.0,256.0,6500.0,80.0,81.25,Standard,6.78,120.0,200.0,50.0,3,Android v16,0
samsung,Samsung Galaxy F56 5G,Mid-Range,4452480,64,0.130690301332849,Average Value,1,0,0,samsung,Exynos 1480,8.0,2.7,8.0,128.0,5000.0,45.0,111.11111111111111,Standard,6.74,120.0,50.0,12.0,3,Android v15,3
infinix,Infinix Note 15 Pro 5G,Mid-Range,3838080,64,0.130690301332849,Average Value,1,0,0,mediatek,Dimensity 6100 Plus,8.0,2.2,8.0,128.0,5000.0,66.0,75.75757575757575,Standard,6.8,144.0,108.0,32.0,3,Android v14,0
samsung,Samsung Galaxy A07 5G (6GB RAM + 128GB),Mid-Range,3070080,57,-1.087046084999312,Overpriced,1,0,0,mediatek,Dimensity 6300,8.0,2.4,6.0,128.0,6000.0,25.0,240.0,Slow Charging,6.74,120.0,50.0,8.0,2,Android v16,1
realme,Realme P4x 5G (8GB RAM + 256GB),Mid-Range,4031808,63,-0.0432720395717453,Average Value,1,0,0,mediatek,Dimensity 7400 Ultra,8.0,2.6,8.0,256.0,7000.0,45.0,155.55555555555554,Standard,6.72,144.0,50.0,8.0,2,Android v15,3
realme,Realme P3 Lite 5G,Budget,2495808,55,0.6382261163650816,Average Value,1,1,0,mediatek,Dimensity 6300,8.0,2.4,4.0,128.0,6000.0,45.0,133.33333333333334,Standard,6.67,120.0,32.0,8.0,2,Android v15,1
realme,Realme P4 5G (8GB RAM + 128GB),Mid-Range,4031808,66,0.4786149831420379,Average Value,1,0,1,mediatek,Dimensity 7400 Ultra,8.0,2.6,8.0,128.0,7000.0,80.0,87.5,Standard,6.77,144.0,50.0,16.0,2,Android v15,3
oneplus,OnePlus Nord 6 Naruto Edition,Premium,7678080,76,0.1259483875362067,Average Value,1,1,1,qualcomm,Snapdragon 8s Gen4,8.0,3.2,8.0,256.0,9000.0,80.0,112.5,Standard,6.78,165.0,50.0,32.0,2,Android v16,3
xiaomi,Xiaomi Redmi 15A 5G (6GB RAM + 128GB),Mid-Range,3148800,59,-0.7391214031901231,Average Value,1,0,1,unisoc,Unisoc T8300,8.0,2.2,6.0,128.0,6300.0,33.0,190.9090909090909,Standard,6.9,120.0,32.0,8.0,1,Android v16,1
oppo,OPPO K13x 5G,Mid-Range,3070080,54,-1.608933107713095,Overpriced,1,0,0,mediatek,Dimensity 6300,8.0,2.4,4.0,128.0,6000.0,45.0,133.33333333333334,Standard,6.67,120.0,50.0,8.0,2,Android v15,1
nothing,Nothing Phone (4a) Pro (12GB RAM + 256GB),Premium,8831808,77,0.2821243880811019,Average Value,1,1,0,qualcomm,Snapdragon 7 Gen 4,8.0,2.8,12.0,256.0,5400.0,50.0,108.0,Standard,6.83,144.0,50.0,32.0,3,Android v16,3
realme,Realme Narzo Power 5G (8GB RAM +256GB),Mid-Range,5011008,75,2.044276051283388,Performance Beast,1,0,1,mediatek,Dimensity 7400 Ultra,8.0,2.6,8.0,256.0,10001.0,80.0,125.0125,Standard,6.8,144.0,50.0,16.0,2,Android v16,3
realme,Realme Narzo 90 (8GB RAM +128GB),Mid-Range,3839808,63,-0.0432720395717453,Average Value,1,0,0,mediatek,Dimensity 6400 Max,8.0,2.5,8.0,128.0,7000.0,60.0,116.66666666666669,Standard,6.57,120.0,50.0,50.0,2,Android v15,0
iqoo,iQOO 15 (16GB RAM + 512GB),Flagship,15359616,94,1.2553481025574489,Value King,1,1,1,qualcomm,Snapdragon 8 Elite Gen 5,8.0,4.6,16.0,512.0,7000.0,100.0,70.0,Standard,6.85,144.0,50.0,32.0,3,Android v16,2
samsung,Samsung Galaxy S25 FE (8GB RAM + 256GB),Premium,11500608,79,0.5944763891708925,Average Value,1,1,0,samsung,Exynos 2400,10.0,3.2,8.0,256.0,4900.0,45.0,108.88888888888889,Standard,6.7,120.0,50.0,12.0,3,Android v16,3
motorola,Motorola Moto G96 5G (8GB RAM + 256GB),Mid-Range,4003008,66,0.4786149831420379,Average Value,1,0,0,qualcomm,Snapdragon 7s Gen2,8.0,2.4,8.0,256.0,5500.0,33.0,166.66666666666666,Standard,6.67,144.0,50.0,32.0,2,Android v15,3
oppo,Oppo Find X9 5G,Flagship,14399808,89,0.6585170008310294,Average Value,1,1,1,mediatek,Dimensity 9500,8.0,4.21,12.0,256.0,7025.0,80.0,87.8125,Standard,6.59,120.0,50.0,32.0,3,Android v16,2
iqoo,iQOO Z11x 5G (8GB RAM + 128GB),Mid-Range,4031808,66,0.4786149831420379,Average Value,1,0,1,mediatek,Dimensity 7400 Turbo,8.0,2.6,8.0,128.0,7200.0,44.0,163.63636363636363,Standard,6.76,120.0,50.0,32.0,2,Android v16,3
oppo,OPPO K15 Pro Plus,Premium,9599808,77,0.2821243880811019,Average Value,1,1,1,mediatek,Dimensity 9500s,8.0,3.73,12.0,256.0,8000.0,100.0,80.0,Standard,6.78,165.0,50.0,16.0,2,Android v16,3
vivo,Vivo V70e,Premium,6910080,71,-0.6549316151882696,Average Value,1,1,1,unknown,Octa Core Processor,8.0,2.5,8.0,256.0,6500.0,90.0,72.22222222222223,Standard,6.59,144.0,50.0,50.0,3,Android v16,0
samsung,Samsung Galaxy S26 Ultra (16GB RAM + 1TB),Flagship,36479808,98,1.7328129839385846,Value King,1,1,0,qualcomm,Snapdragon 8 Elite Gen 5 for Galaxy,8.0,4.74,16.0,1.0,5000.0,60.0,83.33333333333333,Standard,6.9,120.0,200.0,12.0,4,Android v16,2
oppo,Oppo K15 Turbo,Mid-Range,5758080,66,0.4786149831420379,Average Value,1,0,1,mediatek,Dimensity 8500,8.0,2.5,8.0,128.0,7400.0,80.0,92.5,Standard,6.59,165.0,50.0,16.0,2,Android v16,3
vivo,Vivo V80 5G,Premium,9215808,81,0.9068283902606832,Average Value,1,1,1,unknown,Octa Core Processor,8.0,2.5,8.0,256.0,7000.0,100.0,70.0,Standard,6.67,144.0,50.0,50.0,3,Android v17,0
realme,Realme P3 5G (8GB RAM + 256GB),Mid-Range,3551808,63,-0.0432720395717453,Average Value,1,1,0,qualcomm,Snapdragon 6 Gen4,8.0,2.3,8.0,256.0,6000.0,45.0,133.33333333333334,Standard,6.67,120.0,50.0,16.0,2,Android v15,3
xiaomi,Xiaomi Redmi 13 5G,Budget,2399808,58,1.1587712395376788,Value King,1,0,1,qualcomm,Snapdragon 4 Gen 2 AE,8.0,2.3,6.0,128.0,5030.0,33.0,152.42424242424244,Standard,6.79,120.0,108.0,13.0,2,Android v14,1
oppo,OPPO Reno 16 Pro 5G,Flagship,13438080,86,0.3004183397951776,Average Value,1,1,1,unknown,Octa Core Processor,8.0,2.5,12.0,256.0,7000.0,100.0,70.0,Standard,6.78,120.0,200.0,50.0,3,Android v17,0
honor,Honor Power 2,Premium,6718080,70,-0.8111076157331649,Average Value,1,1,1,mediatek,Dimensity 8500,8.0,3.4,12.0,256.0,10080.0,80.0,126.0,Standard,6.79,120.0,50.0,16.0,2,Android v16,3
poco,Poco M7 Plus 5G (4GB RAM + 128GB),Budget,2581248,58,1.1587712395376788,Value King,1,0,1,qualcomm,Snapdragon 6s Gen3,8.0,2.3,4.0,128.0,7000.0,33.0,212.12121212121207,Slow Charging,6.9,144.0,50.0,8.0,1,Android v15,1
iqoo,iQOO 15R (12GB RAM + 512GB),Premium,10175616,88,2.00006039407495,Performance Beast,1,1,1,qualcomm,Snapdragon 8 Gen5,8.0,3.8,12.0,512.0,7600.0,100.0,76.0,Standard,6.59,144.0,50.0,32.0,2,Android v16,2
realme,Realme C83 5G,Budget,2783808,52,0.1176809931924845,Average Value,1,0,0,mediatek,Dimensity 6300,8.0,2.4,4.0,64.0,7000.0,15.0,466.6666666666667,Slow Charging,6.8,144.0,13.0,5.0,1,Android v16,1
bluefox,Bluefox NX1,Budget,1670208,37,-2.485044622670501,Overpriced,0,0,1,mediatek,Helio G81,8.0,2.0,4.0,64.0,3000.0,45.0,112.5,Slow Charging,4.0,120.0,48.0,5.0,1,Android v15,1
iqoo,iQOO Z10 Turbo Pro,Mid-Range,4606080,70,1.1744643467604154,Value King,1,1,1,qualcomm,Snapdragon 8s Gen4,8.0,3.2,12.0,256.0,7000.0,120.0,58.333333333333336,Super Fast,6.78,120.0,50.0,16.0,2,Android v15,3
realme,Realme GT 7T,Premium,6238080,76,0.1259483875362067,Average Value,1,1,1,mediatek,Dimensity 8400-MAX,8.0,3.25,8.0,256.0,7000.0,120.0,58.333333333333336,Super Fast,6.8,120.0,50.0,32.0,2,Android v15,3
samsung,Samsung Galaxy A26 5G,Mid-Range,4222080,64,0.130690301332849,Average Value,1,1,0,samsung,Exynos 1380,8.0,2.4,8.0,128.0,5000.0,25.0,200.0,Standard,6.7,120.0,50.0,13.0,3,Android v15,3
apple,Apple iPhone Air,Flagship,18238080,64,-2.3256385078010684,Overpriced,1,1,0,apple,Apple A19 Pro,6.0,2.5,8.0,256.0,3149.0,45.0,112.5,Slow Charging,6.5,120.0,48.0,18.0,1,iOS v26,1
motorola,Motorola Edge 60 5G,Mid-Range,5161728,75,2.044276051283388,Performance Beast,1,1,0,mediatek,Dimensity 7400,8.0,2.6,12.0,256.0,5500.0,68.0,80.88235294117646,Standard,6.7,120.0,50.0,50.0,3,Android v15,0
motorola,Motorola Moto G64 5G (12GB RAM + 256GB),Mid-Range,3242688,62,-0.2172343804763398,Average Value,1,0,0,mediatek,Dimensity 7025,8.0,2.5,12.0,256.0,6000.0,33.0,181.8181818181818,Standard,6.5,120.0,50.0,16.0,2,Android v14,3
xiaomi,Xiaomi Redmi 13C 5G (6GB RAM + 128GB),Budget,2169408,52,0.1176809931924845,Average Value,1,0,0,mediatek,Dimensity 6100 Plus,8.0,2.2,6.0,128.0,5000.0,18.0,277.77777777777777,Slow Charging,6.74,90.0,50.0,5.0,2,Android v13,1
vivo,Vivo V30 Pro 5G,Mid-Range,5470848,70,1.1744643467604154,Value King,1,0,0,mediatek,Dimensity 8200,8.0,3.1,8.0,256.0,5000.0,80.0,62.5,Super Fast,6.78,120.0,50.0,50.0,3,Android v14,0
apple,Apple iPhone 16 Pro Max,Flagship,24478080,80,-0.4157789822765259,Average Value,1,1,0,apple,Bionic A18 Pro,6.0,4.05,8.0,256.0,4685.0,45.0,112.5,Slow Charging,6.9,120.0,48.0,12.0,3,iOS v18,3
google,Google Pixel 8A,Premium,7295808,64,-1.7481636190025365,Overpriced,1,1,0,google,Tensor G3,9.0,3.0,8.0,128.0,4492.0,45.0,112.5,Slow Charging,6.1,120.0,64.0,13.0,2,Android v14,3
honor,Honor X9d,Premium,6142080,68,-1.1234596168229554,Overpriced,1,1,1,qualcomm,Snapdragon 6 Gen4,8.0,2.3,12.0,256.0,8300.0,66.0,125.75757575757576,Standard,6.79,120.0,108.0,16.0,2,Android v15,3
oppo,Oppo A6 Pro 5G,Mid-Range,5183808,62,-0.2172343804763398,Average Value,1,0,0,mediatek,Dimensity 6300,8.0,2.4,8.0,128.0,7000.0,80.0,87.5,Standard,6.75,120.0,50.0,16.0,2,Android v15,3
oneplus,OnePlus Nord 5 (12GB RAM + 256GB),Premium,7103808,77,0.2821243880811019,Average Value,1,1,1,qualcomm,Snapdragon 8s Gen3,8.0,3.0,12.0,256.0,6800.0,80.0,85.0,Standard,6.83,144.0,50.0,50.0,2,Android v15,0
tecno,Tecno Pova Curve 5G,Mid-Range,3071808,62,-0.2172343804763398,Average Value,1,1,1,mediatek,Dimensity 7300 Ultimate,8.0,2.5,6.0,128.0,5500.0,45.0,122.22222222222224,Standard,6.78,144.0,64.0,13.0,2,Android v15,1
infinix,Infinix Note 50s 5G,Mid-Range,3647808,63,-0.0432720395717453,Average Value,1,0,1,mediatek,Dimensity 7300 Ultimate,8.0,2.5,8.0,128.0,5500.0,45.0,122.22222222222224,Standard,6.78,144.0,64.0,13.0,2,Android v15,3
nothing,Nothing Phone 3a (8GB RAM + 256GB),Mid-Range,5183808,68,0.8265396649512267,Average Value,1,1,0,qualcomm,Snapdragon 7s Gen3,8.0,2.5,8.0,256.0,5000.0,50.0,100.0,Standard,6.77,120.0,50.0,32.0,3,Android v15,3
wobble,Wobble One 5G (12GB RAM + 256GB),Mid-Range,5759808,68,0.8265396649512267,Average Value,1,0,0,mediatek,Dimensity 7400,8.0,2.6,12.0,256.0,5000.0,33.0,151.5151515151515,Standard,6.67,120.0,50.0,50.0,3,Android v15,0
realme,Realme P4 Pro 5G,Mid-Range,5567808,71,1.34842668766501,Value King,1,0,1,qualcomm,Snapdragon 7 Gen 4,8.0,2.5,8.0,128.0,7000.0,80.0,87.5,Standard,6.8,144.0,50.0,50.0,2,Android v15,0
infinix,Infinix Hot 60 5G,Budget,2687808,57,0.9852561984801465,Average Value,1,0,0,mediatek,Dimensity 7020,8.0,2.2,6.0,128.0,5200.0,18.0,288.8888888888889,Slow Charging,6.7,120.0,50.0,8.0,2,Android v15,1
lava,Lava Bold N2 Pro,Budget,1535808,46,-0.9234092531527096,Average Value,0,0,0,unisoc,Unisoc T7250,8.0,2.6,4.0,128.0,5000.0,45.0,112.5,Slow Charging,6.75,120.0,50.0,8.0,3,Android v15,1
oppo,OPPO Reno 14 Pro 5G (12GB RAM + 512GB),Premium,9578688,88,2.00006039407495,Performance Beast,1,1,1,mediatek,Dimensity 8450,8.0,3.25,12.0,512.0,6200.0,80.0,77.5,Standard,6.83,120.0,50.0,50.0,3,Android v15,2
xiaomi,Xiaomi 17 5G,Flagship,17279808,90,0.7778832211763133,Average Value,1,1,1,qualcomm,Snapdragon 8 Elite Gen 5,8.0,4.6,12.0,512.0,6330.0,100.0,63.3,Super Fast,6.3,120.0,50.0,50.0,3,Android v16,2
iqoo,iQOO Neo 11R,Mid-Range,5758080,71,1.34842668766501,Value King,1,1,1,unknown,Octa Core Processor,8.0,2.5,12.0,256.0,6700.0,100.0,67.0,Super Fast,6.78,144.0,50.0,32.0,2,Android v16,3
poco,Poco M8,Mid-Range,3358080,61,-0.3911967213809342,Average Value,1,0,1,qualcomm,Snapdragon 6 Gen3,8.0,2.5,6.0,128.0,5520.0,45.0,122.66666666666669,Standard,6.77,120.0,50.0,20.0,2,Android v15,3
realme,Realme GT 6,Mid-Range,5375808,74,1.8703137103787928,Value King,1,1,1,qualcomm,Snapdragon 8s Gen3,8.0,3.0,8.0,256.0,5500.0,120.0,45.833333333333336,Super Fast,6.78,120.0,50.0,32.0,3,Android v14,3
motorola,Motorola Edge 60 Fusion 5G (8GB RAM + 128GB),Mid-Range,4175808,67,0.6525773240466323,Average Value,1,0,0,mediatek,Dimensity 7400,8.0,2.6,8.0,128.0,5500.0,68.0,80.88235294117646,Standard,6.7,120.0,50.0,32.0,2,Android v15,3
realme,Realme Narzo 100 Lite,Mid-Range,3071808,54,-1.608933107713095,Overpriced,1,0,0,mediatek,Dimensity 6400,8.0,2.5,4.0,128.0,7000.0,33.0,212.12121212121207,Slow Charging,6.67,120.0,50.0,8.0,2,Android v16,1
oppo,Oppo A6 5G,Mid-Range,4223808,58,-0.9130837440947176,Average Value,1,1,0,mediatek,Dimensity 6300,8.0,2.4,4.0,128.0,7000.0,45.0,155.55555555555554,Standard,6.75,120.0,50.0,8.0,2,Android v15,1
oneplus,OnePlus Nord CE 6 Lite,Mid-Range,4415808,63,-0.0432720395717453,Average Value,1,0,1,mediatek,Dimensity 6300,8.0,2.4,6.0,128.0,7000.0,80.0,87.5,Standard,6.7,120.0,50.0,16.0,2,Android v16,3
nothing,Nothing Phone 4a (8GB RAM + 256GB),Premium,6686208,72,-0.4987556146433743,Average Value,1,1,0,qualcomm,Snapdragon 7s Gen4,8.0,2.7,8.0,256.0,5400.0,50.0,108.0,Standard,6.78,120.0,50.0,32.0,3,Android v16,3
vivo,Vivo Y21 5G,Mid-Range,3647808,58,-0.9130837440947176,Average Value,1,1,1,mediatek,Dimensity 6300,8.0,2.4,4.0,128.0,6500.0,44.0,147.72727272727272,Standard,6.74,120.0,50.0,5.0,2,Android v16,1
vivo,Vivo Y31 Pro 5G,Mid-Range,3839808,57,-1.087046084999312,Overpriced,1,0,1,mediatek,Dimensity 7300,8.0,2.5,8.0,128.0,6500.0,44.0,147.72727272727272,Standard,6.72,120.0,50.0,8.0,2,Android v15,1
vivo,Vivo V60 5G (12GB RAM + 256GB),Premium,7264128,79,0.5944763891708925,Average Value,1,1,1,qualcomm,Snapdragon 7 Gen4,8.0,2.8,12.0,256.0,6500.0,90.0,72.22222222222223,Standard,6.77,120.0,50.0,50.0,3,Android v15,0
realme,Realme 15 Pro 5G (12GB RAM + 256GB),Premium,6911808,76,0.1259483875362067,Average Value,1,0,0,qualcomm,Snapdragon 7 Gen4,8.0,2.8,12.0,256.0,7000.0,80.0,87.5,Standard,6.8,144.0,50.0,50.0,2,Android v15,0
infinix,Infinix GT 30 5G,Mid-Range,3645696,66,0.4786149831420379,Average Value,1,0,1,mediatek,Dimensity 7400,8.0,2.6,8.0,128.0,5500.0,45.0,122.22222222222224,Standard,6.78,144.0,64.0,13.0,2,Android v15,3
cmf,CMF Phone 2 Pro 5G (8GB RAM + 256GB),Mid-Range,4031808,63,-0.0432720395717453,Average Value,1,0,0,mediatek,Dimensity 7300 Pro,8.0,2.5,8.0,256.0,5000.0,33.0,151.5151515151515,Standard,6.77,120.0,50.0,16.0,3,Android v15,3
iqoo,iQOO Neo 10R (12GB RAM + 256GB),Premium,6719808,75,-0.0302276130086885,Average Value,1,0,1,qualcomm,Snapdragon 8s Gen3,8.0,3.0,12.0,256.0,6400.0,80.0,80.0,Standard,6.78,144.0,50.0,32.0,2,Android v15,3
realme,Realme GT 8 Pro,Flagship,14015808,94,1.2553481025574489,Value King,1,1,1,qualcomm,Snapdragon 8 Elite Gen 5,8.0,4.6,12.0,256.0,7000.0,120.0,58.333333333333336,Super Fast,6.79,144.0,200.0,32.0,3,Android v16,2
tecno,Tecno Pova 7 Pro 5G,Mid-Range,3321408,66,0.4786149831420379,Average Value,1,1,1,mediatek,Dimensity 7300 Ultimate,8.0,2.5,8.0,128.0,6000.0,45.0,133.33333333333334,Standard,6.78,144.0,64.0,13.0,2,Android v15,3
apple,Apple iPhone 16 Plus,Flagship,15340800,70,-1.609441185729365,Overpriced,1,1,0,apple,Bionic A18,6.0,4.04,8.0,128.0,4674.0,45.0,112.5,Slow Charging,6.7,120.0,48.0,12.0,2,iOS v18,3
oneplus,OnePlus 12 5G,Premium,9023808,79,0.5944763891708925,Average Value,1,1,1,qualcomm,Snapdragon 8 Gen3,8.0,3.3,12.0,256.0,5400.0,100.0,54.0,Super Fast,6.82,120.0,64.0,32.0,3,Android v14,2
realme,Realme P4 Power 5G (12GB RAM + 256GB),Premium,6335808,75,-0.0302276130086885,Average Value,1,0,1,mediatek,Dimensity 7400 Ultra,8.0,2.6,12.0,256.0,10001.0,80.0,125.0125,Standard,6.8,144.0,50.0,16.0,2,Android v16,3
oneplus,OnePlus 15s 5G,Premium,11519808,84,1.3753563918953688,Value King,1,1,1,qualcomm,Octa Core Processor,8.0,2.5,12.0,256.0,6500.0,80.0,81.25,Standard,6.3,165.0,50.0,50.0,2,Android v16,0
xiaomi,Xiaomi Redmi Note 15 5G (256GB),Mid-Range,5375808,71,1.34842668766501,Value King,1,1,1,qualcomm,Snapdragon 6 Gen3,8.0,2.4,8.0,256.0,5520.0,45.0,122.66666666666669,Standard,6.77,120.0,108.0,20.0,2,Android v15,3
realme,Realme 15T 5G,Mid-Range,4222080,66,0.4786149831420379,Average Value,1,0,1,mediatek,Dimensity 6400 Max,8.0,2.5,8.0,128.0,7000.0,60.0,116.66666666666669,Standard,6.57,120.0,50.0,50.0,2,Android v15,0
samsung,Samsung Galaxy Z Fold 8,Flagship,38399808,94,1.2553481025574489,Value King,1,1,0,qualcomm,Snapdragon 8 Elite Gen 5,8.0,4.6,12.0,256.0,4800.0,25.0,192.0,Standard,8.0,120.0,50.0,16.0,2,Android v17,2
samsung,Samsung Galaxy M56 (8GB RAM + 256GB),Mid-Range,4799808,59,-0.7391214031901231,Average Value,1,0,0,samsung,Exynos 1480,8.0,2.7,8.0,256.0,5000.0,45.0,111.11111111111111,Standard,6.74,120.0,50.0,12.0,3,Android v15,3
tecno,Tecno POP 10 5G,Budget,1535808,54,0.4647110753075493,Average Value,1,1,1,mediatek,Dimensity 7025,8.0,2.5,4.0,128.0,5100.0,45.0,112.5,Slow Charging,6.67,120.0,50.0,8.0,2,Android v15,1
motorola,Motorola Edge 50 Ultra 5G,Premium,7255680,81,0.9068283902606832,Average Value,1,1,0,qualcomm,Snapdragon 8s Gen3,8.0,3.0,12.0,512.0,4500.0,125.0,36.0,Super Fast,6.7,144.0,64.0,50.0,3,Android v14,2
poco,Poco X8 Pro Max 5G (12GB RAM + 512GB),Premium,9023808,84,1.3753563918953688,Value King,1,0,1,mediatek,Dimensity 9500s,8.0,3.73,12.0,512.0,9000.0,100.0,90.0,Standard,6.83,120.0,50.0,20.0,2,Android v16,2
samsung,Samsung Galaxy F70e 5G (6GB RAM + 128GB),Mid-Range,3070080,58,-0.9130837440947176,Average Value,1,0,0,mediatek,Dimensity 6300,8.0,2.4,6.0,128.0,6000.0,25.0,240.0,Slow Charging,6.7,120.0,50.0,8.0,2,Android v16,1
realme,Realme 17 Pro 5G,Premium,6526080,75,-0.0302276130086885,Average Value,1,0,0,unknown,Octa Core Processor,8.0,2.5,8.0,128.0,7500.0,100.0,75.0,Standard,6.83,144.0,200.0,50.0,2,Android v17,0
xiaomi,Xiaomi Redmi 15 5G (8GB RAM + 256GB),Mid-Range,3743808,62,-0.2172343804763398,Average Value,1,0,1,qualcomm,Snapdragon 6s Gen3,8.0,2.3,8.0,256.0,7000.0,33.0,212.12121212121207,Slow Charging,6.9,144.0,50.0,8.0,2,Android v15,1
oppo,OPPO K13x 5G (8GB RAM +128GB),Mid-Range,3432960,55,-1.4349707668085008,Overpriced,1,0,0,mediatek,Dimensity 6300,8.0,2.4,8.0,128.0,6000.0,45.0,133.33333333333334,Standard,6.67,120.0,50.0,8.0,2,Android v15,1
lava,Lava Storm Play 5G (8GB RAM + 256GB),Budget,2591808,57,0.9852561984801465,Average Value,1,0,0,mediatek,Dimensity 7060,8.0,2.6,8.0,256.0,5000.0,18.0,277.77777777777777,Slow Charging,6.75,120.0,50.0,8.0,2,Android v15,1
realme,Realme GT 8T,Premium,7103808,75,-0.0302276130086885,Average Value,1,1,0,unknown,Octa Core Processor,8.0,2.5,8.0,256.0,7000.0,120.0,58.333333333333336,Super Fast,6.8,120.0,50.0,32.0,2,Android v16,3
samsung,Samsung Galaxy M16 5G (8GB RAM + 128GB),Mid-Range,2975808,57,-1.087046084999312,Overpriced,1,1,0,mediatek,Dimensity 6300,8.0,2.4,8.0,128.0,5000.0,25.0,200.0,Standard,6.7,90.0,50.0,13.0,3,Android v14,1
xiaomi,Xiaomi Redmi 14C 5G (6GB RAM + 128GB),Budget,2303808,53,0.2911960342500169,Average Value,1,0,0,qualcomm,Snapdragon 4 Gen2,8.0,2.2,6.0,128.0,5160.0,18.0,286.6666666666667,Slow Charging,6.88,120.0,50.0,8.0,2,Android v14,1
realme,Realme P3 Pro 5G,Mid-Range,4031808,63,-0.0432720395717453,Average Value,1,0,0,qualcomm,Snapdragon 7s Gen3,8.0,2.5,8.0,128.0,6000.0,80.0,75.0,Standard,6.83,120.0,50.0,16.0,2,Android v15,3
xiaomi,Xiaomi Redmi Note 14 Pro Plus,Mid-Range,5183808,68,0.8265396649512267,Average Value,1,0,1,qualcomm,Snapdragon 7s Gen3,8.0,2.5,8.0,128.0,6200.0,90.0,68.88888888888889,Super Fast,6.67,120.0,50.0,20.0,3,Android v14,3
apple,Apple iPhone 14,Premium,10020480,58,-2.685219622271908,Overpriced,1,1,0,apple,Bionic A15,6.0,3.22,6.0,128.0,3279.0,45.0,112.5,Slow Charging,6.1,120.0,12.0,12.0,2,iOS v16,1
poco,Poco X8 Pro Iron Man Edition,Premium,7295808,77,0.2821243880811019,Average Value,1,0,1,mediatek,Dimensity 8500 Ultra,8.0,3.4,12.0,256.0,6500.0,100.0,65.0,Super Fast,6.59,120.0,50.0,20.0,2,Android v16,3
oppo,OPPO Reno 16 5G,Premium,9215808,77,0.2821243880811019,Average Value,1,0,1,unknown,Octa Core Processor,8.0,2.5,8.0,256.0,7000.0,100.0,70.0,Standard,6.67,120.0,200.0,50.0,3,Android v17,0
motorola,Motorola Signature (16GB RAM + 1TB),Flagship,13439808,90,0.7778832211763133,Average Value,1,1,0,qualcomm,Snapdragon 8 Gen5,8.0,3.8,16.0,1.0,5200.0,90.0,57.77777777777778,Super Fast,6.8,165.0,50.0,50.0,3,Android v16,0
xiaomi,Xiaomi Redmi Turbo 5 Max,Premium,7679808,77,0.2821243880811019,Average Value,1,1,1,mediatek,Dimensity 9500s,8.0,3.73,12.0,256.0,9000.0,100.0,90.0,Standard,6.83,120.0,50.0,20.0,2,Android v16,3
samsung,Samsung Galaxy A08,Budget,1918080,44,-1.2704393352677743,Overpriced,0,0,0,mediatek,Helio G100,8.0,2.5,4.0,128.0,5000.0,45.0,112.5,Slow Charging,6.67,90.0,50.0,8.0,2,Android v16,1
motorola,Motorola Moto G35 5G (8GB RAM + 128GB),Budget,2609280,58,1.1587712395376788,Value King,1,0,0,unisoc,Unisoc T760,8.0,2.2,8.0,128.0,5000.0,18.0,277.77777777777777,Slow Charging,6.72,120.0,50.0,16.0,2,Android v14,1
tecno,Tecno Pova Slim 5G,Mid-Range,3845760,58,-0.9130837440947176,Average Value,1,0,1,mediatek,Dimensity 6400,8.0,2.5,8.0,128.0,5160.0,45.0,114.66666666666669,Standard,6.78,144.0,50.0,13.0,2,Android v15,1
vivo,Vivo T4 Pro 5G (12GB RAM + 256GB),Premium,6142080,74,-0.1864036135535838,Average Value,1,0,1,qualcomm,Snapdragon 7 Gen4,8.0,2.8,12.0,256.0,6500.0,90.0,72.22222222222223,Standard,6.77,120.0,50.0,32.0,3,Android v15,3
vivo,Vivo T4 Lite 5G (6 GB RAM +128 GB),Budget,2879808,53,0.2911960342500169,Average Value,1,0,0,mediatek,Dimensity 6300,8.0,2.4,6.0,128.0,6000.0,15.0,400.0,Slow Charging,6.74,90.0,50.0,5.0,2,Android v15,1
realme,Realme 15x 5G,Mid-Range,3647808,61,-0.3911967213809342,Average Value,1,0,0,mediatek,Dimensity 6300,8.0,2.4,6.0,128.0,7000.0,60.0,116.66666666666669,Standard,6.81,144.0,50.0,50.0,2,Android v15,0
realme,Realme 14 Pro Plus 5G,Mid-Range,4799808,67,0.6525773240466323,Average Value,1,0,0,qualcomm,Snapdragon 7s Gen3,8.0,2.5,8.0,128.0,6000.0,80.0,75.0,Standard,6.83,120.0,50.0,32.0,3,Android v15,3
oppo,OPPO Reno 13 5G,Premium,6719808,71,-0.6549316151882696,Average Value,1,1,1,mediatek,Dimensity 8350,8.0,3.35,8.0,128.0,5600.0,80.0,70.0,Standard,6.59,120.0,50.0,50.0,3,Android v15,0
apple,Apple iPhone 15 (256GB),Flagship,13420800,64,-2.3256385078010684,Overpriced,1,1,0,apple,Bionic A16,6.0,3.46,6.0,256.0,3349.0,45.0,112.5,Slow Charging,6.1,120.0,48.0,12.0,2,iOS v17,3
vivo,Vivo V70 5G (12GB RAM + 512GB),Premium,10559808,84,1.3753563918953688,Value King,1,1,1,qualcomm,Snapdragon 7 Gen4,8.0,2.8,12.0,512.0,6500.0,90.0,72.22222222222223,Standard,6.59,120.0,50.0,50.0,3,Android v16,2
samaung,Samaung Galaxy F70e,Budget,2534400,58,1.1587712395376788,Value King,1,0,0,mediatek,Dimensity 6300,8.0,2.4,4.0,128.0,6000.0,25.0,240.0,Slow Charging,6.7,120.0,50.0,8.0,2,Android v16,1
realme,Realme P4x 5G (8GB RAM + 128GB),Mid-Range,3430848,62,-0.2172343804763398,Average Value,1,0,0,mediatek,Dimensity 7400 Ultra,8.0,2.6,8.0,128.0,7000.0,45.0,155.55555555555554,Standard,6.72,144.0,50.0,8.0,2,Android v15,1
tecno,Tecno Camon 50 Ultra,Premium,6718080,66,-1.435811617912746,Overpriced,1,1,1,mediatek,Dimensity 7400 Ultimate,8.0,2.6,8.0,256.0,6500.0,45.0,112.5,Slow Charging,6.78,144.0,50.0,50.0,3,Android v16,0
motorola,Motorola Moto G06 Power,Budget,1919808,48,-0.5763791710376449,Average Value,0,0,0,mediatek,Helio G81,8.0,2.0,4.0,64.0,7000.0,45.0,112.5,Slow Charging,6.88,120.0,50.0,8.0,1,Android v15,1
vivo,Vivo V70 Lite,Mid-Range,4030080,64,0.130690301332849,Average Value,1,1,0,unknown,Octa Core Processor,8.0,2.5,8.0,256.0,7000.0,100.0,70.0,Standard,6.78,120.0,50.0,32.0,2,Android v16,3
realme,Realme 16T 5G,Mid-Range,4222080,64,0.130690301332849,Average Value,1,0,1,mediatek,Dimensity,8.0,2.5,8.0,128.0,7500.0,80.0,93.75,Standard,6.57,120.0,50.0,50.0,2,Android v16,0
ai+,Ai+ Nova 5G,Budget,2111808,53,0.2911960342500169,Average Value,1,0,0,unisoc,Unisoc T8200,8.0,2.5,6.0,128.0,5000.0,18.0,277.77777777777777,Slow Charging,6.75,120.0,50.0,5.0,2,Android v15,1
realme,Realme GT 7 (12GB RAM + 512GB),Premium,8063808,85,1.5315323924402642,Value King,1,1,1,mediatek,Dimensity 9400e,8.0,3.4,12.0,512.0,7000.0,120.0,58.333333333333336,Super Fast,6.78,120.0,50.0,32.0,3,Android v15,2
iqoo,iQOO Neo 10R (8GB RAM + 256GB),Premium,6522624,74,-0.1864036135535838,Average Value,1,0,1,qualcomm,Snapdragon 8s Gen3,8.0,3.0,8.0,256.0,6400.0,80.0,80.0,Standard,6.78,144.0,50.0,32.0,2,Android v15,3
poco,Poco X7 5G (8GB RAM + 256GB),Mid-Range,3839808,66,0.4786149831420379,Average Value,1,1,1,mediatek,Dimensity 7300 Ultra,8.0,2.5,8.0,256.0,5500.0,45.0,122.22222222222224,Standard,6.67,120.0,50.0,20.0,3,Android v14,3
samsung,Samsung Galaxy A06 5G,Budget,2111808,52,0.1176809931924845,Average Value,1,0,0,mediatek,Dimensity 6300,8.0,2.4,4.0,64.0,5000.0,25.0,200.0,Standard,6.7,90.0,50.0,8.0,2,Android v15,1
samsung,Samsung Galaxy M15 5G Prime Edition (8GB RAM +128GB),Budget,2553216,54,0.4647110753075493,Average Value,1,0,0,mediatek,Dimensity 6100 Plus,8.0,2.2,8.0,128.0,6000.0,25.0,240.0,Slow Charging,6.5,90.0,50.0,13.0,3,Android v14,1
google,Google Pixel 10 Pro XL,Flagship,23999808,83,-0.0576803212406741,Average Value,1,1,0,google,Tensor G5,8.0,3.78,16.0,256.0,5200.0,45.0,115.55555555555556,Standard,6.8,120.0,50.0,42.0,3,Android v16,2
google,Google Pixel 7 Pro 5G,Premium,7103808,72,-0.4987556146433743,Average Value,1,1,0,google,Google  Tensor G2,8.0,2.85,12.0,128.0,5000.0,30.0,166.66666666666666,Standard,6.7,120.0,50.0,10.8,3,Android v13,3
vivo,Vivo Y11 5G,Budget,2879808,49,-0.4028641299801125,Average Value,1,0,1,mediatek,Dimensity 6300,8.0,2.4,4.0,64.0,6500.0,15.0,433.3333333333333,Slow Charging,6.74,120.0,13.0,5.0,2,Android v16,1
tecno,Tecno Pova Curve 2,Mid-Range,5049408,63,-0.0432720395717453,Average Value,1,0,1,mediatek,Dimensity 7100,8.0,2.4,8.0,128.0,8000.0,45.0,177.77777777777777,Standard,6.78,144.0,50.0,13.0,2,Android v16,1
nothing,Nothing Phone 3a Lite (8GB RAM + 256GB),Mid-Range,4567680,64,0.130690301332849,Average Value,1,1,0,mediatek,Dimensity 7300 Pro,8.0,2.5,8.0,256.0,5000.0,33.0,151.5151515151515,Standard,6.77,120.0,50.0,16.0,3,Android v15,3
samsung,Samsung Galaxy M17 5G (6GB RAM + 128GB),Mid-Range,2975808,55,-1.4349707668085008,Overpriced,1,1,0,samsung,Exynos 1330,8.0,2.4,6.0,128.0,5000.0,25.0,200.0,Standard,6.7,90.0,50.0,13.0,3,Android v15,1
nothing,Nothing Phone (4a) Pro (8GB RAM + 256GB),Premium,8211840,76,0.1259483875362067,Average Value,1,1,0,qualcomm,Snapdragon 7 Gen 4,8.0,2.8,8.0,256.0,5400.0,50.0,108.0,Standard,6.83,144.0,50.0,32.0,3,Android v16,3
itel,itel Super 26 Ultra,Budget,1919808,49,-0.4028641299801125,Average Value,0,1,1,unisoc,Unisoc T7300,8.0,2.2,8.0,128.0,6000.0,18.0,333.3333333333333,Slow Charging,6.8,144.0,50.0,16.0,2,Android v15,1
samsung,Samsung Galaxy A17 5G (8GB RAM + 128GB),Mid-Range,3839808,59,-0.7391214031901231,Average Value,1,1,0,samsung,Exynos 1330,8.0,2.4,8.0,128.0,5000.0,25.0,200.0,Standard,6.7,90.0,50.0,13.0,3,Android v15,1
samsung,Samsung Galaxy F36 5G,Mid-Range,3628800,62,-0.2172343804763398,Average Value,1,1,0,samsung,Exynos 1380,8.0,2.4,6.0,128.0,5000.0,25.0,200.0,Standard,6.7,120.0,50.0,13.0,3,Android v15,3
xiaomi,Xiaomi Redmi A5 4G,Budget,1535808,45,-1.096924294210242,Overpriced,0,0,0,unisoc,Unisoc T7250,8.0,1.8,3.0,64.0,5200.0,15.0,346.6666666666667,Slow Charging,6.88,120.0,32.0,8.0,1,Android v15,1
realme,Realme P3 5G (8GB RAM + 128GB),Mid-Range,3263808,63,-0.0432720395717453,Average Value,1,1,0,qualcomm,Snapdragon 6 Gen4,8.0,2.3,8.0,128.0,6000.0,45.0,133.33333333333334,Standard,6.67,120.0,50.0,16.0,2,Android v15,3
vivo,Vivo T4x 5G (8GB RAM + 256GB),Mid-Range,4012608,58,-0.9130837440947176,Average Value,1,0,1,mediatek,Dimensity 7300,8.0,2.5,8.0,256.0,6500.0,44.0,147.72727272727272,Standard,6.72,120.0,50.0,8.0,2,Android v15,1
realme,Realme P1 5G (8GB RAM+ 128GB),Budget,2879808,58,1.1587712395376788,Value King,1,0,0,mediatek,Dimensity 7050,8.0,2.6,8.0,128.0,5000.0,45.0,111.11111111111111,Standard,6.67,120.0,50.0,16.0,2,Android v14,3
vivo,Vivo V40 5G,Premium,6719808,70,-0.8111076157331649,Average Value,1,0,0,qualcomm,Snapdragon 7 Gen3,8.0,2.63,8.0,128.0,5500.0,80.0,68.75,Super Fast,6.78,120.0,50.0,50.0,2,Android v14,0
nothing,Nothing Phone 2a (8GB RAM + 256GB),Mid-Range,4799808,70,1.1744643467604154,Value King,1,1,0,mediatek,Dimensity 7200 Pro,8.0,2.8,8.0,256.0,5000.0,45.0,111.11111111111111,Standard,6.7,120.0,50.0,32.0,2,Android v14,3
xiaomi,Xiaomi Redmi Note 13 5G (8GB RAM + 256GB),Mid-Range,3263808,63,-0.0432720395717453,Average Value,1,0,1,mediatek,Dimensity 6080,8.0,2.4,8.0,256.0,5000.0,33.0,151.5151515151515,Standard,6.67,120.0,108.0,16.0,3,Android v13,3
motorola,Motorola Moto Edge 50 Neo,Mid-Range,4031808,66,0.4786149831420379,Average Value,1,1,0,mediatek,Dimensity 7300,8.0,2.5,8.0,256.0,4310.0,68.0,63.38235294117647,Super Fast,6.4,120.0,50.0,32.0,3,Android v14,3
nothing,Nothing Phone 3 5G,Flagship,15359808,83,-0.0576803212406741,Average Value,1,1,0,qualcomm,Snapdragon 8s Gen4,8.0,3.2,12.0,256.0,5500.0,65.0,84.61538461538461,Standard,6.67,120.0,50.0,50.0,3,Android v15,0
oneplus,OnePlus Nord CE 4 Lite 5G,Mid-Range,3839808,63,-0.0432720395717453,Average Value,1,0,0,qualcomm,Snapdragon 695,8.0,2.2,8.0,128.0,5500.0,80.0,68.75,Super Fast,6.67,120.0,50.0,16.0,2,Android v14,3
samsung,Samsung Galaxy M35 5G,Mid-Range,3839808,61,-0.3911967213809342,Average Value,1,1,0,samsung,Exynos 1380,8.0,2.4,6.0,128.0,6000.0,25.0,240.0,Slow Charging,6.6,120.0,50.0,13.0,3,Android v14,1
vivo,Vivo V70 Elite 5G (12GB RAM + 512GB),Flagship,11903808,86,0.3004183397951776,Average Value,1,1,1,qualcomm,Snapdragon 8s Gen3,8.0,3.0,12.0,512.0,6500.0,90.0,72.22222222222223,Standard,6.59,120.0,50.0,50.0,3,Android v16,2
realme,Realme 16 Pro 5G (8GB RAM + 256GB),Premium,7295808,77,0.2821243880811019,Average Value,1,0,0,mediatek,Dimensity 7300 Max,8.0,2.5,8.0,256.0,7000.0,80.0,87.5,Standard,6.78,144.0,200.0,50.0,2,Android v16,0
infinix,Infinix Note Edge 5G,Mid-Range,4415808,66,0.4786149831420379,Average Value,1,1,1,mediatek,Dimensity 7100,8.0,2.4,6.0,128.0,6500.0,45.0,144.44444444444446,Standard,6.78,120.0,50.0,13.0,2,Android v16,1
oneplus,OnePlus 16R 5G,Premium,9791808,80,0.7506523897157878,Average Value,1,1,1,qualcomm,Octa Core Processor,8.0,2.5,12.0,256.0,7500.0,120.0,62.5,Super Fast,6.82,165.0,50.0,32.0,3,Android v17,0
oppo,Oppo Find X9s,Premium,9790080,83,1.2191803913504735,Value King,1,1,1,mediatek,Dimensity 9500s,8.0,2.5,12.0,256.0,10000.0,80.0,125.0,Standard,6.3,120.0,200.0,32.0,3,Android v15,2
xiaomi,Xiaomi 17 Pro Max,Flagship,20350080,94,1.2553481025574489,Value King,1,1,1,qualcomm,Snapdragon 8 Elite Gen 5,8.0,4.6,12.0,512.0,7500.0,100.0,75.0,Standard,6.9,120.0,50.0,16.0,2,Android v16,2
nothing,Nothing Phone 4a (12GB RAM + 256GB),Premium,6946944,74,-0.1864036135535838,Average Value,1,1,0,qualcomm,Snapdragon 7s Gen4,8.0,2.7,12.0,256.0,5400.0,50.0,108.0,Standard,6.78,120.0,50.0,32.0,3,Android v16,3
oppo,Oppo K13 Turbo (8GB RAM + 256GB),Mid-Range,5759808,70,1.1744643467604154,Value King,1,0,1,mediatek,Dimensity 8450,8.0,3.25,8.0,256.0,7000.0,80.0,87.5,Standard,6.8,120.0,50.0,16.0,2,Android v15,3
iqoo,iQOO 15 Ultra,Flagship,19198080,88,0.5391507804857454,Average Value,1,1,1,qualcomm,Snapdragon 8 Elite Gen 5,8.0,4.6,16.0,256.0,7400.0,100.0,74.0,Standard,6.85,144.0,50.0,32.0,3,Android v16,2
iqoo,iQOO Neo 10 (8GB RAM + 256GB),Premium,7103616,80,0.7506523897157878,Average Value,1,1,1,qualcomm,Snapdragon 8s Gen4,8.0,3.2,8.0,256.0,7000.0,120.0,58.333333333333336,Super Fast,6.78,144.0,50.0,32.0,2,Android v15,3
realme,Realme C100,Mid-Range,3070080,58,-0.9130837440947176,Average Value,1,0,0,unknown,Octa Core Processor,8.0,2.5,8.0,128.0,7500.0,44.0,170.45454545454547,Standard,6.67,144.0,50.0,16.0,2,Android v16,1
vivo,Vivo X300s,Flagship,13246080,88,0.5391507804857454,Average Value,1,1,1,mediatek,Dimensity 9500,8.0,4.21,12.0,256.0,7100.0,90.0,78.88888888888889,Standard,6.78,144.0,200.0,50.0,3,Android v16,2
lava,Lava Agni 4 5G,Mid-Range,4799808,70,1.1744643467604154,Value King,1,0,0,mediatek,Dimensity 8350,8.0,3.35,8.0,256.0,5000.0,66.0,75.75757575757575,Standard,6.67,120.0,50.0,50.0,2,Android v15,0
vivo,Vivo Y04,Budget,1726080,41,-1.7909844584403716,Overpriced,0,0,0,unisoc,Unisoc T7225,8.0,2.0,4.0,64.0,5000.0,18.0,277.77777777777777,Slow Charging,6.74,90.0,13.0,5.0,2,Android v14,1
nubia,Nubia Z70 Ultra,Premium,10366080,80,0.7506523897157878,Average Value,1,1,1,qualcomm,Snapdragon 8 Elite,8.0,4.32,12.0,256.0,6150.0,80.0,76.875,Standard,6.85,144.0,64.0,16.0,3,Android v15,2
iqoo,iQOO Z10 Turbo,Mid-Range,4222080,70,1.1744643467604154,Value King,1,1,1,mediatek,Dimensity 8400,8.0,3.25,12.0,256.0,7620.0,90.0,84.66666666666667,Standard,6.78,144.0,50.0,16.0,2,Android v15,3
infinix,Infinix Hot 50 5G (8 GB RAM + 128 GB),Budget,2111808,54,0.4647110753075493,Average Value,1,0,0,mediatek,Dimensity 6300,8.0,2.4,8.0,128.0,5000.0,18.0,277.77777777777777,Slow Charging,6.7,120.0,48.0,8.0,2,Android v14,1
vivo,Vivo X200 5G,Premium,11518080,80,0.7506523897157878,Average Value,1,1,1,mediatek,Dimensity 9400,8.0,3.63,12.0,256.0,5800.0,90.0,64.44444444444444,Super Fast,6.67,120.0,50.0,32.0,3,Android v15,2
oppo,OPPO Reno 11,Mid-Range,5567808,70,1.1744643467604154,Value King,1,1,1,mediatek,Dimensity 7050,8.0,2.6,8.0,128.0,5000.0,67.0,74.6268656716418,Standard,6.7,120.0,50.0,32.0,3,Android v14,3
vivo,Vivo T2x 5G,Budget,2303808,50,-0.2293490889225801,Average Value,1,0,0,mediatek,Dimensity 6020,8.0,2.2,4.0,128.0,5000.0,18.0,277.77777777777777,Slow Charging,6.58,120.0,50.0,8.0,2,Android v13,1
honor,Honor X80i,Mid-Range,4798080,61,-0.3911967213809342,Average Value,1,1,1,mediatek,Dimensity 6500  Elite,8.0,2.6,8.0,128.0,7000.0,45.0,155.55555555555554,Standard,6.6,120.0,50.0,8.0,1,Android v16,1
samsung,Samsung Galaxy A57 (12GB RAM + 256GB),Flagship,11999808,75,-1.0126100840029455,Overpriced,1,1,0,samsung,Exynos 1680,8.0,2.9,12.0,256.0,5000.0,45.0,111.11111111111111,Standard,6.7,120.0,50.0,12.0,3,Android v16,3
red,Red Magic 11 Air,Premium,9022080,75,-0.0302276130086885,Average Value,1,1,1,qualcomm,Snapdragon 8 Elite,8.0,4.32,12.0,256.0,7000.0,120.0,58.333333333333336,Super Fast,6.85,144.0,50.0,16.0,2,Android v16,3
realme,Realme GT 8 Pro (16GB RAM + 512GB),Flagship,15167808,95,1.3747143229027328,Value King,1,1,1,qualcomm,Snapdragon 8 Elite Gen 5,8.0,4.6,16.0,512.0,7000.0,120.0,58.333333333333336,Super Fast,6.79,144.0,200.0,32.0,3,Android v16,2
xiaomi,Xiaomi Redmi K90 Pro Max,Premium,9790080,86,1.6877083929851595,Value King,1,1,1,qualcomm,Snapdragon 8 Elite Gen 5,8.0,4.6,12.0,256.0,7500.0,100.0,75.0,Standard,6.9,120.0,50.0,32.0,3,Android v16,2
infinix,Infinix GT 30 Pro 5G (12GB RAM + 256GB),Mid-Range,5759808,77,2.3922007330925763,Performance Beast,1,1,1,mediatek,Dimensity 8350 Ultimate,8.0,3.35,12.0,256.0,5500.0,45.0,122.22222222222224,Standard,6.78,144.0,108.0,13.0,2,Android v15,3
vivo,Vivo T4 5G (8GB RAM + 256GB),Mid-Range,5065920,67,0.6525773240466323,Average Value,1,0,1,qualcomm,Snapdragon 7s Gen3,8.0,2.5,8.0,256.0,7300.0,90.0,81.11111111111111,Standard,6.77,120.0,50.0,32.0,2,Android v15,3
samsung,Samsung Galaxy S25 Ultra (12GB RAM + 512GB),Flagship,26687424,90,0.7778832211763133,Average Value,1,1,0,qualcomm,Snapdragon 8 Elite for Galaxy,8.0,4.47,12.0,512.0,5000.0,45.0,111.11111111111111,Standard,6.9,120.0,200.0,12.0,4,Android v15,2
tecno,Tecno Pop 9 5G (8GB RAM + 128GB),Budget,2111808,55,0.6382261163650816,Average Value,1,1,1,mediatek,Dimensity 6300,8.0,2.4,8.0,128.0,5000.0,18.0,277.77777777777777,Slow Charging,6.67,120.0,48.0,8.0,2,Android v14,1
xiaomi,Xiaomi Redmi 14C 5G (4GB RAM + 128GB),Budget,2015808,53,0.2911960342500169,Average Value,1,0,0,qualcomm,Snapdragon 4 Gen2,8.0,2.2,4.0,128.0,5160.0,18.0,286.6666666666667,Slow Charging,6.88,120.0,50.0,8.0,2,Android v14,1
poco,Poco C85 5G,Budget,2485440,57,0.9852561984801465,Average Value,1,1,0,mediatek,Dimensity 6300,8.0,2.4,4.0,128.0,6000.0,33.0,181.8181818181818,Standard,6.9,120.0,50.0,8.0,2,Android v15,1
poco,Poco M7 Pro 5G (8GB RAM + 256GB),Mid-Range,3455808,62,-0.2172343804763398,Average Value,1,0,1,mediatek,Dimensity 7025 Ultra,8.0,2.5,8.0,256.0,5110.0,45.0,113.55555555555556,Standard,6.67,120.0,50.0,20.0,2,Android v14,3
poco,Poco C75 5G,Budget,2103744,50,-0.2293490889225801,Average Value,1,0,0,qualcomm,Snapdragon 4s Gen2,8.0,2.0,4.0,64.0,5160.0,18.0,286.6666666666667,Slow Charging,6.88,120.0,50.0,5.0,2,Android v14,1
apple,Apple iPhone 16 (256GB),Flagship,15340800,70,-1.609441185729365,Overpriced,1,1,0,apple,Bionic A18,6.0,4.04,8.0,256.0,3561.0,45.0,112.5,Slow Charging,6.1,120.0,48.0,12.0,2,iOS v18,3
samsung,Samsung Galaxy A55 5G (12GB RAM + 256GB),Premium,7679808,66,-1.435811617912746,Overpriced,1,1,0,samsung,Exynos 1480,8.0,2.7,12.0,256.0,5000.0,25.0,200.0,Standard,6.6,120.0,50.0,32.0,3,Android v14,3
google,Google Pixel 8 5G,Premium,10175808,64,-1.7481636190025365,Overpriced,1,1,0,google,Tensor G3,9.0,3.0,8.0,128.0,4575.0,30.0,152.5,Standard,6.2,120.0,50.0,10.5,2,Android v14,1
xiaomi,Xiaomi Redmi 15A 5G (4GB RAM + 128GB),Budget,2783808,58,1.1587712395376788,Value King,1,0,1,unisoc,Unisoc T8300,8.0,2.2,4.0,128.0,6300.0,33.0,190.9090909090909,Standard,6.9,120.0,32.0,8.0,1,Android v16,1
poco,Poco X8 Pro 5G (12GB RAM + 256GB),Premium,6911808,77,0.2821243880811019,Average Value,1,0,1,mediatek,Dimensity 8500 Ultra,8.0,3.4,12.0,256.0,6500.0,100.0,65.0,Super Fast,6.59,120.0,50.0,20.0,2,Android v16,3
oppo,OPPO K14x 5G  (6GB RAM + 128GB),Mid-Range,3451776,55,-1.4349707668085008,Overpriced,1,0,0,mediatek,Dimensity 6300,8.0,2.4,6.0,128.0,6500.0,45.0,144.44444444444446,Standard,6.75,120.0,50.0,5.0,2,Android v15,1
realme,Realme 17 Pro Plus 5G,Premium,8254080,79,0.5944763891708925,Average Value,1,1,1,unknown,Octa Core Processor,8.0,2.5,8.0,128.0,8000.0,80.0,100.0,Standard,6.8,144.0,200.0,50.0,3,Android v17,0
xiaomi,Xiaomi Redmi Note 15 Pro 5G (8GB RAM + 256GB),Premium,5951808,74,-0.1864036135535838,Average Value,1,0,1,mediatek,Dimensity 7400 Ultra,8.0,2.6,8.0,256.0,6580.0,45.0,146.22222222222223,Standard,6.83,120.0,200.0,20.0,2,Android v15,3
xiaomi,Xiaomi Redmi 16C 5G,Budget,2687808,54,0.4647110753075493,Average Value,1,0,0,unknown,Octa Core Processor,8.0,2.5,4.0,128.0,6500.0,33.0,196.96969696969697,Standard,6.91,120.0,50.0,16.0,2,Android v16,1
vivo,Vivo Y51 Pro 5G (256GB),Mid-Range,5375808,62,-0.2172343804763398,Average Value,1,0,1,mediatek,Dimensity 7360 Turbo,8.0,2.5,8.0,256.0,7200.0,44.0,163.63636363636363,Standard,6.75,120.0,50.0,8.0,2,Android v16,3
vivo,Vivo S50 Pro Mini,Premium,9406080,81,0.9068283902606832,Average Value,1,1,1,qualcomm,Snapdragon 8 Gen5,8.0,3.84,12.0,256.0,6500.0,90.0,72.22222222222223,Standard,6.31,120.0,50.0,50.0,3,Android v16,0
vivo,Vivo Y31 5G (6GB RAM + 128GB),Mid-Range,4031808,58,-0.9130837440947176,Average Value,1,0,0,qualcomm,Snapdragon 4 Gen2,8.0,2.2,6.0,128.0,6500.0,44.0,147.72727272727272,Standard,6.68,120.0,50.0,8.0,1,Android v15,1
infinix,Infinix Hot 60i 5G,Budget,2207808,57,0.9852561984801465,Average Value,1,0,1,mediatek,Dimensity 6400,8.0,2.5,4.0,128.0,6000.0,45.0,133.33333333333334,Standard,6.75,120.0,50.0,5.0,1,Android v15,1
tecno,Tecno Pova 7 5G (8GB RAM + 256GB),Mid-Range,3071808,62,-0.2172343804763398,Average Value,1,1,1,mediatek,Dimensity 7300 Ultimate,8.0,2.5,8.0,256.0,6000.0,45.0,133.33333333333334,Standard,6.78,144.0,50.0,13.0,2,Android v15,3
vivo,Vivo X200 FE (16GB RAM + 512GB),Premium,11519808,86,1.6877083929851595,Value King,1,1,1,mediatek,Dimensity 9300 Plus,8.0,3.25,16.0,512.0,6500.0,90.0,72.22222222222223,Standard,6.31,120.0,50.0,50.0,3,Android v15,2
iqoo,iQOO Z10 Lite 5G (6GB RAM + 128GB),Budget,2879808,52,0.1176809931924845,Average Value,1,0,0,mediatek,Dimensity 6300,8.0,2.4,6.0,128.0,6000.0,15.0,400.0,Slow Charging,6.74,90.0,50.0,5.0,2,Android v15,1
acer,Acer Super ZX 5G  (6GB RAM + 128GB),Budget,2399808,53,0.2911960342500169,Average Value,1,0,0,mediatek,Dimensity 6300,8.0,2.4,6.0,128.0,5000.0,33.0,151.5151515151515,Standard,6.8,120.0,64.0,13.0,3,Android v15,3
oneplus,OnePlus 13T,Premium,7678080,79,0.5944763891708925,Average Value,1,1,1,qualcomm,Snapdragon 8 Elite,8.0,4.32,12.0,256.0,6260.0,80.0,78.25,Standard,6.32,120.0,50.0,16.0,2,Android v15,3
apple,Apple iPhone 16 Pro (256GB),Flagship,21790080,76,-0.8932438636576615,Average Value,1,1,0,apple,Bionic A18 Pro,6.0,4.05,8.0,256.0,3582.0,45.0,112.5,Slow Charging,6.3,120.0,48.0,12.0,3,iOS v18,3
xiaomi,Xiaomi Redmi A4 5G,Budget,2111808,50,-0.2293490889225801,Average Value,1,0,0,qualcomm,Snapdragon 4s Gen2,8.0,2.0,4.0,64.0,5160.0,18.0,286.6666666666667,Slow Charging,6.88,120.0,50.0,5.0,2,Android v14,1
samsung,Samsung Galaxy S24 5G,Flagship,11710080,75,-1.0126100840029455,Overpriced,1,1,0,samsung,Exynos 2400,10.0,3.2,8.0,256.0,4000.0,25.0,160.0,Standard,6.2,120.0,50.0,12.0,3,Android v14,3
oneplus,OnePlus 11R 5G,Premium,6911808,66,-1.435811617912746,Overpriced,1,1,1,qualcomm,Snapdragon 8+ Gen1,8.0,3.2,8.0,128.0,5000.0,100.0,50.0,Super Fast,6.74,120.0,50.0,16.0,3,Android v13,3
xiaomi,Xiaomi Redmi Note 15 Pro Plus (12GB RAM + 512GB),Premium,8255808,81,0.9068283902606832,Average Value,1,1,1,qualcomm,Snapdragon 7s Gen4,8.0,2.7,12.0,512.0,6500.0,100.0,65.0,Super Fast,6.83,120.0,200.0,32.0,2,Android v15,2
poco,Poco F8 Ultra,Flagship,12478080,90,0.7778832211763133,Average Value,1,1,1,qualcomm,Snapdragon 8 Elite Gen 5,8.0,4.6,12.0,256.0,6500.0,100.0,65.0,Super Fast,6.9,120.0,50.0,32.0,3,Android v16,2
apple,Apple iPhone 17 Pro Max (2TB),Flagship,42814080,84,0.0616858991046097,Average Value,1,1,0,apple,Apple A19 Pro,6.0,2.5,12.0,2.0,4832.0,45.0,112.5,Slow Charging,6.9,120.0,48.0,18.0,3,iOS v26,3
samsung,Samsung Galaxy M07 4G,Budget,1823808,46,-0.9234092531527096,Average Value,0,0,0,mediatek,Helio G99,8.0,2.2,4.0,64.0,5000.0,25.0,200.0,Standard,6.7,120.0,50.0,8.0,2,Android v15,1
samsung,Samsung Galaxy A17 5G (8GB RAM + 256GB),Mid-Range,5087808,61,-0.3911967213809342,Average Value,1,1,0,samsung,Exynos 1330,8.0,2.4,8.0,256.0,5000.0,25.0,200.0,Standard,6.7,90.0,50.0,13.0,3,Android v15,3
tecno,Tecno Spark 40 Pro Plus,Mid-Range,3455808,59,-0.7391214031901231,Average Value,0,1,1,mediatek,Helio G200,8.0,2.2,8.0,128.0,5200.0,45.0,115.55555555555556,Standard,6.78,144.0,50.0,13.0,1,Android v15,1
realme,Realme Narzo 80 Lite 5G,Budget,2537856,53,0.2911960342500169,Average Value,1,0,0,mediatek,Dimensity 6300,8.0,2.4,4.0,128.0,6000.0,15.0,400.0,Slow Charging,6.67,120.0,32.0,8.0,2,Android v15,1
iqoo,iQOO Neo 10 (12GB RAM + 256GB),Premium,7487616,80,0.7506523897157878,Average Value,1,1,1,qualcomm,Snapdragon 8s Gen4,8.0,3.2,12.0,256.0,7000.0,120.0,58.333333333333336,Super Fast,6.78,144.0,50.0,32.0,2,Android v15,3
oneplus,OnePlus 13R (16GB RAM + 512GB),Premium,8831808,81,0.9068283902606832,Average Value,1,1,1,qualcomm,Snapdragon 8 Gen3,8.0,3.3,16.0,512.0,6000.0,80.0,75.0,Standard,6.78,120.0,50.0,16.0,3,Android v15,2
infinix,Infinix Smart 9 HD,Budget,1286208,43,-1.4439543763253069,Overpriced,0,0,1,mediatek,Helio G50,8.0,2.2,3.0,64.0,5000.0,10.0,500.0,Slow Charging,6.7,90.0,13.0,8.0,1,Android v14,1
honor,Honor X9c,Mid-Range,4415808,63,-0.0432720395717453,Average Value,1,1,1,qualcomm,Snapdragon 6 Gen1,8.0,2.2,8.0,256.0,6600.0,66.0,100.0,Standard,6.78,120.0,108.0,16.0,2,Android v14,3
samsung,Samsung Galaxy S24 FE (256GB),Premium,8831808,71,-0.6549316151882696,Average Value,1,1,0,samsung,Exynos 2400e,10.0,3.11,8.0,256.0,4700.0,25.0,188.0,Standard,6.7,120.0,50.0,10.0,3,Android v14,3
oneplus,OnePlus Nord 4 5G (8GB RAM + 256GB),Mid-Range,5759808,70,1.1744643467604154,Value King,1,1,1,qualcomm,Snapdragon 7+ Gen3,8.0,2.8,8.0,256.0,5500.0,100.0,55.0,Super Fast,6.74,120.0,50.0,16.0,2,Android v14,3
xiaomi,Xiaomi 14 Civi,Premium,6334080,72,-0.4987556146433743,Average Value,1,1,1,qualcomm,Snapdragon 8s Gen3,8.0,3.0,8.0,256.0,4700.0,67.0,70.14925373134328,Standard,6.55,120.0,50.0,32.0,3,Android v14,3
honor,Honor 200,Mid-Range,5759808,64,0.130690301332849,Average Value,1,1,0,qualcomm,Snapdragon 7 Gen3,8.0,2.63,8.0,256.0,5200.0,100.0,52.0,Super Fast,6.7,120.0,50.0,50.0,3,Android v14,0
vivo,Vivo Y03,Budget,1342080,40,-1.964499499497904,Overpriced,0,0,0,mediatek,Helio G85,8.0,2.0,4.0,64.0,5000.0,15.0,333.3333333333333,Slow Charging,6.56,90.0,13.0,5.0,2,Android v14,1
oneplus,OnePlus 9R (12GB RAM + 256GB),Premium,5951232,64,-1.7481636190025365,Overpriced,1,1,0,qualcomm,Snapdragon 870,8.0,3.2,12.0,256.0,4500.0,65.0,69.23076923076923,Super Fast,6.55,120.0,48.0,16.0,4,Android v11,3
realme,Realme Narzo 90x (4GB+128GB),Mid-Range,3071808,57,-1.087046084999312,Overpriced,1,0,0,mediatek,Dimensity 6300,8.0,2.4,4.0,128.0,7000.0,60.0,116.66666666666669,Standard,6.8,144.0,50.0,8.0,2,Android v15,1
lava,Lava Bold N2,Budget,1574208,44,-1.2704393352677743,Overpriced,1,0,0,unisoc,UNISOC 9863a,8.0,2.5,4.0,64.0,5000.0,10.0,500.0,Slow Charging,6.75,90.0,13.0,5.0,2,Android 15 Go,1
realme,Realme 16 Pro 5G (12GB RAM + 256GB),Premium,7871808,79,0.5944763891708925,Average Value,1,0,0,mediatek,Dimensity 7300 Max,8.0,2.5,12.0,256.0,7000.0,80.0,87.5,Standard,6.78,144.0,200.0,50.0,2,Android v16,0
vivo,Vivo Y19s 5G,Mid-Range,2975808,50,-2.304782471331473,Overpriced,1,0,0,mediatek,Dimensity 6300,8.0,2.4,6.0,128.0,6000.0,15.0,400.0,Slow Charging,6.74,90.0,13.0,5.0,2,Android v15,1
xiaomi,Xiaomi 18 Pro Max,Flagship,17278080,89,0.6585170008310294,Average Value,1,1,1,qualcomm,Snapdragon 8 Elite Gen 6,8.0,2.5,12.0,512.0,8000.0,120.0,66.66666666666667,Super Fast,6.9,120.0,200.0,50.0,3,Android v17,2
iqoo,iQOO 16,Flagship,14398080,85,0.1810521194498937,Average Value,1,1,1,qualcomm,Snapdragon 8 Elite Gen 6,8.0,2.5,12.0,256.0,7500.0,150.0,50.0,Super Fast,6.89,165.0,50.0,50.0,4,Android v16,0
vivo,Vivo V60e (8GB RAM + 256GB),Premium,6527808,76,0.1259483875362067,Average Value,1,1,1,mediatek,Dimensity 7360 Turbo,8.0,2.5,8.0,256.0,6500.0,90.0,72.22222222222223,Standard,6.77,120.0,200.0,50.0,2,Android v15,0
samsung,Samsung Galaxy F17 5G (6GB RAM + 128GB),Mid-Range,3426816,57,-1.087046084999312,Overpriced,1,1,0,samsung,Exynos 1330,8.0,2.4,6.0,128.0,5000.0,25.0,200.0,Standard,6.7,90.0,50.0,13.0,3,Android v15,1
vivo,Vivo V60 5G (8GB RAM + 256GB),Premium,7487808,77,0.2821243880811019,Average Value,1,1,1,qualcomm,Snapdragon 7 Gen4,8.0,2.8,8.0,256.0,6500.0,90.0,72.22222222222223,Standard,6.77,120.0,50.0,50.0,3,Android v15,0
realme,Realme C71,Budget,1535808,43,-1.4439543763253069,Overpriced,0,0,0,unisoc,Unisoc UMS9230E,8.0,1.8,4.0,64.0,6300.0,15.0,420.0,Slow Charging,6.75,90.0,13.0,5.0,1,Android v15,1
oneplus,OnePlus Ace 6,Premium,6142080,75,-0.0302276130086885,Average Value,1,1,1,qualcomm,Snapdragon 8 Elite,8.0,4.32,12.0,256.0,7800.0,120.0,65.0,Super Fast,6.83,165.0,50.0,16.0,2,Android v16,3
nothing,Nothing Phone 3a Pro (8GB RAM + 256GB),Mid-Range,5759808,67,0.6525773240466323,Average Value,1,1,0,qualcomm,Snapdragon 7s Gen 3,8.0,2.5,8.0,256.0,5000.0,50.0,100.0,Standard,6.77,120.0,50.0,50.0,3,Android v15,0
samsung,Samsung Galaxy A36 5G (8GB RAM + 256GB),Premium,6334080,66,-1.435811617912746,Overpriced,1,1,0,qualcomm,Snapdragon 6 Gen3,8.0,2.4,8.0,256.0,5000.0,45.0,111.11111111111111,Standard,6.7,120.0,50.0,12.0,3,Android v15,3
iqoo,iQOO Z9s (8GB RAM + 256GB),Mid-Range,3987264,63,-0.0432720395717453,Average Value,1,0,0,mediatek,Dimensity 7300,8.0,2.5,8.0,256.0,5500.0,44.0,125.0,Standard,6.77,120.0,50.0,16.0,2,Android v14,3
xiaomi,Xiaomi Redmi 13 5G (8GB RAM + 128GB),Budget,2687808,59,1.3322862805952111,Value King,1,0,1,qualcomm,Snapdragon 4 Gen 2 AE,8.0,2.3,8.0,128.0,5030.0,33.0,152.42424242424244,Standard,6.79,120.0,108.0,13.0,2,Android v14,3
cmf,CMF Phone (1),Mid-Range,3071808,58,-0.9130837440947176,Average Value,1,0,0,mediatek,Dimensity 7300,8.0,2.5,6.0,128.0,5000.0,33.0,151.5151515151515,Standard,6.67,120.0,50.0,16.0,2,Android v14,1
vivo,Vivo T3x 5G (6GB RAM + 128GB),Mid-Range,3260160,55,-1.4349707668085008,Overpriced,1,0,0,qualcomm,Snapdragon 6 Gen1,8.0,2.2,6.0,128.0,6000.0,44.0,136.36363636363637,Standard,6.72,120.0,50.0,8.0,2,Android v14,1
motorola,Motorola Edge 50 Pro (12GB RAM + 256GB),Mid-Range,5182080,75,2.044276051283388,Performance Beast,1,1,0,qualcomm,Snapdragon 7 Gen3,8.0,2.63,12.0,256.0,4500.0,125.0,36.0,Super Fast,6.7,144.0,50.0,50.0,3,Android v14,0
nothing,Nothing Phone 2a,Mid-Range,4607808,70,1.1744643467604154,Value King,1,1,0,mediatek,Dimensity 7200 Pro,8.0,2.8,8.0,128.0,5000.0,45.0,111.11111111111111,Standard,6.7,120.0,50.0,32.0,2,Android v14,3
vivo,Vivo T3 5G,Mid-Range,3551808,61,-0.3911967213809342,Average Value,1,0,0,mediatek,Dimensity 7200,8.0,2.8,8.0,128.0,5000.0,44.0,113.63636363636364,Standard,6.67,120.0,50.0,16.0,3,Android v14,3
google,Google Pixel 9,Flagship,15359808,75,-1.0126100840029455,Overpriced,1,1,0,google,Tensor G4,8.0,3.1,12.0,256.0,4700.0,27.0,174.07407407407408,Standard,6.3,120.0,50.0,10.5,2,Android v14,3
motorola,Motorola Edge 30 Pro 5G,Premium,6718080,71,-0.6549316151882696,Average Value,1,1,0,qualcomm,Snapdragon 8 Gen1,8.0,3.0,8.0,128.0,4800.0,68.0,70.58823529411765,Standard,6.7,144.0,50.0,60.0,3,Android v12,0
ai+,Ai+ Pulse 2 (6GB RAM + 128GB),Budget,1727808,48,-0.5763791710376449,Average Value,0,0,0,unisoc,Unisoc T7250,8.0,1.8,6.0,128.0,6000.0,10.0,600.0,Slow Charging,6.75,120.0,50.0,8.0,2,Android v16,1
realme,Realme P4 Lite 5G (6GB RAM + 128GB),Mid-Range,3167808,50,-2.304782471331473,Overpriced,1,0,0,mediatek,Dimensity 6300,8.0,2.4,6.0,128.0,7000.0,15.0,466.6666666666667,Slow Charging,6.81,144.0,13.0,5.0,1,Android v16,1
samsung,Samsung Galaxy M47 5G,Mid-Range,4414080,62,-0.2172343804763398,Average Value,1,1,0,samsung,Octa Core Processor,8.0,2.5,8.0,128.0,6000.0,25.0,240.0,Slow Charging,6.67,120.0,50.0,32.0,3,Android v16,3
motorola,Motorola Signature (16GB RAM + 512GB),Flagship,11997888,89,0.6585170008310294,Average Value,1,1,0,qualcomm,Snapdragon 8 Gen5,8.0,3.8,16.0,512.0,5200.0,90.0,57.77777777777778,Super Fast,6.8,165.0,50.0,50.0,3,Android v16,2
oppo,Oppo Reno 15 Pro Mini (12GB RAM + 512GB),Flagship,12479808,85,0.1810521194498937,Average Value,1,0,1,mediatek,Dimensity 8450,8.0,3.25,12.0,512.0,6200.0,80.0,77.5,Standard,6.32,120.0,200.0,50.0,3,Android v16,2
oppo,OPPO A6x 5G (6GB RAM + 128GB),Mid-Range,3455808,53,-1.7828954486176896,Overpriced,1,0,0,mediatek,Dimensity 6300,8.0,2.4,6.0,128.0,6500.0,45.0,144.44444444444446,Standard,6.75,120.0,13.0,5.0,1,Android v15,1
honor,Honor 500 Pro,Premium,9598080,81,0.9068283902606832,Average Value,1,1,1,qualcomm,Snapdragon 8 Elite,8.0,4.32,12.0,256.0,8000.0,80.0,100.0,Standard,6.55,120.0,200.0,50.0,3,Android v16,2
itel,itel A100C,Budget,1919808,37,-2.485044622670501,Overpriced,0,0,1,unisoc,Unisoc T7100,8.0,2.5,2.0,64.0,5000.0,45.0,112.5,Slow Charging,6.6,90.0,8.0,5.0,1,Android v15,1
lava,Lava Play Ultra 5G,Mid-Range,3029376,64,0.130690301332849,Average Value,1,0,0,mediatek,Dimensity 7300,8.0,2.5,6.0,128.0,5000.0,33.0,151.5151515151515,Standard,6.67,120.0,64.0,13.0,2,Android v15,1
oppo,Oppo K13 Turbo Pro,Premium,6719808,71,-0.6549316151882696,Average Value,1,0,1,qualcomm,Snapdragon 8s Gen4,8.0,3.2,8.0,256.0,7000.0,80.0,87.5,Standard,6.8,120.0,50.0,16.0,2,Android v15,3
poco,Poco C85x 5G (4GB RAM + 128GB),Budget,2303808,53,0.2911960342500169,Average Value,1,0,0,unisoc,Unisoc T8300,8.0,2.2,4.0,128.0,6300.0,15.0,420.0,Slow Charging,6.9,120.0,32.0,8.0,1,Android v16,1
tecno,Tecno Spark Go 2,Budget,1439808,44,-1.2704393352677743,Overpriced,0,0,1,unisoc,Unisoc T7250,8.0,1.8,4.0,64.0,5000.0,15.0,333.3333333333333,Slow Charging,6.67,120.0,13.0,8.0,1,Android v15,1
vivo,Vivo T4 Ultra (12GB RAM+ 512GB),Premium,7679808,76,0.1259483875362067,Average Value,1,1,0,mediatek,Dimensity 9300 Plus,8.0,3.25,12.0,512.0,5500.0,90.0,61.11111111111112,Super Fast,6.67,120.0,50.0,32.0,3,Android v15,2
oppo,Oppo A5x 5G,Budget,2399808,52,0.1176809931924845,Average Value,1,0,0,mediatek,Dimensity 6300,8.0,2.4,4.0,128.0,6000.0,45.0,133.33333333333334,Standard,6.67,120.0,32.0,5.0,1,Android v15,1
samsung,Samsung Galaxy M06 (4GB RAM + 64GB),Budget,2207808,49,-0.4028641299801125,Average Value,1,0,0,mediatek,Dimensity 6300,8.0,2.4,4.0,64.0,5000.0,25.0,200.0,Standard,6.74,90.0,50.0,8.0,2,Android v15,1
vivo,Vivo Y29s 5G,Mid-Range,3070080,53,-1.7828954486176896,Overpriced,1,0,0,mediatek,Dimensity 6300,8.0,2.4,8.0,256.0,5500.0,15.0,366.6666666666667,Slow Charging,6.74,90.0,50.0,5.0,2,Android v15,1
iqoo,iQOO 13 (16GB RAM + 512GB),Flagship,12844800,89,0.6585170008310294,Average Value,1,1,1,qualcomm,Snapdragon 8 Elite,8.0,4.32,16.0,512.0,6000.0,120.0,50.0,Super Fast,6.82,144.0,50.0,32.0,3,Android v15,2
vivo,Vivo Y19e,Budget,1919808,40,-1.964499499497904,Overpriced,0,0,0,unisoc,Unisoc T7225,8.0,1.8,4.0,64.0,5500.0,15.0,366.6666666666667,Slow Charging,6.74,120.0,13.0,5.0,2,Android v14,1
tecno,Tecno Pop 9 5G,Budget,1822080,53,0.2911960342500169,Average Value,1,1,1,mediatek,Dimensity 6300,8.0,2.4,4.0,64.0,5000.0,18.0,277.77777777777777,Slow Charging,6.67,120.0,48.0,8.0,2,Android v14,1
tecno,Tecno Pova 6 Neo 5G (8GB RAM + 256GB),Budget,2687808,58,1.1587712395376788,Value King,1,1,1,mediatek,Dimensity 6300,8.0,2.4,8.0,256.0,5000.0,18.0,277.77777777777777,Slow Charging,6.67,120.0,108.0,8.0,2,Android v14,1
peace,Peace Honor 10 (4GB RAM + 64GB),Budget,1132800,23,-4.9142551974759545,Overpriced,0,0,0,mediatek,Helio,1.0,1.3,4.0,64.0,3000.0,45.0,112.5,Slow Charging,4.5,120.0,8.0,16.0,1,Android v14.0,1
infinix,Infinix Note 40 Pro Plus Racing Edition,Mid-Range,4799808,72,1.5223890285696045,Value King,1,1,1,mediatek,Dimensity 7020,8.0,2.2,12.0,256.0,4600.0,100.0,46.0,Super Fast,6.78,120.0,108.0,32.0,3,Android v14,0
infinix,Infinix Note 40X 5G,Budget,2879808,61,1.6793163627102758,Value King,1,1,0,mediatek,Dimensity 6300,8.0,2.4,8.0,256.0,5000.0,18.0,277.77777777777777,Slow Charging,6.78,120.0,108.0,8.0,3,Android v14,3
samsung,Samsung Galaxy A35 5G (8GB RAM + 256GB),Premium,7103808,64,-1.7481636190025365,Overpriced,1,1,0,samsung,Exynos 1380,8.0,2.4,8.0,256.0,5000.0,25.0,200.0,Standard,6.6,120.0,50.0,13.0,3,Android v14,3
samsung,Samsung Galaxy F16 5G,Budget,2399808,54,0.4647110753075493,Average Value,1,1,0,mediatek,Dimensity 6300,8.0,2.4,4.0,128.0,5000.0,25.0,200.0,Standard,6.7,90.0,50.0,13.0,3,Android v15,1
xiaomi,Xiaomi 15,Flagship,14783808,89,0.6585170008310294,Average Value,1,1,1,qualcomm,Snapdragon 8 Elite,8.0,4.32,12.0,512.0,5240.0,90.0,58.22222222222222,Super Fast,6.36,120.0,50.0,32.0,3,Android v15,2
samsung,Samsung Galaxy S24 Plus,Premium,11519808,77,0.2821243880811019,Average Value,1,1,0,samsung,Exynos 2400,10.0,3.2,12.0,256.0,4900.0,45.0,108.88888888888889,Standard,6.7,120.0,50.0,12.0,3,Android v14,3
google,Google Pixel 6A,Mid-Range,4223808,49,-2.478744812236067,Overpriced,1,1,0,google,Google  Tensor,8.0,2.5,6.0,128.0,4410.0,45.0,112.5,Slow Charging,6.14,120.0,12.2,8.0,2,Android v12,1
samsung,Samsung Galaxy S26 (12GB RAM + 512GB),Flagship,17279808,79,-0.5351452026218098,Average Value,1,1,0,samsung,Exynos 2600,10.0,3.8,12.0,512.0,4300.0,25.0,172.0,Standard,6.3,120.0,50.0,12.0,3,Android v16,2
sony,Sony Xperia 1 VIII,Flagship,28798080,83,-0.0576803212406741,Average Value,1,1,0,qualcomm,Snapdragon 8 Elite Gen 5,8.0,4.6,12.0,256.0,5000.0,45.0,111.11111111111111,Standard,6.5,120.0,48.0,12.0,3,Android v16,2
oppo,OPPO F33 Pro 5G,Premium,5951808,68,-1.1234596168229554,Overpriced,1,0,0,mediatek,Dimensity 6360 Max,8.0,2.6,8.0,128.0,7500.0,80.0,93.75,Standard,6.57,120.0,50.0,50.0,2,Android v16,0
vivo,Vivo T6x 5G,Mid-Range,4031808,61,-0.3911967213809342,Average Value,1,0,1,unknown,Octa Core Processor,8.0,2.5,6.0,128.0,7500.0,67.0,111.94029850746269,Standard,6.78,144.0,50.0,50.0,2,Android v17,0
oppo,OPPO Reno 15 5G (12GB RAM + 256GB),Premium,9023808,80,0.7506523897157878,Average Value,1,0,1,qualcomm,Snapdragon 7 Gen4,8.0,2.8,12.0,256.0,6500.0,80.0,81.25,Standard,6.59,120.0,50.0,50.0,3,Android v16,0
honor,Honor Win,Premium,9598080,84,1.3753563918953688,Value King,1,1,1,qualcomm,Snapdragon 8 Elite Gen 5,8.0,4.6,12.0,256.0,10000.0,100.0,100.0,Standard,6.83,185.0,50.0,50.0,3,Android v16,2
samsung,Samsung Galaxy A77 5G,Premium,8639808,66,-1.435811617912746,Overpriced,1,1,0,samsung,Exynos 2400,8.0,2.5,8.0,128.0,5000.0,25.0,200.0,Standard,6.7,120.0,50.0,50.0,3,Android v16,0
realme,Realme P3 Lite 5G (6GB RAM+ 128GB),Budget,2687808,55,0.6382261163650816,Average Value,1,1,0,mediatek,Dimensity 6300,8.0,2.4,6.0,128.0,6000.0,45.0,133.33333333333334,Standard,6.67,120.0,32.0,8.0,2,Android v15,1
realme,Realme 15 Pro 5G (8GB RAM + 256GB),Premium,6335808,74,-0.1864036135535838,Average Value,1,0,0,qualcomm,Snapdragon 7 Gen4,8.0,2.8,8.0,256.0,7000.0,80.0,87.5,Standard,6.8,144.0,50.0,50.0,2,Android v15,0
tecno,Tecno Pova 7 Ultra,Mid-Range,4414080,68,0.8265396649512267,Average Value,1,1,1,mediatek,Dimensity 8350,8.0,3.35,8.0,256.0,6000.0,70.0,85.71428571428571,Standard,6.67,144.0,108.0,13.0,2,Android v15,3
infinix,Infinix Smart 10 HD,Budget,959808,41,-1.7909844584403716,Overpriced,0,0,1,mediatek,12nm,8.0,1.6,2.0,64.0,5000.0,10.0,500.0,Slow Charging,6.6,90.0,13.0,8.0,1,Android v14,1
samsung,Samsung Galaxy F57 5G,Mid-Range,5758080,61,-0.3911967213809342,Average Value,1,1,0,samsung,Octa Core Processor,8.0,2.5,8.0,128.0,5000.0,65.0,76.92307692307692,Standard,6.74,120.0,50.0,50.0,3,Android v15,0
realme,Realme Narzo 90x,Mid-Range,3167808,58,-0.9130837440947176,Average Value,1,0,0,mediatek,Dimensity 6300,8.0,2.4,6.0,128.0,7000.0,60.0,116.66666666666669,Standard,6.8,144.0,50.0,8.0,2,Android v15,1
vivo,Vivo T4 5G (12GB RAM + 256GB),Mid-Range,5356416,68,0.8265396649512267,Average Value,1,0,1,qualcomm,Snapdragon 7s Gen3,8.0,2.5,12.0,256.0,7300.0,90.0,81.11111111111111,Standard,6.77,120.0,50.0,32.0,2,Android v15,3
poco,POCO C71 (6GB RAM + 128GB),Budget,1918080,46,-0.9234092531527096,Average Value,0,0,0,unisoc,Unisoc T7250,8.0,1.8,6.0,128.0,5200.0,15.0,346.6666666666667,Slow Charging,6.88,120.0,32.0,8.0,2,Android v15,1
infinix,Infinix Note 50X 5G (8GB RAM + 128 GB),Budget,2879808,57,0.9852561984801465,Average Value,1,0,1,mediatek,Dimensity 7300 Ultimate,8.0,2.5,8.0,128.0,5500.0,45.0,122.22222222222224,Standard,6.67,120.0,50.0,8.0,2,Android v15,1
vivo,Vivo T4x 5G (8GB RAM + 128GB),Mid-Range,3503808,57,-1.087046084999312,Overpriced,1,0,1,mediatek,Dimensity 7300,8.0,2.5,8.0,128.0,6500.0,44.0,147.72727272727272,Standard,6.72,120.0,50.0,8.0,2,Android v15,1
xiaomi,Xiaomi Redmi Note 14 (8GB RAM + 256GB),Mid-Range,3551808,63,-0.0432720395717453,Average Value,1,0,1,mediatek,Dimensity 7025 Ultra,8.0,2.5,8.0,256.0,5110.0,45.0,113.55555555555556,Standard,6.67,120.0,50.0,20.0,3,Android v14,3
philips,Philips S7710 Omni 10,Budget,2302080,49,-0.4028641299801125,Average Value,0,0,0,mediatek,Helio G91,8.0,2.0,8.0,256.0,5000.0,18.0,277.77777777777777,Slow Charging,6.6,120.0,108.0,8.0,2,Android v13,1
oneplus,OnePlus 13 (24GB RAM+ 1TB),Flagship,15551808,90,0.7778832211763133,Average Value,1,1,1,qualcomm,Snapdragon 8 Elite,8.0,4.32,24.0,1.0,6000.0,100.0,60.0,Super Fast,6.82,120.0,50.0,32.0,3,Android v15,2
realme,Realme P2 Pro (12GB RAM + 512GB),Mid-Range,4607808,66,0.4786149831420379,Average Value,1,0,0,qualcomm,Snapdragon 7s Gen 2,8.0,2.4,12.0,512.0,5200.0,80.0,65.0,Super Fast,6.7,120.0,50.0,32.0,2,Android v14,2
realme,Realme 15 5G,Mid-Range,5759808,64,0.130690301332849,Average Value,1,0,0,mediatek,Dimensity 7300 Plus,8.0,2.5,8.0,128.0,7000.0,80.0,87.5,Standard,6.8,144.0,50.0,50.0,2,Android v15,0
samsung,Samsung Galaxy M55s,Mid-Range,3647616,62,-0.2172343804763398,Average Value,1,1,0,qualcomm,Snapdragon 7 Gen1,8.0,2.4,8.0,128.0,5000.0,45.0,111.11111111111111,Standard,6.7,120.0,50.0,50.0,3,Android v14,0
vivo,Vivo X200 Pro 5G,Flagship,15916800,93,1.135981882212165,Value King,1,1,1,mediatek,Dimensity 9400,8.0,3.63,16.0,512.0,6000.0,90.0,66.66666666666667,Super Fast,6.78,120.0,200.0,32.0,3,Android v15,2
motorola,Motorola Edge 50 Fusion (12GB RAM + 256GB),Mid-Range,4375680,68,0.8265396649512267,Average Value,1,1,0,qualcomm,Snapdragon 7s Gen2,8.0,2.4,12.0,256.0,5000.0,68.0,73.52941176470588,Standard,6.67,144.0,50.0,32.0,2,Android v14,3
realme,Realme Narzo 80x 5G,Budget,2687808,57,0.9852561984801465,Average Value,1,0,0,mediatek,Dimensity 6400,8.0,2.5,6.0,128.0,6000.0,45.0,133.33333333333334,Standard,6.72,120.0,50.0,8.0,2,Android v15,1
samsung,Samsung Galaxy A55 5G (8GB RAM + 256GB),Premium,7103808,64,-1.7481636190025365,Overpriced,1,1,0,samsung,Exynos 1480,8.0,2.7,8.0,256.0,5000.0,25.0,200.0,Standard,6.6,120.0,50.0,32.0,3,Android v14,3
realme,Realme 13 Pro Plus 5G,Mid-Range,4991808,67,0.6525773240466323,Average Value,1,0,0,qualcomm,Snapdragon 7s Gen2,8.0,2.4,8.0,256.0,5200.0,80.0,65.0,Super Fast,6.7,120.0,50.0,32.0,3,Android v14,3
samsung,Samsung Galaxy F55 5G,Mid-Range,5164608,64,0.130690301332849,Average Value,1,1,0,qualcomm,Snapdragon 7 Gen1,8.0,2.4,8.0,128.0,5000.0,45.0,111.11111111111111,Standard,6.7,120.0,50.0,50.0,3,Android v14,0
samsung,Samsung Galaxy S23 FE 5G (8GB RAM + 256GB),Premium,8638848,70,-0.8111076157331649,Average Value,1,1,0,samsung,Exynos 2200,8.0,2.8,8.0,256.0,4500.0,25.0,180.0,Standard,6.4,120.0,50.0,10.0,3,Android v13,3
xiaomi,Xiaomi Redmi Note 12 (6GB RAM + 128GB),Budget,2349888,58,1.1587712395376788,Value King,1,0,1,qualcomm,Snapdragon 4 Gen 1,8.0,2.0,6.0,128.0,5000.0,33.0,151.5151515151515,Standard,6.67,120.0,48.0,13.0,3,Android v12,3
vivo,Vivo T3 Pro 5G,Mid-Range,4415808,63,-0.0432720395717453,Average Value,1,0,0,qualcomm,Snapdragon 7 Gen3,8.0,2.63,8.0,128.0,5500.0,80.0,68.75,Super Fast,6.77,120.0,50.0,16.0,2,Android v14,3
oneplus,OnePlus 11 5G,Premium,6412608,71,-0.6549316151882696,Average Value,1,1,0,qualcomm,Snapdragon 8 Gen2,8.0,3.2,8.0,128.0,5000.0,100.0,50.0,Super Fast,6.7,120.0,50.0,16.0,3,Android v13,3
samsung,Samsung Galaxy S23 Ultra 5G,Flagship,28799808,83,-0.0576803212406741,Average Value,1,1,0,qualcomm,Snapdragon 8 Gen 2,8.0,3.36,12.0,256.0,5000.0,45.0,111.11111111111111,Standard,6.8,120.0,200.0,12.0,4,Android v13,2
oneplus,OnePlus 8 Pro (12GB RAM + 256GB),Premium,7679808,71,-0.6549316151882696,Average Value,1,1,0,qualcomm,Snapdragon 865,8.0,2.84,12.0,256.0,4510.0,45.0,112.5,Slow Charging,6.78,120.0,48.0,16.0,4,Android v10.0,3
realme,Realme P4 Lite 5G (4GB RAM + 128GB),Budget,2783808,50,-0.2293490889225801,Average Value,1,0,0,mediatek,Dimensity 6300,8.0,2.4,4.0,128.0,7000.0,15.0,466.6666666666667,Slow Charging,6.81,144.0,13.0,5.0,1,Android v16,1
realme,Realme Narzo 100,Mid-Range,3646080,62,-0.2172343804763398,Average Value,1,0,0,unknown,Octa Core Processor,8.0,2.5,8.0,128.0,7500.0,80.0,93.75,Standard,6.57,144.0,50.0,50.0,2,Android v16,0
ai+,Ai+ Nova Flip,Premium,7679808,76,0.1259483875362067,Average Value,1,1,0,mediatek,Dimensity 7300X,8.0,2.5,8.0,256.0,4325.0,45.0,96.11111111111111,Standard,6.78,144.0,50.0,16.0,2,Android v15,3
tecno,Tecno Spark 50 5G (6GB RAM + 128GB),Mid-Range,3647808,55,-1.4349707668085008,Overpriced,1,0,1,mediatek,Dimensity 6400,8.0,2.5,6.0,128.0,6500.0,45.0,144.44444444444446,Standard,6.78,120.0,50.0,8.0,1,Android v16,1
lava,Lava Agni 5,Mid-Range,5375808,71,1.34842668766501,Value King,1,0,0,unknown,Octa Core Processor,8.0,2.5,8.0,256.0,7000.0,80.0,87.5,Standard,6.78,144.0,50.0,50.0,3,Android v16,0
realme,Realme C85 5G,Mid-Range,3167808,54,-1.608933107713095,Overpriced,1,1,0,mediatek,Dimensity 6300,8.0,2.4,4.0,128.0,7000.0,45.0,155.55555555555554,Standard,6.8,144.0,50.0,8.0,1,Android v15,1
google,Google Pixel 11 Pro,Flagship,21503808,80,-0.4157789822765259,Average Value,1,1,0,google,Tensor G6,8.0,2.5,16.0,256.0,5000.0,35.0,142.85714285714286,Standard,6.31,144.0,50.0,48.0,3,Android v17,0
honor,Honor X7d 5G,Budget,2879808,52,0.1176809931924845,Average Value,1,1,0,qualcomm,Snapdragon 6s Gen3,8.0,2.3,6.0,128.0,6500.0,35.0,185.7142857142857,Standard,6.77,120.0,50.0,5.0,2,Android v15,1
oppo,Oppo A5x 5G (4GB RAM + 64GB),Budget,2207808,52,0.1176809931924845,Average Value,1,0,0,mediatek,Dimensity 6300,8.0,2.4,4.0,64.0,6000.0,45.0,133.33333333333334,Standard,6.67,120.0,32.0,5.0,1,Android v15,1
vivo,Vivo Y500 Pro 5G,Mid-Range,5758080,72,1.5223890285696045,Value King,1,1,1,mediatek,Dimensity 7400,8.0,2.6,8.0,128.0,7000.0,90.0,77.77777777777777,Standard,6.67,120.0,200.0,32.0,2,Android v16,0
vivo,Vivo T4R 5G (8GB RAM + 256GB),Mid-Range,4747776,66,0.4786149831420379,Average Value,1,0,0,mediatek,Dimensity 7400,8.0,2.6,8.0,256.0,5700.0,44.0,129.54545454545453,Standard,6.77,120.0,50.0,32.0,2,Android v15,3
iqoo,iQOO Z10 Turbo Plus,Mid-Range,4991808,71,1.34842668766501,Value King,1,1,1,mediatek,Dimensity 9400 Plus,8.0,3.63,12.0,256.0,8000.0,80.0,100.0,Standard,6.78,144.0,50.0,16.0,2,Android v15,3
oneplus,OnePlus Ace 6 Ultra,Premium,7678080,74,-0.1864036135535838,Average Value,1,1,1,mediatek,Dimensity 9500,8.0,2.5,12.0,256.0,8500.0,100.0,85.0,Standard,6.78,120.0,50.0,32.0,2,Android v15,3
infinix,Infinix Hot 60 Pro Plus,Mid-Range,3838080,57,-1.087046084999312,Overpriced,0,1,1,mediatek,Helio G200,8.0,2.2,8.0,128.0,5160.0,45.0,114.66666666666669,Standard,6.78,144.0,50.0,13.0,1,Android v15,1
poco,Poco F7 5G (12GB RAM + 512GB),Premium,7295808,76,0.1259483875362067,Average Value,1,1,1,qualcomm,Snapdragon 8s Gen4,8.0,3.2,12.0,512.0,7550.0,90.0,83.88888888888889,Standard,6.83,120.0,50.0,20.0,2,Android v15,2
vivo,Vivo Y19 5G,Budget,2495808,48,-0.5763791710376449,Average Value,1,0,0,mediatek,Dimensity 6300,8.0,2.4,4.0,64.0,5500.0,15.0,366.6666666666667,Slow Charging,6.74,90.0,13.0,5.0,2,Android v15,1
lava,Lava Bold 5G (8GB RAM + 128GB),Mid-Range,3166080,61,-0.3911967213809342,Average Value,1,0,0,mediatek,Dimensity 6300,8.0,2.4,8.0,128.0,5000.0,33.0,151.5151515151515,Standard,6.67,120.0,64.0,16.0,2,Android v14,1
samsung,Samsung Galaxy A14 4G (6GB RAM + 128 GB),Budget,1862208,46,-0.9234092531527096,Average Value,0,0,0,samsung,Exynos 850,8.0,2.0,6.0,128.0,5000.0,15.0,333.3333333333333,Slow Charging,6.6,120.0,50.0,13.0,3,Android v13,1
realme,Realme 14x 5G,Budget,2879808,55,0.6382261163650816,Average Value,1,0,0,mediatek,Dimensity 6300,8.0,2.4,6.0,128.0,6000.0,45.0,133.33333333333334,Standard,6.67,120.0,50.0,8.0,2,Android v14,1
vivo,Vivo Y29 5G,Budget,2687808,53,0.2911960342500169,Average Value,1,0,0,mediatek,Dimensity 6300,8.0,2.4,4.0,128.0,5500.0,44.0,125.0,Standard,6.68,120.0,50.0,8.0,2,Android v14,1
huawei,Huawei Mate 80 Pro,Flagship,14590080,81,-0.2964127619312419,Average Value,1,1,1,hisilicon,Kirin 9030,8.0,2.5,12.0,256.0,5750.0,100.0,57.5,Super Fast,6.75,144.0,50.0,13.0,3,Android v15,3
samsung,Samsung Galaxy Z Fold 7,Flagship,33599808,95,1.3747143229027328,Value King,1,1,0,qualcomm,Snapdragon 8 Elite for Galaxy,8.0,4.47,12.0,256.0,4400.0,25.0,176.0,Standard,8.0,120.0,50.0,16.0,2,Android v16,2
oneplus,OnePlus 12R (16GB RAM + 256GB),Premium,6998208,71,-0.6549316151882696,Average Value,1,1,1,qualcomm,Snapdragon 8 Gen2,8.0,3.2,16.0,256.0,5500.0,100.0,55.0,Super Fast,6.78,120.0,50.0,16.0,3,Android v14,3
realme,Realme C65 5G,Budget,2015808,53,0.2911960342500169,Average Value,1,0,0,mediatek,Dimensity 6300,8.0,2.4,4.0,64.0,5000.0,15.0,333.3333333333333,Slow Charging,6.67,120.0,50.0,8.0,1,Android v14,1
samsung,Samsung Galaxy Z Flip 4 (8GB RAM + 256GB),Premium,7363200,72,-0.4987556146433743,Average Value,1,1,0,qualcomm,Snapdragon  8+ Gen1,8.0,3.2,8.0,256.0,3700.0,25.0,148.0,Standard,6.7,120.0,12.0,10.0,2,Android v15,3
samsung,Samsung Galaxy S23 5G,Flagship,14015808,72,-1.3707087450387971,Overpriced,1,1,0,qualcomm,Snapdragon 8 Gen 2,8.0,3.36,8.0,128.0,3900.0,25.0,156.0,Standard,6.1,120.0,50.0,12.0,3,Android v13,3
google,Google Pixel 7A,Premium,5951808,62,-2.060515620092327,Overpriced,1,1,0,google,Tensor G2,8.0,2.85,8.0,128.0,4385.0,18.0,243.61111111111111,Slow Charging,6.1,90.0,64.0,13.0,2,Android v13,1
poco,Poco X6 Pro 5G,Mid-Range,5183808,70,1.1744643467604154,Value King,1,1,1,mediatek,Dimensity 8300 Ultra,8.0,3.35,8.0,256.0,5000.0,67.0,74.6268656716418,Standard,6.67,120.0,64.0,16.0,3,Android v14,3
xiaomi,Xiaomi Redmi Note 13 Pro 5G,Mid-Range,5566080,67,0.6525773240466323,Average Value,1,0,1,qualcomm,Snapdragon 7s Gen 2,8.0,2.4,8.0,128.0,5100.0,67.0,76.11940298507463,Standard,6.67,120.0,200.0,16.0,3,Android v13,3
oppo,OPPO K14x 5G (4GB RAM + 64GB),Budget,2774208,54,0.4647110753075493,Average Value,1,0,0,mediatek,Dimensity 6300,8.0,2.4,4.0,64.0,6500.0,45.0,144.44444444444446,Standard,6.75,120.0,50.0,5.0,2,Android v15,1
oppo,Oppo A6s 5G,Mid-Range,4031808,55,-1.4349707668085008,Overpriced,1,0,0,mediatek,Dimensity 6300,8.0,2.4,4.0,128.0,6500.0,45.0,144.44444444444446,Standard,6.75,120.0,50.0,5.0,2,Android v15,1
motorola,Motorola Razr Fold,Flagship,26879808,88,0.5391507804857454,Average Value,1,1,1,qualcomm,Snapdragon 8 Gen 5,8.0,3.8,12.0,256.0,5200.0,45.0,112.5,Slow Charging,8.09,120.0,50.0,16.0,2,Android v15,3
realme,Realme GT 8 Pro Dream Edition,Flagship,15359808,95,1.3747143229027328,Value King,1,1,1,qualcomm,Snapdragon 8 Elite Gen 5,8.0,4.6,16.0,512.0,7000.0,120.0,58.333333333333336,Super Fast,6.79,144.0,200.0,32.0,3,Android v16,2
oppo,Oppo F31 5G (8GB RAM + 256GB),Mid-Range,5567808,66,0.4786149831420379,Average Value,1,0,1,mediatek,Dimensity 6300,8.0,2.4,8.0,256.0,7000.0,80.0,87.5,Standard,6.57,120.0,50.0,16.0,2,Android v15,3
apple,Apple iPhone 17 (512GB),Flagship,19756800,77,-0.7738776433123776,Average Value,1,1,0,apple,Apple A19,6.0,2.5,8.0,512.0,3692.0,45.0,112.5,Slow Charging,6.3,120.0,48.0,18.0,2,iOS v26,3
xiaomi,Xiaomi Redmi 15 5G (8GB RAM + 128GB),Mid-Range,3455808,62,-0.2172343804763398,Average Value,1,0,1,qualcomm,Snapdragon 6s Gen3,8.0,2.3,8.0,128.0,7000.0,33.0,212.12121212121207,Slow Charging,6.9,144.0,50.0,8.0,2,Android v15,1
samsung,Samsung Galaxy A07 4G,Budget,1766400,46,-0.9234092531527096,Average Value,0,0,0,mediatek,Helio G99,8.0,2.2,4.0,64.0,5000.0,25.0,200.0,Standard,6.7,90.0,50.0,8.0,2,Android v15,1
lava,Lava Blaze AMOLED 2,Budget,2755008,59,1.3322862805952111,Value King,1,0,0,mediatek,Dimensity 7060,8.0,2.6,6.0,128.0,5000.0,45.0,112.5,Slow Charging,6.67,120.0,50.0,8.0,2,Android v15,1
vivo,Vivo Y400 Pro 5G (8GB RAM + 256GB),Mid-Range,5375808,64,0.130690301332849,Average Value,1,0,1,mediatek,Dimensity 7300,8.0,2.5,8.0,256.0,5500.0,90.0,61.11111111111112,Super Fast,6.77,120.0,50.0,32.0,2,Android v15,3
infinix,Infinix Smart 10,Budget,1631808,43,-1.4439543763253069,Overpriced,0,0,0,unisoc,Unisoc T7250,8.0,1.8,4.0,64.0,5000.0,15.0,333.3333333333333,Slow Charging,6.67,120.0,8.0,8.0,1,Android v15,1
acer,Acer Super ZX 5G  (8GB RAM + 128GB),Mid-Range,3070080,53,-1.7828954486176896,Overpriced,1,0,0,mediatek,Dimensity 6300,8.0,2.4,8.0,128.0,5000.0,33.0,151.5151515151515,Standard,6.8,120.0,64.0,13.0,3,Android v15,3
vivo,Vivo Y19 5G (6GB RAM + 128GB),Budget,2495808,49,-0.4028641299801125,Average Value,1,0,0,mediatek,Dimensity 6300,8.0,2.4,6.0,128.0,5500.0,15.0,366.6666666666667,Slow Charging,6.74,90.0,13.0,5.0,2,Android v15,1
samsung,Samsung Galaxy F06 5G (4GB RAM + 64GB),Budget,2273088,48,-0.5763791710376449,Average Value,1,0,0,mediatek,Dimensity 6300,8.0,2.4,4.0,64.0,5000.0,25.0,200.0,Standard,6.7,120.0,50.0,8.0,2,Android v15,1
realme,Realme P3 Ultra (8GB RAM + 256GB),Mid-Range,5567808,67,0.6525773240466323,Average Value,1,0,1,mediatek,Dimensity 8350 Ultra,8.0,3.35,8.0,256.0,6000.0,80.0,75.0,Standard,6.83,120.0,50.0,16.0,2,Android v15,3
itel,itel Power 70,Budget,1401408,43,-1.4439543763253069,Overpriced,0,0,0,mediatek,Helio G50,8.0,2.2,4.0,128.0,6000.0,18.0,333.3333333333333,Slow Charging,6.67,120.0,13.0,8.0,1,Android v14,1
iqoo,iQOO Z10x 5G (8GB RAM + 256GB),Mid-Range,3935616,59,-0.7391214031901231,Average Value,1,0,1,mediatek,Dimensity 7300,8.0,2.5,8.0,256.0,6500.0,44.0,147.72727272727272,Standard,6.72,120.0,50.0,8.0,2,Android v15,1
vivo,Vivo V50e 5G,Mid-Range,5183808,66,0.4786149831420379,Average Value,1,0,0,mediatek,Dimensity 7300,8.0,2.5,8.0,128.0,5600.0,90.0,62.22222222222222,Super Fast,6.77,120.0,50.0,50.0,2,Android v15,0
sony,Sony Xperia 1 VII,Flagship,27070080,83,-0.0576803212406741,Average Value,1,1,0,qualcomm,Snapdragon 8 Elite,8.0,4.32,12.0,256.0,5000.0,30.0,166.66666666666666,Standard,6.5,120.0,48.0,12.0,3,Android v15,2
oppo,Oppo F29 Pro 5G,Mid-Range,5758080,63,-0.0432720395717453,Average Value,1,0,0,mediatek,Dimensity 7300,8.0,2.5,8.0,128.0,6000.0,80.0,75.0,Standard,6.7,120.0,50.0,16.0,2,Android v14,3
realme,Realme GT 7 Pro 5G,Premium,9407808,79,0.5944763891708925,Average Value,1,1,1,qualcomm,Snapdragon 8 Elite,8.0,4.32,12.0,256.0,5800.0,120.0,48.333333333333336,Super Fast,6.78,120.0,50.0,16.0,3,Android v15,2
vertu,Vertu Metavertu 2,Flagship,81791808,74,-1.1319763043482294,Overpriced,1,1,0,qualcomm,Snapdragon 8 Gen2,8.0,3.2,12.0,512.0,5100.0,65.0,78.46153846153847,Standard,6.78,120.0,50.0,16.0,3,Android v13,2
google,Google Pixel 8A (8GB RAM + 256GB),Premium,7102080,64,-1.7481636190025365,Overpriced,1,1,0,google,Tensor G3,9.0,3.0,8.0,256.0,4492.0,45.0,112.5,Slow Charging,6.1,120.0,64.0,13.0,2,Android v14,3
huawei,Huawei Pura 80 Ultra,Flagship,22846080,83,-0.0576803212406741,Average Value,1,1,1,hisilicon,Kirin 9020,8.0,2.5,16.0,512.0,5700.0,100.0,57.0,Super Fast,6.8,120.0,50.0,13.0,3,HarmonyOS v5.1,2
vivo,Vivo T3x 5G (8GB RAM + 128GB),Mid-Range,2975808,57,-1.087046084999312,Overpriced,1,0,0,qualcomm,Snapdragon 6 Gen1,8.0,2.2,8.0,128.0,6000.0,44.0,136.36363636363637,Standard,6.72,120.0,50.0,8.0,2,Android v14,1
motorola,Motorola Moto G56 5G,Mid-Range,3070080,61,-0.3911967213809342,Average Value,1,0,0,mediatek,Dimensity 7060,8.0,2.6,8.0,256.0,5200.0,30.0,173.33333333333334,Standard,6.72,120.0,50.0,32.0,2,Android v15,3
vivo,Vivo V40 Pro,Premium,8063808,75,-0.0302276130086885,Average Value,1,0,0,mediatek,Dimensity 9200 Plus,8.0,3.35,8.0,256.0,5500.0,80.0,68.75,Super Fast,6.78,120.0,50.0,50.0,3,Android v14,0
samsung,Samsung Galaxy F15 5G (6GB RAM + 128GB),Budget,2879808,54,0.4647110753075493,Average Value,1,0,0,mediatek,Dimensity 6100 Plus,8.0,2.2,6.0,128.0,6000.0,25.0,240.0,Slow Charging,6.45,90.0,50.0,13.0,3,Android v14,1
oppo,OPPO Reno 12 Pro 5G,Premium,7871808,74,-0.1864036135535838,Average Value,1,1,1,mediatek,Dimensity 7300 Energy,8.0,2.5,12.0,256.0,5000.0,80.0,62.5,Super Fast,6.7,120.0,50.0,50.0,3,Android v14,0
xiaomi,Xiaomi Redmi 12 5G (8GB RAM + 256GB),Budget,2783808,54,0.4647110753075493,Average Value,1,0,1,qualcomm,Snapdragon 4 Gen2,8.0,2.2,8.0,256.0,5000.0,18.0,277.77777777777777,Slow Charging,6.79,90.0,50.0,8.0,2,Android v13,1
samsung,Samsung Galaxy S21 FE (Snapdragon),Premium,7487808,66,-1.435811617912746,Overpriced,1,1,0,qualcomm,Snapdragon 888,8.0,2.84,8.0,256.0,4500.0,25.0,180.0,Standard,6.4,120.0,12.0,32.0,3,Android v13,3
motorola,Motorola Edge 50 5G,Mid-Range,4414080,70,1.1744643467604154,Value King,1,1,0,qualcomm,Snapdragon 7 Gen1 AE,8.0,2.5,8.0,256.0,5000.0,68.0,73.52941176470588,Standard,6.67,120.0,50.0,32.0,3,Android v14,3
xiaomi,Xiaomi Redmi A7 Pro 5G,Mid-Range,3071808,46,-3.0006318349498504,Overpriced,0,0,0,unknown,Octa Core Processor,8.0,2.5,4.0,64.0,6300.0,15.0,420.0,Slow Charging,6.9,120.0,32.0,8.0,2,Android v16,1
nubia,Nubia Neo 5 GT,Mid-Range,4223808,64,0.130690301332849,Average Value,1,1,0,mediatek,Dimensity 7400,8.0,2.6,12.0,256.0,6000.0,80.0,75.0,Standard,6.8,120.0,50.0,16.0,1,Android v16,3
realme,Realme Narzo Power 5G,Mid-Range,4716480,74,1.8703137103787928,Value King,1,0,1,mediatek,Dimensity 7400 Ultra,8.0,2.6,8.0,128.0,10001.0,80.0,125.0125,Standard,6.8,144.0,50.0,16.0,2,Android v16,3
xiaomi,Xiaomi Redmi Note 15 Pro Plus (12GB RAM + 256GB),Premium,7487808,80,0.7506523897157878,Average Value,1,1,1,qualcomm,Snapdragon 7s Gen4,8.0,2.7,12.0,256.0,6500.0,100.0,65.0,Super Fast,6.83,120.0,200.0,32.0,2,Android v15,0
realme,Realme 16 Pro Plus 5G (12GB+256GB),Premium,9407808,83,1.2191803913504735,Value King,1,1,1,qualcomm,Snapdragon 7 Gen4,8.0,2.8,12.0,256.0,7000.0,80.0,87.5,Standard,6.8,144.0,200.0,50.0,3,Android v16,0
oppo,Oppo Reno 15F,Premium,7679808,68,-1.1234596168229554,Overpriced,1,1,0,qualcomm,Snapdragon 6 Gen1,8.0,2.2,8.0,128.0,7000.0,80.0,87.5,Standard,6.57,120.0,50.0,50.0,3,Android v16,0
vivo,Vivo X300 (16GB RAM + 512GB),Flagship,16511808,88,0.5391507804857454,Average Value,1,1,1,mediatek,Dimensity 9500,8.0,4.21,16.0,512.0,6040.0,90.0,67.11111111111111,Super Fast,6.31,120.0,200.0,50.0,3,Android v16,2
oppo,OPPO K14 5G (8GB RAM + 256GB),Mid-Range,4607808,63,-0.0432720395717453,Average Value,1,1,1,mediatek,Dimensity 6300,8.0,2.4,8.0,256.0,7000.0,45.0,155.55555555555554,Standard,6.75,120.0,50.0,8.0,2,Android v15,3
poco,Poco F8 Pro,Premium,8638080,81,0.9068283902606832,Average Value,1,1,1,qualcomm,Snapdragon 8 Elite,8.0,4.32,12.0,256.0,6210.0,100.0,62.1,Super Fast,6.59,120.0,50.0,20.0,3,Android v16,2
xiaomi,Xiaomi Redmi 16,Mid-Range,3070080,57,-1.087046084999312,Overpriced,1,0,1,qualcomm,Snapdragon 6s Gen4,8.0,2.5,6.0,128.0,7500.0,33.0,227.27272727272728,Slow Charging,6.9,144.0,50.0,16.0,2,Android v16,1
oppo,OPPO Reno 15 Pro Max,Premium,11518080,84,1.3753563918953688,Value King,1,1,1,mediatek,Dimensity 8450,8.0,3.25,12.0,256.0,6500.0,80.0,81.25,Standard,6.78,120.0,200.0,50.0,3,Android v16,0
huawei,Huawei Enjoy 90 Pro Max,Mid-Range,4606080,66,0.4786149831420379,Average Value,1,1,1,hisilicon,Octa Core Processor,8.0,2.5,8.0,128.0,8500.0,40.0,212.5,Slow Charging,6.84,120.0,50.0,8.0,1,HarmonyOS v6.0,1
hmd,HMD Fuse,Budget,1726080,58,1.1587712395376788,Value King,1,1,0,qualcomm,Snapdragon 4 Gen2,8.0,2.2,6.0,128.0,5000.0,33.0,151.5151515151515,Standard,6.56,90.0,108.0,50.0,2,Android v14,0
wobble,Wobble One 5G (8GB RAM + 256GB),Mid-Range,5375808,66,0.4786149831420379,Average Value,1,0,0,mediatek,Dimensity 7400,8.0,2.6,8.0,256.0,5000.0,33.0,151.5151515151515,Standard,6.67,120.0,50.0,50.0,3,Android v15,0
tecno,Tecno Spark 40,Budget,2111808,50,-0.2293490889225801,Average Value,0,0,1,mediatek,Helio G81,8.0,2.0,4.0,128.0,5200.0,45.0,115.55555555555556,Standard,6.67,120.0,50.0,8.0,1,Android v15,1
vivo,Vivo S30 Pro Mini,Premium,7870080,77,0.2821243880811019,Average Value,1,1,1,mediatek,Dimensity 9300 Plus,8.0,3.4,12.0,256.0,6500.0,90.0,72.22222222222223,Standard,6.31,120.0,50.0,50.0,3,Android v15,0
iqoo,iQOO Z10 5G (8GB RAM + 256GB),Mid-Range,5183616,68,0.8265396649512267,Average Value,1,0,1,qualcomm,Snapdragon 7s Gen3,8.0,2.5,8.0,256.0,7300.0,90.0,81.11111111111111,Standard,6.77,120.0,50.0,32.0,2,Android v15,3
realme,Realme Narzo 80 Pro 5G (8GB RAM + 256GB),Mid-Range,4223808,64,0.130690301332849,Average Value,1,0,0,mediatek,Dimensity 7400,8.0,2.6,8.0,256.0,6000.0,80.0,75.0,Standard,6.72,120.0,50.0,16.0,2,Android v15,3
realme,Realme C73,Budget,2303808,52,0.1176809931924845,Average Value,1,0,0,mediatek,Dimensity 6300,8.0,2.4,4.0,64.0,6000.0,15.0,400.0,Slow Charging,6.67,120.0,32.0,8.0,2,Android v15,1
samsung,Samsung Galaxy A56 5G (8GB RAM + 256GB),Premium,8447808,66,-1.435811617912746,Overpriced,1,1,0,samsung,Exynos 1580,8.0,2.9,8.0,256.0,5000.0,45.0,111.11111111111111,Standard,6.7,120.0,50.0,12.0,3,Android v15,3
samsung,Samsung Galaxy A06 5G (4GB RAM + 128GB),Budget,2263680,52,0.1176809931924845,Average Value,1,0,0,mediatek,Dimensity 6300,8.0,2.4,4.0,128.0,5000.0,25.0,200.0,Standard,6.7,90.0,50.0,8.0,2,Android v15,1
honor,Honor 400 Lite,Premium,6718080,63,-1.904339619547432,Overpriced,1,1,0,mediatek,Dimensity 7025 Ultra,8.0,2.5,8.0,256.0,5230.0,35.0,149.42857142857142,Standard,6.7,120.0,108.0,16.0,2,Android v15,3
poco,Poco F8,Premium,7294080,76,0.1259483875362067,Average Value,1,1,1,qualcomm,Snapdragon 8s Elite,8.0,2.5,12.0,256.0,7700.0,100.0,77.0,Standard,6.78,144.0,50.0,32.0,3,Android v16,3
xiaomi,Xiaomi Redmi A5 5G,Budget,1918080,52,0.1176809931924845,Average Value,1,1,0,qualcomm,Snapdragon 4 Gen3,8.0,2.5,4.0,128.0,5500.0,33.0,166.66666666666666,Standard,6.78,120.0,50.0,8.0,3,Android v14,1
xiaomi,Xiaomi Redmi Turbo 4,Mid-Range,4606080,71,1.34842668766501,Value King,1,1,1,mediatek,Dimensity 8400 Ultra,8.0,3.25,12.0,256.0,6550.0,90.0,72.77777777777777,Standard,6.67,120.0,50.0,20.0,2,Android v15,3
vivo,Vivo X200 Ultra,Flagship,14782080,88,0.5391507804857454,Average Value,1,1,1,qualcomm,Snapdragon 8 Elite,8.0,4.32,12.0,256.0,6000.0,90.0,66.66666666666667,Super Fast,6.82,120.0,200.0,50.0,3,Android v15,2
realme,Realme P2 Pro 5G,Mid-Range,3455808,63,-0.0432720395717453,Average Value,1,0,0,qualcomm,Snapdragon 7s Gen 2,8.0,2.4,8.0,128.0,5200.0,80.0,65.0,Super Fast,6.7,120.0,50.0,32.0,2,Android v14,3
realme,Realme P1 Pro 5G (8GB RAM + 256GB),Mid-Range,3263808,59,-0.7391214031901231,Average Value,1,0,0,qualcomm,Snapdragon 6 Gen1,8.0,2.2,8.0,256.0,5000.0,45.0,111.11111111111111,Standard,6.7,120.0,50.0,16.0,2,Android v14,3
oneplus,OnePlus 12R (8GB RAM + 256GB),Premium,6815808,66,-1.435811617912746,Overpriced,1,1,1,qualcomm,Snapdragon 8 Gen2,8.0,3.2,8.0,256.0,5500.0,100.0,55.0,Super Fast,6.78,120.0,50.0,16.0,3,Android v14,3
infinix,Infinix Note 50,Budget,2878080,63,2.0263464448253408,Performance Beast,0,1,1,mediatek,Helio G100,8.0,2.2,8.0,256.0,5200.0,45.0,115.55555555555556,Standard,6.78,144.0,50.0,13.0,2,Android v15,3
nokia,Nokia X200,Mid-Range,4799808,62,-0.2172343804763398,Average Value,1,1,0,qualcomm,Snapdragon 6 Gen 4,8.0,2.2,8.0,256.0,6000.0,33.0,181.8181818181818,Standard,6.7,120.0,50.0,32.0,3,Android v15,3
samsung,Samsung Galaxy A76,Premium,8254080,72,-0.4987556146433743,Average Value,1,1,0,qualcomm,Snapdragon 7+ Gen2,8.0,2.91,8.0,128.0,5000.0,45.0,111.11111111111111,Standard,6.78,120.0,108.0,32.0,4,Android v14,0
honor,Honor 90 5G,Mid-Range,4991808,64,0.130690301332849,Average Value,1,1,0,qualcomm,Snapdragon 7 Gen 1 Accelerated Edition,8.0,2.36,8.0,256.0,5000.0,66.0,75.75757575757575,Standard,6.7,120.0,200.0,50.0,3,Android v13,0
apple,Apple iPhone 15 Pro,Flagship,25900800,70,-1.609441185729365,Overpriced,1,1,0,apple,Bionic A17 Pro,6.0,3.78,8.0,128.0,3274.0,45.0,112.5,Slow Charging,6.1,120.0,48.0,12.0,3,iOS v17,3
realme,Realme C83 5G (4GB RAM + 128GB),Mid-Range,3167808,52,-1.956857789522284,Overpriced,1,0,0,mediatek,Dimensity 6300,8.0,2.4,4.0,128.0,7000.0,15.0,466.6666666666667,Slow Charging,6.8,144.0,13.0,5.0,1,Android v16,1
oppo,Oppo A6s Pro,Mid-Range,5566080,59,-0.7391214031901231,Average Value,0,1,0,mediatek,Helio G100 Max,8.0,2.2,8.0,256.0,7000.0,80.0,87.5,Standard,6.57,120.0,50.0,50.0,2,Android v16,0
samsung,Samsung Galaxy A37 5G (8GB RAM + 256 GB),Premium,8543808,68,-1.1234596168229554,Overpriced,1,1,0,samsung,Exynos 1480,8.0,2.7,8.0,256.0,5000.0,45.0,111.11111111111111,Standard,6.7,120.0,50.0,12.0,3,Android v16,3
ai+,Ai+ Nova 2 Pro,Budget,2495808,53,0.2911960342500169,Average Value,1,0,0,unknown,Octa Core Processor,8.0,2.5,6.0,128.0,6000.0,18.0,333.3333333333333,Slow Charging,6.8,120.0,50.0,8.0,2,Android v16,1
tecno,Tecno Pova Curve 2 5G (8GB RAM +256GB),Premium,6143808,63,-1.904339619547432,Overpriced,1,0,1,mediatek,Dimensity 7100,8.0,2.4,8.0,256.0,8000.0,45.0,177.77777777777777,Standard,6.78,144.0,50.0,13.0,2,Android v16,3
poco,Poco M8 5G (8GB RAM + 256GB),Mid-Range,3974208,63,-0.0432720395717453,Average Value,1,0,1,qualcomm,Snapdragon 6 Gen3,8.0,2.5,8.0,256.0,5520.0,45.0,122.66666666666669,Standard,6.77,120.0,50.0,20.0,2,Android v15,3
xiaomi,Xiaomi Redmi 15C 5G (6GB RAM + 128GB),Mid-Range,3071808,57,-1.087046084999312,Overpriced,1,0,0,mediatek,Dimensity 6300,8.0,2.4,6.0,128.0,6000.0,33.0,181.8181818181818,Standard,6.9,120.0,50.0,8.0,2,Android v15,1
vivo,Vivo V60e (12GB RAM + 256GB),Premium,6911808,77,0.2821243880811019,Average Value,1,1,1,mediatek,Dimensity 7360 Turbo,8.0,2.5,12.0,256.0,6500.0,90.0,72.22222222222223,Standard,6.77,120.0,200.0,50.0,2,Android v15,0
tecno,Tecno Pova Curve 5G (8GB RAM + 256GB),Mid-Range,3839808,63,-0.0432720395717453,Average Value,1,1,1,mediatek,Dimensity 7300 Ultimate,8.0,2.5,8.0,256.0,5500.0,45.0,122.22222222222224,Standard,6.78,144.0,64.0,13.0,2,Android v15,3
vivo,Vivo Y31 Pro 5G (8GB RAM + 256GB),Mid-Range,4223808,58,-0.9130837440947176,Average Value,1,0,1,mediatek,Dimensity 7300,8.0,2.5,8.0,256.0,6500.0,44.0,147.72727272727272,Standard,6.72,120.0,50.0,8.0,2,Android v15,1
apple,Apple iPhone 17 Pro Max (512GB),Flagship,32620800,83,-0.0576803212406741,Average Value,1,1,0,apple,Apple A19 Pro,6.0,2.5,12.0,512.0,4832.0,45.0,112.5,Slow Charging,6.9,120.0,48.0,18.0,3,iOS v26,2
apple,Apple iPhone 17 Pro Max (1TB),Flagship,36460800,83,-0.0576803212406741,Average Value,1,1,0,apple,Apple A19 Pro,6.0,2.5,12.0,1.0,4832.0,45.0,112.5,Slow Charging,6.9,120.0,48.0,18.0,3,iOS v26,3
realme,Realme P5 Pro 5G,Premium,6719808,71,-0.6549316151882696,Average Value,1,0,0,unknown,Octa Core Processor,8.0,2.5,8.0,256.0,10000.0,100.0,100.0,Standard,6.82,144.0,50.0,50.0,3,Android v16,0
oppo,Oppo K13 Turbo Pro (12GB+256GB),Premium,7103808,72,-0.4987556146433743,Average Value,1,0,1,qualcomm,Snapdragon 8s Gen4,8.0,3.2,12.0,256.0,7000.0,80.0,87.5,Standard,6.8,120.0,50.0,16.0,2,Android v15,3
nothing,Nothing Phone 3 (16GB RAM + 512GB),Flagship,12669696,85,0.1810521194498937,Average Value,1,1,0,qualcomm,Snapdragon 8s Gen4,8.0,3.2,16.0,512.0,5500.0,65.0,84.61538461538461,Standard,6.67,120.0,50.0,50.0,3,Android v15,2
samsung,Samsung Galaxy M36 5G (8GB RAM + 256GB),Mid-Range,4703808,61,-0.3911967213809342,Average Value,1,0,0,samsung,Exynos 1380,8.0,2.4,8.0,256.0,5000.0,25.0,200.0,Standard,6.7,120.0,50.0,13.0,3,Android v15,3
vivo,Vivo T4 Lite 5G (8GB RAM +256GB),Mid-Range,3263808,54,-1.608933107713095,Overpriced,1,0,0,mediatek,Dimensity 6300,8.0,2.4,8.0,128.0,6000.0,15.0,400.0,Slow Charging,6.74,90.0,50.0,5.0,2,Android v15,1
iqoo,iQOO Neo 10 (16GB RAM + 512GB),Premium,8447616,83,1.2191803913504735,Value King,1,1,1,qualcomm,Snapdragon 8s Gen4,8.0,3.2,16.0,512.0,7000.0,120.0,58.333333333333336,Super Fast,6.78,144.0,50.0,32.0,2,Android v15,2
asus,Asus ROG Phone 10 Pro,Flagship,21694080,84,0.0616858991046097,Average Value,1,1,0,qualcomm,Snapdragon 8 Elite Gen 5,8.0,4.6,16.0,512.0,6000.0,80.0,75.0,Standard,6.82,120.0,50.0,32.0,3,Android v15,2
iqoo,iQOO Z10 5G (12GB RAM + 256GB),Mid-Range,5375808,70,1.1744643467604154,Value King,1,0,1,qualcomm,Snapdragon 7s Gen3,8.0,2.5,12.0,256.0,7300.0,90.0,81.11111111111111,Standard,6.77,120.0,50.0,32.0,2,Android v15,3
samsung,Samsung Galaxy S25 Ultra (12GB RAM + 1TB),Flagship,31871808,90,0.7778832211763133,Average Value,1,1,0,qualcomm,Snapdragon 8 Elite for Galaxy,8.0,4.47,12.0,1.0,5000.0,45.0,111.11111111111111,Standard,6.9,120.0,200.0,12.0,4,Android v15,2
xiaomi,Xiaomi Redmi Note 14 Pro Plus (12GB RAM + 512GB),Premium,6143808,72,-0.4987556146433743,Average Value,1,0,1,qualcomm,Snapdragon 7s Gen3,8.0,2.5,12.0,512.0,6200.0,90.0,68.88888888888889,Super Fast,6.67,120.0,50.0,20.0,3,Android v14,2
google,Google Pixel 11,Flagship,15358080,75,-1.0126100840029455,Overpriced,1,1,0,google,Google Tensor 6,8.0,2.5,8.0,256.0,5500.0,65.0,84.61538461538461,Standard,6.6,120.0,50.0,50.0,2,Android v15,0
vivo,Vivo Y39 5G,Mid-Range,3454080,55,-1.4349707668085008,Overpriced,1,0,0,qualcomm,Snapdragon 4 Gen2,8.0,2.2,8.0,128.0,6500.0,44.0,147.72727272727272,Standard,6.68,120.0,50.0,8.0,2,Android v15,1
infinix,Infinix Note 40X 5G (12GB RAM +256GB),Mid-Range,3071808,62,-0.2172343804763398,Average Value,1,1,0,mediatek,Dimensity 6300,8.0,2.4,12.0,256.0,5000.0,18.0,277.77777777777777,Slow Charging,6.78,120.0,108.0,8.0,3,Android v14,3
oppo,Oppo F27 Pro Plus 5G (8GB RAM +128GB),Mid-Range,4991808,64,0.130690301332849,Average Value,1,0,0,mediatek,Dimensity 7050,8.0,2.6,8.0,128.0,5000.0,67.0,74.6268656716418,Standard,6.7,120.0,64.0,8.0,2,Android v14,3
vivo,Vivo T3 Lite 5G,Budget,2474880,54,0.4647110753075493,Average Value,1,0,0,mediatek,Dimensity 6300,8.0,2.4,4.0,128.0,5000.0,15.0,333.3333333333333,Slow Charging,6.56,90.0,50.0,8.0,2,Android v14,1
tecno,Tecno Pova 8 Pro 5G,Mid-Range,4415808,66,0.4786149831420379,Average Value,1,1,1,mediatek,Dimensity 7400 Ultimate,8.0,2.5,8.0,128.0,7000.0,45.0,155.55555555555554,Standard,6.78,144.0,50.0,16.0,2,Android v16,3
oppo,OPPO Reno 12 5G,Premium,8447808,66,-1.435811617912746,Overpriced,1,0,1,mediatek,Dimensity 7300,8.0,2.5,8.0,256.0,5000.0,80.0,62.5,Super Fast,6.7,120.0,50.0,32.0,3,Android v14,3
realme,Realme 12X,Budget,2303808,54,0.4647110753075493,Average Value,1,0,0,mediatek,Dimensity 6100 Plus,8.0,2.2,4.0,128.0,5000.0,45.0,111.11111111111111,Standard,6.72,120.0,50.0,8.0,2,Android v14,1
xiaomi,Xiaomi Redmi 12 4G (6GB RAM + 128GB),Budget,1919808,50,-0.2293490889225801,Average Value,0,0,1,mediatek,Helio G88,8.0,2.0,6.0,128.0,5000.0,18.0,277.77777777777777,Slow Charging,6.79,90.0,50.0,8.0,3,Android v13,1
vivo,Vivo T2x 5G (6GB RAM + 128GB),Budget,2495808,50,-0.2293490889225801,Average Value,1,0,0,mediatek,Dimensity 6020,8.0,2.2,6.0,128.0,5000.0,18.0,277.77777777777777,Slow Charging,6.58,120.0,50.0,8.0,2,Android v13,1
google,Google Pixel 9 Pro,Flagship,21119808,83,-0.0576803212406741,Average Value,1,1,0,google,Tensor G4,8.0,3.1,16.0,256.0,4700.0,27.0,174.07407407407408,Standard,6.3,120.0,50.0,42.0,3,Android v14,0
iqoo,iQOO 12 5G,Premium,10559808,76,0.1259483875362067,Average Value,1,1,1,qualcomm,Snapdragon 8 Gen3,8.0,3.3,12.0,256.0,5000.0,120.0,41.66666666666666,Super Fast,6.78,144.0,64.0,16.0,3,Android v14,3
vivo,Vivo Y21 5G (8GB RAM + 128GB),Mid-Range,4415808,59,-0.7391214031901231,Average Value,1,1,1,mediatek,Dimensity 6300,8.0,2.4,8.0,128.0,6500.0,44.0,147.72727272727272,Standard,6.74,120.0,50.0,5.0,2,Android v16,1
realme,Realme GT 9 Pro,Flagship,15358080,88,0.5391507804857454,Average Value,1,1,1,qualcomm,Snapdragon 8 Elite Gen 6,8.0,2.5,12.0,256.0,7000.0,120.0,58.333333333333336,Super Fast,6.79,144.0,200.0,32.0,3,Android v17,2
tecno,Tecno Pova 8 5G,Mid-Range,3454080,61,-0.3911967213809342,Average Value,1,1,1,mediatek,Dimensity 7100,8.0,2.5,8.0,128.0,7000.0,45.0,155.55555555555554,Standard,6.83,144.0,50.0,16.0,2,Android v16,3
oppo,Oppo Find X10 Pro 5G,Flagship,23038080,92,1.0166156618668811,Value King,1,1,1,mediatek,Dimensity 9600,8.0,2.5,16.0,512.0,8500.0,100.0,85.0,Standard,6.82,120.0,200.0,50.0,3,Android v17,2
vivo,Vivo X200T (12 GB RAM + 512 GB),Flagship,13439808,89,0.6585170008310294,Average Value,1,1,1,mediatek,Dimensity 9400 Plus,8.0,3.63,12.0,512.0,6200.0,90.0,68.88888888888889,Super Fast,6.67,120.0,50.0,32.0,3,Android v16,2
vivo,Vivo T4 Lite 5G (4GB RAM + 64GB),Budget,2495808,52,0.1176809931924845,Average Value,1,0,0,mediatek,Dimensity 6300,8.0,2.4,4.0,64.0,6000.0,15.0,400.0,Slow Charging,6.74,90.0,50.0,5.0,2,Android v15,1
oppo,Oppo Reno 15c 5G (12GB RAM + 256GB),Premium,7871808,70,-0.8111076157331649,Average Value,1,0,1,qualcomm,Snapdragon 6 Gen1,8.0,2.2,12.0,256.0,7000.0,80.0,87.5,Standard,6.57,120.0,50.0,50.0,3,Android v16,0
realme,Realme Narzo 90x (8GB+128GB),Mid-Range,3167808,59,-0.7391214031901231,Average Value,1,0,0,mediatek,Dimensity 6300,8.0,2.4,8.0,128.0,7000.0,60.0,116.66666666666669,Standard,6.8,144.0,50.0,8.0,2,Android v15,1
iqoo,iQOO Z11 Turbo Pro,Flagship,67198080,80,-0.4157789822765259,Average Value,1,1,1,qualcomm,SM8735 Snapdragon 8s Gen,8.0,2.5,12.0,256.0,7500.0,100.0,75.0,Standard,6.78,120.0,50.0,50.0,2,Android v16,0
oppo,OPPO A6x 5G (4GB RAM + 128GB),Mid-Range,3263808,52,-1.956857789522284,Overpriced,1,0,0,mediatek,Dimensity 6300,8.0,2.4,4.0,128.0,6500.0,45.0,144.44444444444446,Standard,6.75,120.0,13.0,5.0,1,Android v15,1
huawei,Huawei Mate 80 RS Ultimate,Flagship,30718080,80,-0.4157789822765259,Average Value,1,1,1,hisilicon,Kirin 9030,8.0,2.5,20.0,512.0,6000.0,100.0,60.0,Super Fast,6.9,120.0,50.0,13.0,4,HarmonyOS v6.0,2
wobble,Wobble One,Mid-Range,5183808,66,0.4786149831420379,Average Value,1,0,0,mediatek,Dimensity 7400,8.0,2.6,8.0,128.0,5000.0,33.0,151.5151515151515,Standard,6.67,120.0,50.0,50.0,3,Android v15,0
samsung,Samsung Galaxy M17 5G (8GB RAM + 128GB),Mid-Range,3359808,57,-1.087046084999312,Overpriced,1,1,0,samsung,Exynos 1330,8.0,2.4,8.0,128.0,5000.0,25.0,200.0,Standard,6.7,90.0,50.0,13.0,3,Android v15,1
samsung,Samsung Galaxy M18 5G,Mid-Range,3838080,55,-1.4349707668085008,Overpriced,1,1,0,samsung,Octa Core Processor,8.0,2.5,8.0,128.0,5500.0,25.0,220.0,Slow Charging,6.74,90.0,50.0,16.0,3,Android v16,1
lava,Lava Bold N1 5G (4GB RAM + 128GB),Budget,1823808,46,-0.9234092531527096,Average Value,1,0,0,unisoc,Unisoc T765,8.0,2.3,4.0,128.0,5000.0,10.0,500.0,Slow Charging,6.75,120.0,13.0,5.0,1,Android v15,1
oppo,Oppo F31 Pro Plus 5G (12GB RAM + 256GB),Premium,6719808,71,-0.6549316151882696,Average Value,1,0,0,qualcomm,Snapdragon 7 Gen3,8.0,2.63,12.0,256.0,7000.0,80.0,87.5,Standard,6.8,120.0,50.0,32.0,2,Android v15,3
samsung,Samsung Galaxy F36 5G (8GB RAM + 256GB),Mid-Range,4703808,64,0.130690301332849,Average Value,1,1,0,samsung,Exynos 1380,8.0,2.4,8.0,256.0,5000.0,25.0,200.0,Standard,6.7,120.0,50.0,13.0,3,Android v15,3
nubia,Nubia Z80 Ultra,Flagship,11902080,84,0.0616858991046097,Average Value,1,1,1,qualcomm,Snapdragon 8 Elite Gen 5,8.0,4.6,12.0,512.0,7200.0,90.0,80.0,Standard,6.85,144.0,64.0,16.0,3,Android v16,2
iqoo,iQOO Z10R (8GB RAM + 256GB),Mid-Range,4799616,66,0.4786149831420379,Average Value,1,0,0,mediatek,Dimensity 7400,8.0,2.6,8.0,256.0,5700.0,44.0,129.54545454545453,Standard,6.77,120.0,50.0,32.0,2,Android v15,3
infinix,Infinix Note 50s 5G (6GB RAM + 128GB),Mid-Range,3455808,62,-0.2172343804763398,Average Value,1,0,1,mediatek,Dimensity 7300 Ultimate,8.0,2.5,6.0,128.0,5500.0,45.0,122.22222222222224,Standard,6.78,144.0,64.0,13.0,2,Android v15,1
infinix,Infinix Hot 60 Pro,Budget,2686080,57,0.9852561984801465,Average Value,0,1,1,mediatek,Helio G200,8.0,2.2,8.0,128.0,5160.0,45.0,114.66666666666669,Standard,6.78,144.0,50.0,13.0,1,Android v15,1
lava,Lava Storm Lite 5G,Budget,1919808,49,-0.4028641299801125,Average Value,1,0,0,mediatek,Dimensity 6400,8.0,2.5,4.0,64.0,5000.0,45.0,112.5,Slow Charging,6.75,120.0,50.0,5.0,2,Android v15,1
iqoo,iQOO Z10 Lite,Budget,2687808,52,0.1176809931924845,Average Value,1,0,0,mediatek,Dimensity 6300,8.0,2.4,4.0,128.0,6000.0,15.0,400.0,Slow Charging,6.74,90.0,50.0,5.0,2,Android v15,1
vivo,Vivo Y19 5G (4GB RAM + 128GB),Budget,2207808,49,-0.4028641299801125,Average Value,1,0,0,mediatek,Dimensity 6300,8.0,2.4,4.0,128.0,5500.0,15.0,366.6666666666667,Slow Charging,6.74,90.0,13.0,5.0,2,Android v15,1
xiaomi,Xiaomi Redmi A5 4G (4GB RAM + 128GB),Budget,1727808,46,-0.9234092531527096,Average Value,0,0,0,unisoc,Unisoc T7250,8.0,1.8,4.0,128.0,5200.0,15.0,346.6666666666667,Slow Charging,6.88,120.0,32.0,8.0,1,Android v15,1
samsung,Samsung Galaxy A26 (8GB RAM + 256GB),Mid-Range,5082240,66,0.4786149831420379,Average Value,1,1,0,samsung,Exynos 1380,8.0,2.4,8.0,256.0,5000.0,25.0,200.0,Standard,6.7,120.0,50.0,13.0,3,Android v15,3
samsung,Samsung Galaxy M16 5G (6GB RAM + 128GB),Mid-Range,3071808,55,-1.4349707668085008,Overpriced,1,1,0,mediatek,Dimensity 6300,8.0,2.4,6.0,128.0,5000.0,25.0,200.0,Standard,6.7,90.0,50.0,13.0,3,Android v14,1
vivo,Vivo V50 5G (8GB RAM + 256GB),Premium,6527808,70,-0.8111076157331649,Average Value,1,0,0,qualcomm,Snapdragon 7 Gen3,8.0,2.63,8.0,256.0,6000.0,90.0,66.66666666666667,Super Fast,6.77,120.0,50.0,50.0,2,Android v15,0
oppo,Oppo A5 (2025),Mid-Range,3167808,57,-1.087046084999312,Overpriced,1,1,0,mediatek,Dimensity 6300,8.0,2.4,6.0,128.0,6000.0,45.0,133.33333333333334,Standard,6.67,120.0,50.0,8.0,2,Android v15,1
motorola,Motorola Moto G65 5G,Mid-Range,3262080,62,-0.2172343804763398,Average Value,1,0,0,mediatek,Dimensity 7300,8.0,2.5,8.0,128.0,6000.0,45.0,133.33333333333334,Standard,6.67,120.0,50.0,32.0,2,Android v15,3
oneplus,OnePlus 13 (16GB RAM+ 512GB),Flagship,13439808,90,0.7778832211763133,Average Value,1,1,1,qualcomm,Snapdragon 8 Elite,8.0,4.32,16.0,512.0,6000.0,100.0,60.0,Super Fast,6.82,120.0,50.0,32.0,3,Android v15,2
honor,Honor Magic 8 Pro,Flagship,18814080,89,0.6585170008310294,Average Value,1,1,1,qualcomm,Snapdragon 8 Elite Gen 5,8.0,4.6,12.0,512.0,7100.0,100.0,71.0,Standard,6.71,120.0,200.0,50.0,3,Android v16,2
apple,Apple iPhone 16e,Premium,11500800,63,-1.904339619547432,Overpriced,1,1,0,apple,Bionic A18,6.0,4.04,8.0,128.0,4005.0,45.0,112.5,Slow Charging,6.1,120.0,48.0,12.0,1,iOS v18,1
motorola,Motorola Moto G87,Mid-Range,4030080,61,-0.3911967213809342,Average Value,1,0,0,qualcomm,Snapdragon 7 Gen2,8.0,2.5,8.0,256.0,5100.0,44.0,115.9090909090909,Standard,6.74,120.0,50.0,32.0,2,Android v15,3
vivo,Vivo Y19s,Budget,1726080,48,-0.5763791710376449,Average Value,0,0,0,unisoc,Unisoc T612,8.0,1.8,6.0,128.0,5500.0,15.0,366.6666666666667,Slow Charging,6.68,90.0,50.0,5.0,2,Android v14,1
realme,Realme C63 5G (8GB RAM + 128GB),Budget,2495808,54,0.4647110753075493,Average Value,1,0,0,mediatek,Dimensity 6300,8.0,2.4,8.0,128.0,5000.0,10.0,500.0,Slow Charging,6.67,120.0,32.0,8.0,2,Android v14,1
realme,Realme C63 5G,Budget,2111808,53,0.2911960342500169,Average Value,1,0,0,mediatek,Dimensity 6300,8.0,2.4,4.0,128.0,5000.0,10.0,500.0,Slow Charging,6.67,120.0,32.0,8.0,2,Android v14,1
vivo,Vivo V40e 5G,Mid-Range,5567808,66,0.4786149831420379,Average Value,1,0,0,mediatek,Dimensity 7300,8.0,2.5,8.0,128.0,5500.0,80.0,68.75,Super Fast,6.77,120.0,50.0,50.0,2,Android v14,0
vivo,Vivo Y300 5G,Mid-Range,4031808,61,-0.3911967213809342,Average Value,1,0,0,qualcomm,Snapdragon 4 Gen2,8.0,2.2,8.0,128.0,5000.0,80.0,62.5,Super Fast,6.67,120.0,50.0,32.0,2,Android v14,3
hmd,HMD Fusion,Budget,2111808,58,1.1587712395376788,Value King,1,1,0,qualcomm,Snapdragon 4 Gen2,8.0,2.2,6.0,128.0,5000.0,33.0,151.5151515151515,Standard,6.56,90.0,108.0,50.0,2,Android v14,0
realme,Realme C61,Budget,1391808,45,-1.096924294210242,Overpriced,0,0,0,unisoc,Unisoc T612,8.0,1.8,4.0,64.0,5000.0,18.0,277.77777777777777,Slow Charging,6.74,90.0,32.0,5.0,1,Android v14,1
vertu,Vertu Ironflip,Flagship,94078080,74,-1.1319763043482294,Overpriced,1,1,0,qualcomm,Snapdragon 8 Gen2,8.0,3.2,12.0,256.0,4310.0,65.0,66.3076923076923,Super Fast,6.7,120.0,50.0,16.0,2,Android v13,3
oneplus,OnePlus Nord CE 5 Lite 5G,Mid-Range,4414080,62,-0.2172343804763398,Average Value,1,0,0,qualcomm,Snapdragon 7 Gen2,8.0,2.5,8.0,256.0,5000.0,80.0,62.5,Super Fast,6.78,120.0,50.0,32.0,3,Android v15,3
poco,Poco X6 Neo (12GB RAM + 256GB),Mid-Range,3455808,66,0.4786149831420379,Average Value,1,0,1,mediatek,Dimensity 6080,8.0,2.4,12.0,256.0,5000.0,33.0,151.5151515151515,Standard,6.67,120.0,108.0,16.0,2,Android v13,3
infinix,Infinix Note 40 Pro 5G,Mid-Range,4223808,68,0.8265396649512267,Average Value,1,1,1,mediatek,Dimensity 7020,8.0,2.2,8.0,256.0,5000.0,45.0,111.11111111111111,Standard,6.78,120.0,108.0,32.0,3,Android v14,0
samsung,Samsung Galaxy S24 Ultra (12GB RAM + 512GB),Flagship,24959808,84,0.0616858991046097,Average Value,1,1,0,qualcomm,Snapdragon 8 Gen3,8.0,3.3,12.0,512.0,5000.0,45.0,111.11111111111111,Standard,6.8,120.0,200.0,12.0,4,Android v14,2
samsung,Samsung Galaxy M05,Budget,1919808,44,-1.2704393352677743,Overpriced,0,0,0,mediatek,Helio G85,8.0,2.0,4.0,64.0,5000.0,25.0,200.0,Standard,6.7,120.0,50.0,8.0,2,Android v14,1
samsung,Samsung Galaxy M06 5G,Budget,2303808,48,-0.5763791710376449,Average Value,1,0,0,mediatek,Dimensity 6300,8.0,2.4,4.0,128.0,5000.0,25.0,200.0,Standard,6.74,90.0,50.0,8.0,2,Android v15,1
nubia,Nubia Red Magic 10 Pro 5G,Premium,11518080,83,1.2191803913504735,Value King,1,1,1,qualcomm,Snapdragon 8 Elite,8.0,4.32,12.0,256.0,6500.0,80.0,81.25,Standard,6.85,144.0,50.0,16.0,3,Android v15,2
vivo,Vivo T2 Pro 5G (8GB RAM + 256GB),Mid-Range,4607808,58,-0.9130837440947176,Average Value,1,0,0,mediatek,Dimensity 7200,8.0,2.8,8.0,256.0,4600.0,66.0,69.6969696969697,Super Fast,6.78,120.0,64.0,16.0,2,Android v13,3
realme,Realme GT Neo 6 SE,Mid-Range,3838080,68,0.8265396649512267,Average Value,1,1,1,qualcomm,Snapdragon 7+ Gen3,8.0,2.8,8.0,256.0,5500.0,100.0,55.0,Super Fast,6.78,120.0,50.0,32.0,2,Android v14,3
nothing,Nothing Phone 4,Flagship,15551808,81,-0.2964127619312419,Average Value,1,1,0,unknown,Octa Core Processor,8.0,2.5,12.0,256.0,6000.0,85.0,70.58823529411765,Standard,6.67,120.0,50.0,50.0,3,Android v15,0
poco,Poco F6 5G,Mid-Range,5759808,71,1.34842668766501,Value King,1,1,1,qualcomm,Snapdragon 8s Gen3,8.0,3.0,8.0,256.0,5000.0,90.0,55.55555555555556,Super Fast,6.67,120.0,50.0,20.0,2,Android v14,3
samsung,Samsung Galaxy A16 5G,Mid-Range,3878208,57,-1.087046084999312,Overpriced,1,1,0,mediatek,Dimensity 6300,8.0,2.4,8.0,128.0,5000.0,25.0,200.0,Standard,6.7,90.0,50.0,13.0,3,Android v14,1
vivo,Vivo V30 5G,Mid-Range,5759808,68,0.8265396649512267,Average Value,1,0,0,qualcomm,Snapdragon 7 Gen3,8.0,2.63,8.0,128.0,5000.0,80.0,62.5,Super Fast,6.78,120.0,50.0,50.0,2,Android v14,0
google,Google Pixel 7 5G,Mid-Range,5759808,64,0.130690301332849,Average Value,1,1,0,google,Google Tensor G2,8.0,2.85,8.0,128.0,4355.0,30.0,145.16666666666666,Standard,6.3,90.0,50.0,10.8,2,Android v13,1
apple,Apple iPhone 9,Mid-Range,5758080,40,-4.044405880377417,Overpriced,0,1,0,apple,A13 Bionic,6.0,2.65,3.0,64.0,2050.0,45.0,112.5,Slow Charging,4.7,120.0,12.0,7.0,1,iOS v13.0,1
oppo,Oppo A6X 4G,Budget,2495808,44,-1.2704393352677743,Overpriced,0,0,0,qualcomm,Snapdragon 685,8.0,2.8,4.0,64.0,6500.0,45.0,112.5,Slow Charging,6.75,120.0,13.0,5.0,1,Android v15,1
oppo,Oppo A6 5G (6GB RAM + 256GB),Mid-Range,4991808,59,-0.7391214031901231,Average Value,1,1,0,mediatek,Dimensity 6300,8.0,2.4,6.0,256.0,7000.0,45.0,155.55555555555554,Standard,6.75,120.0,50.0,8.0,2,Android v15,1
oppo,Oppo A6 5G (6GB RAM + 128GB),Mid-Range,4223808,59,-0.7391214031901231,Average Value,1,1,0,mediatek,Dimensity 6300,8.0,2.4,6.0,128.0,7000.0,45.0,155.55555555555554,Standard,6.75,120.0,50.0,8.0,2,Android v15,1
oppo,OPPO Reno 15 Pro 5G (12GB RAM + 512GB),Flagship,14015808,88,0.5391507804857454,Average Value,1,1,1,mediatek,Dimensity 8450,8.0,3.25,12.0,512.0,6500.0,80.0,81.25,Standard,6.78,120.0,200.0,50.0,3,Android v16,2
iqoo,iQOO Z10 Lite 5G (4GB RAM + 64GB),Budget,2495808,50,-0.2293490889225801,Average Value,1,0,0,mediatek,Dimensity 6300,8.0,2.4,4.0,64.0,6000.0,15.0,400.0,Slow Charging,6.74,90.0,50.0,5.0,2,Android v15,1
oppo,Oppo A6 Pro 5G (8GB+256GB),Mid-Range,5183808,63,-0.0432720395717453,Average Value,1,0,0,mediatek,Dimensity 6300,8.0,2.4,8.0,256.0,7000.0,80.0,87.5,Standard,6.75,120.0,50.0,16.0,2,Android v15,3
poco,POCO C85 5G (6GB RAM + 128GB),Budget,2778240,58,1.1587712395376788,Value King,1,1,0,mediatek,Dimensity 6300,8.0,2.4,6.0,128.0,6000.0,33.0,181.8181818181818,Standard,6.9,120.0,50.0,8.0,2,Android v15,1
vivo,Vivo X300 (12GB RAM + 512GB),Flagship,15743808,86,0.3004183397951776,Average Value,1,1,1,mediatek,Dimensity 9500,8.0,4.21,12.0,512.0,6040.0,90.0,67.11111111111111,Super Fast,6.31,120.0,200.0,50.0,3,Android v16,2
realme,Realme 15 Lite 5G,Mid-Range,3359808,59,-0.7391214031901231,Average Value,1,0,0,mediatek,Dimensity 7300 Energy,8.0,2.5,8.0,128.0,5000.0,80.0,62.5,Super Fast,6.67,120.0,50.0,16.0,2,Android v15,3
samsung,Samsung Galaxy F07,Budget,1727616,45,-1.096924294210242,Overpriced,0,0,0,mediatek,Helio G99,8.0,2.2,4.0,64.0,5000.0,25.0,200.0,Standard,6.7,120.0,50.0,8.0,2,Android v15,1
xiaomi,Xiaomi 17 Pro,Flagship,15934080,92,1.0166156618668811,Value King,1,1,1,qualcomm,Snapdragon 8 Elite Gen 5,8.0,4.6,12.0,256.0,6300.0,100.0,63.0,Super Fast,6.3,144.0,50.0,50.0,3,Android v16,2
realme,Realme P4 Pro 5G (8GB RAM + 256GB),Premium,5951808,72,-0.4987556146433743,Average Value,1,0,1,qualcomm,Snapdragon 7 Gen 4,8.0,2.5,8.0,256.0,7000.0,80.0,87.5,Standard,6.8,144.0,50.0,50.0,2,Android v15,0
poco,Poco M7 Plus 5G (8GB RAM + 128GB),Mid-Range,3225408,59,-0.7391214031901231,Average Value,1,0,1,qualcomm,Snapdragon 6s Gen3,8.0,2.3,8.0,128.0,7000.0,33.0,212.12121212121207,Slow Charging,6.9,144.0,50.0,8.0,1,Android v15,1
vivo,Vivo V60 5G (16GB RAM + 512GB),Premium,8831808,81,0.9068283902606832,Average Value,1,1,1,qualcomm,Snapdragon 7 Gen4,8.0,2.8,16.0,512.0,6500.0,90.0,72.22222222222223,Standard,6.77,120.0,50.0,50.0,3,Android v15,2
iqoo,iQOO Z10R (12GB RAM + 256GB),Mid-Range,5183616,67,0.6525773240466323,Average Value,1,0,0,mediatek,Dimensity 7400,8.0,2.6,12.0,256.0,5700.0,44.0,129.54545454545453,Standard,6.77,120.0,50.0,32.0,2,Android v15,3
tecno,Tecno Spark 40 Pro,Mid-Range,3071808,57,-1.087046084999312,Overpriced,0,1,1,mediatek,Helio G100,8.0,2.2,8.0,128.0,5200.0,45.0,115.55555555555556,Standard,6.78,144.0,50.0,13.0,1,Android v15,1
oppo,OPPO Reno 14 5G (12GB RAM + 256GB),Premium,8639808,76,0.1259483875362067,Average Value,1,0,1,mediatek,Dimensity 8350,8.0,3.35,12.0,256.0,6000.0,80.0,75.0,Standard,6.59,120.0,50.0,50.0,3,Android v15,0
vivo,Vivo T4 Ultra (12GB RAM+ 256GB),Premium,7295808,75,-0.0302276130086885,Average Value,1,1,0,mediatek,Dimensity 9300 Plus,8.0,3.25,12.0,256.0,5500.0,90.0,61.11111111111112,Super Fast,6.67,120.0,50.0,32.0,3,Android v15,3
oneplus,OnePlus 13s (12GB RAM + 512GB),Premium,11135808,81,0.9068283902606832,Average Value,1,1,1,qualcomm,Snapdragon 8 Elite,8.0,4.32,12.0,512.0,5850.0,80.0,73.125,Standard,6.32,120.0,50.0,32.0,2,Android v15,2
realme,Realme GT 7 Dream Edition,Premium,9599808,89,2.156236394619845,Performance Beast,1,1,1,mediatek,Dimensity 9400e,8.0,3.4,16.0,512.0,7000.0,120.0,58.333333333333336,Super Fast,6.78,120.0,50.0,32.0,3,Android v15,2
realme,Realme Neo 7 Turbo,Mid-Range,4606080,75,2.044276051283388,Performance Beast,1,1,1,mediatek,Dimensity 9400e,8.0,2.5,12.0,256.0,7200.0,100.0,72.0,Standard,6.8,144.0,50.0,16.0,2,Android v15,3
infinix,Infinix Note 50s 5G (8GB RAM + 256GB),Mid-Range,4799808,64,0.130690301332849,Average Value,1,0,1,mediatek,Dimensity 7300 Ultimate,8.0,2.5,8.0,256.0,5500.0,45.0,122.22222222222224,Standard,6.78,144.0,64.0,13.0,2,Android v15,3
realme,Realme Narzo 90 Pro 5G,Mid-Range,4222080,64,0.130690301332849,Average Value,1,0,0,unknown,Octa Core Processor,8.0,2.5,8.0,128.0,6500.0,100.0,65.0,Super Fast,6.78,120.0,50.0,32.0,3,Android v16,3
nubia,Nubia Red Magic 10 Air,Premium,7871808,74,-0.1864036135535838,Average Value,1,1,1,qualcomm,Snapdragon 8 Gen3,8.0,3.3,12.0,256.0,6000.0,80.0,75.0,Standard,6.8,120.0,50.0,16.0,2,Android v15,3
poco,POCO C71,Budget,1720896,45,-1.096924294210242,Overpriced,0,0,0,unisoc,Unisoc T7250,8.0,1.8,4.0,64.0,5200.0,15.0,346.6666666666667,Slow Charging,6.88,120.0,32.0,8.0,2,Android v15,1
samsung,Samsung Galaxy F16 5G (6GB RAM + 128GB),Budget,2878080,55,0.6382261163650816,Average Value,1,1,0,mediatek,Dimensity 6300,8.0,2.4,6.0,128.0,5000.0,25.0,200.0,Standard,6.7,90.0,50.0,13.0,3,Android v15,1
poco,Poco M7 5G (8GB RAM + 128GB),Budget,2684928,53,0.2911960342500169,Average Value,1,0,0,qualcomm,Snapdragon 4 Gen2,8.0,2.2,8.0,128.0,5160.0,18.0,286.6666666666667,Slow Charging,6.88,120.0,50.0,8.0,1,Android v14,1
xiaomi,Xiaomi Redmi Turbo 5,Mid-Range,5758080,72,1.5223890285696045,Value King,1,1,1,mediatek,Dimensity 8500 Ultra,8.0,3.4,12.0,256.0,7560.0,100.0,75.6,Standard,6.59,120.0,50.0,20.0,2,Android v16,3
xiaomi,Xiaomi Redmi Note 14 Pro (8GB RAM + 256GB),Mid-Range,4390848,62,-0.2172343804763398,Average Value,1,0,1,mediatek,Dimensity 7300 Ultra,8.0,2.5,8.0,256.0,5500.0,45.0,122.22222222222224,Standard,6.67,120.0,50.0,20.0,3,Android v14,3
itel,itel S25 Ultra,Mid-Range,3454080,57,-1.087046084999312,Overpriced,0,1,1,unisoc,Unisoc T620,8.0,2.2,8.0,128.0,5000.0,18.0,277.77777777777777,Slow Charging,6.78,120.0,50.0,32.0,2,Android v14,1
oppo,Oppo A5 Pro 5G,Mid-Range,3647808,58,-0.9130837440947176,Average Value,1,0,0,mediatek,Dimensity 6300,8.0,2.4,8.0,128.0,5800.0,45.0,128.88888888888889,Standard,6.67,120.0,50.0,8.0,2,Android v15,1
samsung,Samsung Galaxy S26 Plus,Flagship,21119808,79,-0.5351452026218098,Average Value,1,1,0,samsung,Exynos 2600,10.0,3.8,12.0,256.0,4900.0,45.0,108.88888888888889,Standard,6.7,120.0,50.0,12.0,3,Android v16,3
apple,Apple iPhone 16 Plus (256GB),Flagship,17260800,70,-1.609441185729365,Overpriced,1,1,0,apple,Bionic A18,6.0,4.04,8.0,256.0,4674.0,45.0,112.5,Slow Charging,6.7,120.0,48.0,12.0,2,iOS v18,3
realme,Realme GT 8,Premium,10174080,81,0.9068283902606832,Average Value,1,1,1,qualcomm,Snapdragon 8 Elite,8.0,4.32,12.0,256.0,7000.0,100.0,70.0,Standard,6.79,144.0,50.0,16.0,3,Android v16,2
realme,Realme Narzo 70 Turbo 5G,Mid-Range,3263808,59,-0.7391214031901231,Average Value,1,0,0,mediatek,Dimensity 7300 Energy,8.0,2.5,6.0,128.0,5000.0,45.0,111.11111111111111,Standard,6.67,120.0,50.0,16.0,2,Android v14,1
realme,Realme 14 5G,Mid-Range,4222080,61,-0.3911967213809342,Average Value,1,0,0,qualcomm,Snapdragon 6 Gen4,8.0,2.3,12.0,256.0,6000.0,45.0,133.33333333333334,Standard,6.67,120.0,50.0,16.0,1,Android v15,3
oneplus,OnePlus Ace 5,Mid-Range,5182080,75,2.044276051283388,Performance Beast,1,1,1,qualcomm,Snapdragon 8 Gen3,8.0,3.3,12.0,256.0,6415.0,80.0,80.1875,Standard,6.78,120.0,50.0,16.0,3,Android v15,3
iqoo,iQOO Z9s Pro 5G,Mid-Range,4799808,64,0.130690301332849,Average Value,1,0,0,qualcomm,Snapdragon 7 Gen3,8.0,2.63,8.0,128.0,5500.0,80.0,68.75,Super Fast,6.77,120.0,50.0,16.0,2,Android v14,3
samsung,Samsung Galaxy F06 5G,Budget,2280960,49,-0.4028641299801125,Average Value,1,0,0,mediatek,Dimensity 6300,8.0,2.4,4.0,128.0,5000.0,25.0,200.0,Standard,6.7,120.0,50.0,8.0,2,Android v15,1
vivo,Vivo T3 Lite 5G (6GB RAM + 128GB),Mid-Range,2974080,54,-1.608933107713095,Overpriced,1,0,0,mediatek,Dimensity 6300,8.0,2.4,6.0,128.0,5000.0,15.0,333.3333333333333,Slow Charging,6.56,90.0,50.0,8.0,2,Android v14,1
realme,Realme C61 (6GB RAM + 128GB),Budget,1574208,46,-0.9234092531527096,Average Value,0,0,0,unisoc,Unisoc T612,8.0,1.8,6.0,128.0,5000.0,18.0,277.77777777777777,Slow Charging,6.74,90.0,32.0,5.0,1,Android v14,1
oneplus,OnePlus Nord CE 4 Lite 5G (8GB RAM + 256GB),Mid-Range,4588608,64,0.130690301332849,Average Value,1,0,0,qualcomm,Snapdragon 695,8.0,2.2,8.0,256.0,5500.0,80.0,68.75,Super Fast,6.67,120.0,50.0,16.0,2,Android v14,3
oppo,OPPO Reno 13 Pro 5G,Premium,8639808,79,0.5944763891708925,Average Value,1,1,1,mediatek,Dimensity 8350,8.0,3.35,12.0,256.0,5800.0,80.0,72.5,Standard,6.83,120.0,50.0,50.0,3,Android v15,0
xiaomi,Xiaomi Redmi K90,Premium,6910080,76,0.1259483875362067,Average Value,1,1,1,qualcomm,Snapdragon 8 Elite,8.0,4.32,12.0,256.0,7100.0,100.0,71.0,Standard,6.59,120.0,50.0,20.0,3,Android v16,2
realme,Realme 12X (6GB RAM +128GB),Budget,2399808,55,0.6382261163650816,Average Value,1,0,0,mediatek,Dimensity 6100 Plus,8.0,2.2,6.0,128.0,5000.0,45.0,111.11111111111111,Standard,6.72,120.0,50.0,8.0,2,Android v14,1
realme,Realme 12X 5G (8GB RAM +128GB),Budget,2591808,55,0.6382261163650816,Average Value,1,0,0,mediatek,Dimensity 6100 Plus,8.0,2.2,8.0,128.0,5000.0,45.0,111.11111111111111,Standard,6.72,120.0,50.0,8.0,2,Android v14,1
infinix,Infinix GT 20 Pro,Mid-Range,4799808,71,1.34842668766501,Value King,1,1,1,mediatek,Dimensity 8200 Ultimate,8.0,3.1,8.0,256.0,5000.0,45.0,111.11111111111111,Standard,6.78,144.0,108.0,32.0,3,Android v14,0
motorola,Motorola Moto G34 5G (8GB RAM + 128GB),Budget,2879808,55,0.6382261163650816,Average Value,1,0,0,qualcomm,Snapdragon 695,8.0,2.2,8.0,128.0,5000.0,18.0,277.77777777777777,Slow Charging,6.5,120.0,50.0,16.0,2,Android v14,1
poco,Poco M6 Pro 5G (8GB RAM + 256GB),Budget,2879808,54,0.4647110753075493,Average Value,1,0,1,qualcomm,Snapdragon 4 Gen2,8.0,2.2,8.0,256.0,5000.0,18.0,277.77777777777777,Slow Charging,6.79,90.0,50.0,8.0,2,Android v13,1
infinix,Infinix Smart 8,Budget,1401408,48,-0.5763791710376449,Average Value,0,0,0,mediatek,Helio G36,8.0,2.2,4.0,64.0,5000.0,10.0,500.0,Slow Charging,6.6,90.0,50.0,8.0,2,Android v13,1
motorola,Motorola Edge 50 Pro 5G,Mid-Range,5375808,74,1.8703137103787928,Value King,1,1,0,qualcomm,Snapdragon 7 Gen3,8.0,2.63,8.0,256.0,4500.0,68.0,66.17647058823529,Super Fast,6.7,144.0,50.0,50.0,3,Android v14,0
vivo,Vivo T3x 5G,Mid-Range,3359808,55,-1.4349707668085008,Overpriced,1,0,0,qualcomm,Snapdragon 6 Gen1,8.0,2.2,4.0,128.0,6000.0,44.0,136.36363636363637,Standard,6.72,120.0,50.0,8.0,2,Android v14,1
poco,Poco X5 Pro (8GB RAM + 256GB),Mid-Range,3715008,64,0.130690301332849,Average Value,1,0,1,qualcomm,Snapdragon 778G,8.0,2.4,8.0,256.0,5000.0,67.0,74.6268656716418,Standard,6.67,120.0,108.0,16.0,3,Android v12,3
oneplus,OnePlus 11 (16GB RAM + 256GB),Premium,7487616,75,-0.0302276130086885,Average Value,1,1,0,qualcomm,Snapdragon 8 Gen2,8.0,3.2,16.0,256.0,5000.0,100.0,50.0,Super Fast,6.7,120.0,50.0,16.0,3,Android v13,3
xiaomi,Xiaomi 14,Flagship,12479808,88,0.5391507804857454,Average Value,1,1,1,qualcomm,Snapdragon 8 Gen3,8.0,3.3,12.0,512.0,4610.0,90.0,51.22222222222222,Super Fast,6.36,120.0,50.0,32.0,3,Android v14,2
google,Google Pixel 8 Pro,Flagship,15359808,74,-1.1319763043482294,Overpriced,1,1,0,google,Tensor G3,9.0,3.0,12.0,128.0,5050.0,30.0,168.33333333333334,Standard,6.7,120.0,50.0,10.5,3,Android v14,3
samsung,Samsung Galaxy A82 5G,Premium,7678080,67,-1.2796356173678507,Overpriced,1,1,0,qualcomm,Snapdragon 855+,8.0,2.96,6.0,128.0,4500.0,25.0,180.0,Standard,6.71,120.0,64.0,10.0,3,Android v11,3
samsung,Samsung Galaxy F70 Pro 5G,Premium,6335808,63,-1.904339619547432,Overpriced,1,0,0,samsung,Exynos,8.0,2.5,8.0,128.0,6000.0,45.0,133.33333333333334,Standard,6.74,120.0,50.0,32.0,2,Android v16,3
vivo,Vivo V80 Elite 5G,Premium,10174080,86,1.6877083929851595,Value King,1,1,1,qualcomm,Snapdragon 8s Gen4,8.0,3.2,8.0,256.0,7000.0,100.0,70.0,Standard,6.67,144.0,50.0,50.0,3,Android v17,0
vivo,Vivo Y21 5G (6GB RAM + 128GB),Mid-Range,4031808,59,-0.7391214031901231,Average Value,1,1,1,mediatek,Dimensity 6300,8.0,2.4,6.0,128.0,6500.0,44.0,147.72727272727272,Standard,6.74,120.0,50.0,5.0,2,Android v16,1
samsung,Samsung Galaxy A37 5G (12GB RAM + 256 GB),Premium,10175808,70,-0.8111076157331649,Average Value,1,1,0,samsung,Exynos 1480,8.0,2.7,12.0,256.0,5000.0,45.0,111.11111111111111,Standard,6.7,120.0,50.0,12.0,3,Android v16,3
honor,Honor Magic 9 Pro,Flagship,21118080,88,0.5391507804857454,Average Value,1,1,1,unknown,Octa Core Processor,8.0,2.5,12.0,512.0,7500.0,100.0,75.0,Standard,6.85,120.0,200.0,50.0,3,Android v17,2
oppo,OPPO Reno 15 5G (12GB RAM + 512GB),Premium,10367808,81,0.9068283902606832,Average Value,1,0,1,qualcomm,Snapdragon 7 Gen4,8.0,2.8,12.0,512.0,6500.0,80.0,81.25,Standard,6.59,120.0,50.0,50.0,3,Android v16,2
realme,Realme 16 Pro Plus 5G (12GB RAM + 512GB),Premium,9983808,83,1.2191803913504735,Value King,1,1,1,qualcomm,Snapdragon 7 Gen4,8.0,2.8,12.0,512.0,7000.0,80.0,87.5,Standard,6.8,144.0,200.0,50.0,3,Android v16,2
xiaomi,Xiaomi Redmi 15C 5G (8GB RAM + 128GB),Mid-Range,3263808,58,-0.9130837440947176,Average Value,1,0,0,mediatek,Dimensity 6300,8.0,2.4,8.0,128.0,6000.0,33.0,181.8181818181818,Standard,6.9,120.0,50.0,8.0,2,Android v15,1
motorola,Motorola Edge 70 Ultra,Flagship,17278080,86,0.3004183397951776,Average Value,1,1,0,qualcomm,Snapdragon 8 Gen 5,8.0,2.5,12.0,512.0,7000.0,11200.0,0.625,Super Fast,6.7,120.0,50.0,60.0,4,Android v15,2
oppo,OPPO Find X9s Pro,Flagship,15358080,86,0.3004183397951776,Average Value,1,1,1,mediatek,Dimensity 9500s,8.0,2.5,16.0,512.0,7800.0,80.0,97.5,Standard,6.78,120.0,200.0,32.0,3,Android v16,2
vivo,Vivo X Fold 6,Flagship,30719808,94,1.2553481025574489,Value King,1,1,1,qualcomm,Snapdragon 8 Gen 5,8.0,2.5,16.0,512.0,6500.0,100.0,65.0,Super Fast,8.03,120.0,50.0,16.0,2,Android v16,2
oppo,Oppo Find X9 5G (16GB RAM + 512GB),Flagship,16319808,90,0.7778832211763133,Average Value,1,1,1,mediatek,Dimensity 9500,8.0,4.21,16.0,512.0,7025.0,80.0,87.8125,Standard,6.59,120.0,50.0,32.0,3,Android v16,2
samsung,Samsung Galaxy F17 5G (8GB RAM + 128GB),Mid-Range,3702336,59,-0.7391214031901231,Average Value,1,1,0,samsung,Exynos 1330,8.0,2.4,8.0,128.0,5000.0,25.0,200.0,Standard,6.7,90.0,50.0,13.0,3,Android v15,1
honor,Honor 500,Premium,7678080,76,0.1259483875362067,Average Value,1,1,1,qualcomm,Snapdragon 8s Gen4,8.0,3.2,12.0,256.0,8000.0,80.0,100.0,Standard,6.55,120.0,200.0,50.0,2,Android v16,0
poco,Poco M8 Plus 5G,Budget,2687808,57,0.9852561984801465,Average Value,1,0,1,qualcomm,Snapdragon 6s Gen4,8.0,2.5,6.0,128.0,7500.0,44.0,170.45454545454547,Standard,6.92,144.0,50.0,16.0,2,Android v16,1
realme,Realme 15x 5G (8GB RAM + 128GB),Mid-Range,3839616,62,-0.2172343804763398,Average Value,1,0,0,mediatek,Dimensity 6300,8.0,2.4,8.0,128.0,7000.0,60.0,116.66666666666669,Standard,6.81,144.0,50.0,50.0,2,Android v15,0
realme,Realme 15x 5G (8GB RAM + 256GB),Mid-Range,4223808,63,-0.0432720395717453,Average Value,1,0,0,mediatek,Dimensity 6300,8.0,2.4,8.0,256.0,7000.0,60.0,116.66666666666669,Standard,6.81,144.0,50.0,50.0,2,Android v15,0
motorola,Motorola Moto X70 Air,Mid-Range,5758080,76,2.218238392187982,Performance Beast,1,1,0,qualcomm,Snapdragon 7 Gen4,8.0,2.8,12.0,256.0,4800.0,68.0,70.58823529411765,Standard,6.7,120.0,50.0,50.0,2,Android v16,0
apple,Apple iPhone 17 Pro (512GB),Flagship,28798080,74,-1.1319763043482294,Overpriced,1,1,0,apple,Apple A19 Pro,6.0,2.5,12.0,512.0,3988.0,45.0,112.5,Slow Charging,6.3,120.0,48.0,18.0,3,iOS v26,2
samsung,Samsung Galaxy S25 FE (8GB RAM + 512GB),Flagship,13726080,80,-0.4157789822765259,Average Value,1,1,0,samsung,Exynos 2400,10.0,3.2,8.0,512.0,4900.0,45.0,108.88888888888889,Standard,6.7,120.0,50.0,12.0,3,Android v16,2
realme,Realme 15T (8GB RAM + 256GB),Mid-Range,4799808,67,0.6525773240466323,Average Value,1,0,1,mediatek,Dimensity 6400 Max,8.0,2.5,8.0,256.0,7000.0,60.0,116.66666666666669,Standard,6.57,120.0,50.0,50.0,2,Android v15,0
infinix,Infinix Note 60x,Budget,2494080,57,0.9852561984801465,Average Value,1,0,1,mediatek,Dimensity 7400,8.0,2.6,6.0,128.0,6000.0,45.0,133.33333333333334,Standard,6.67,120.0,50.0,16.0,2,Android v16,1
infinix,Infinix HOT 70,Budget,2494080,59,1.3322862805952111,Value King,1,0,0,mediatek,Dimensity 7050,8.0,2.6,6.0,128.0,5800.0,33.0,175.75757575757575,Standard,6.78,120.0,50.0,16.0,2,Android v16,1
vivo,Vivo T4R 5G (12GB RAM + 256GB),Mid-Range,4961280,67,0.6525773240466323,Average Value,1,0,0,mediatek,Dimensity 7400,8.0,2.6,12.0,256.0,5700.0,44.0,129.54545454545453,Standard,6.77,120.0,50.0,32.0,2,Android v15,3
realme,Realme C71 (6GB RAM + 128GB),Budget,2111808,44,-1.2704393352677743,Overpriced,0,0,0,unisoc,Unisoc UMS9230E,8.0,1.8,6.0,128.0,6300.0,15.0,420.0,Slow Charging,6.75,90.0,13.0,5.0,1,Android v15,1
ai+,Ai+ Nova 5G (8GB RAM + 128GB),Budget,2495808,53,0.2911960342500169,Average Value,1,0,0,unisoc,Unisoc T8200,8.0,2.5,8.0,128.0,5000.0,18.0,277.77777777777777,Slow Charging,6.75,120.0,50.0,5.0,2,Android v15,1
oppo,OPPO Reno 14 5G (12GB RAM + 512GB),Premium,9215808,79,0.5944763891708925,Average Value,1,0,1,mediatek,Dimensity 8350,8.0,3.35,12.0,512.0,6000.0,80.0,75.0,Standard,6.59,120.0,50.0,50.0,3,Android v15,2
ai+,Ai+ Pulse,Budget,1631808,45,-1.096924294210242,Overpriced,0,0,0,unisoc,Unisoc T615,8.0,1.8,4.0,64.0,5000.0,10.0,500.0,Slow Charging,6.75,90.0,50.0,5.0,1,Android v15,1
realme,Realme Neo 7 Turbo (16GB RAM + 256GB),Mid-Range,5182080,76,2.218238392187982,Performance Beast,1,1,1,mediatek,Dimensity 9400e,8.0,2.5,16.0,256.0,7200.0,100.0,72.0,Standard,6.8,144.0,50.0,16.0,2,Android v15,3
realme,Realme GT 10000 mAh,Premium,6718080,75,-0.0302276130086885,Average Value,1,1,1,unknown,Octa Core Processor,8.0,2.5,8.0,256.0,10000.0,320.0,31.25,Super Fast,6.8,144.0,50.0,32.0,2,Android v15,3
samsung,Samsung Galaxy F56 5G (8GB RAM + 256GB),Premium,6248064,66,-1.435811617912746,Overpriced,1,0,0,samsung,Exynos 1480,8.0,2.7,8.0,256.0,5000.0,45.0,111.11111111111111,Standard,6.74,120.0,50.0,12.0,3,Android v15,3
realme,Realme P1 Speed 5G (8GB RAM + 256GB),Mid-Range,3455808,63,-0.0432720395717453,Average Value,1,0,0,mediatek,Dimensity 7300 E,8.0,2.5,8.0,256.0,5000.0,45.0,111.11111111111111,Standard,6.67,120.0,50.0,16.0,2,Android v14,3
realme,Realme Narzo 80 Pro 5G (12GB RAM + 256GB),Mid-Range,4607808,66,0.4786149831420379,Average Value,1,0,0,mediatek,Dimensity 7400,8.0,2.6,12.0,256.0,6000.0,80.0,75.0,Standard,6.72,120.0,50.0,16.0,2,Android v15,3
nothing,Nothing Phone 3a Pro (12GB RAM + 256GB),Premium,6719808,68,-1.1234596168229554,Overpriced,1,1,0,qualcomm,Snapdragon 7s Gen 3,8.0,2.5,12.0,256.0,5000.0,50.0,100.0,Standard,6.77,120.0,50.0,50.0,3,Android v15,0
samsung,Samsung Galaxy M06 (6GB RAM + 128GB),Budget,2591808,49,-0.4028641299801125,Average Value,1,0,0,mediatek,Dimensity 6300,8.0,2.4,6.0,128.0,5000.0,25.0,200.0,Standard,6.74,90.0,50.0,8.0,2,Android v15,1
realme,Realme P3 Pro 5G (12GB RAM +256GB),Mid-Range,4607808,66,0.4786149831420379,Average Value,1,0,0,qualcomm,Snapdragon 7s Gen3,8.0,2.5,12.0,256.0,6000.0,80.0,75.0,Standard,6.83,120.0,50.0,16.0,2,Android v15,3
realme,Realme P3 Pro 5G (8GB RAM +256GB),Mid-Range,4223808,64,0.130690301332849,Average Value,1,0,0,qualcomm,Snapdragon 7s Gen3,8.0,2.5,8.0,256.0,6000.0,80.0,75.0,Standard,6.83,120.0,50.0,16.0,2,Android v15,3
vivo,Vivo X300 Pro Mini,Premium,11518080,81,0.9068283902606832,Average Value,1,1,1,mediatek,Dimensity 9500,8.0,2.5,12.0,256.0,5800.0,100.0,58.0,Super Fast,6.3,120.0,50.0,50.0,3,Android v16,0
samsung,Samsung Galaxy S25 Edge,Flagship,15359808,81,-0.2964127619312419,Average Value,1,1,0,qualcomm,Snapdragon 8Elite,8.0,4.47,12.0,256.0,3900.0,25.0,156.0,Standard,6.7,120.0,200.0,12.0,2,Android v15,2
oppo,OPPO Reno 13 5G (8GB+256GB),Premium,7295616,72,-0.4987556146433743,Average Value,1,1,1,mediatek,Dimensity 8350,8.0,3.35,8.0,256.0,5600.0,80.0,70.0,Standard,6.59,120.0,50.0,50.0,3,Android v15,0
motorola,Motorola Moto G06,Budget,1535808,49,-0.4028641299801125,Average Value,0,1,0,mediatek,Helio G81 Ultra,8.0,2.0,4.0,64.0,5200.0,10.0,520.0,Slow Charging,6.88,120.0,50.0,8.0,1,Android v15,1
itel,itel Zeno 10,Budget,1151808,36,-2.6585596637280333,Overpriced,0,0,0,unknown,Octa Core Processor,8.0,2.5,3.0,64.0,5000.0,45.0,112.5,Slow Charging,6.6,120.0,8.0,5.0,2,Android v14,1
xiaomi,Xiaomi Redmi Note 14 (8GB RAM + 128GB),Mid-Range,3263808,62,-0.2172343804763398,Average Value,1,0,1,mediatek,Dimensity 7025 Ultra,8.0,2.5,8.0,128.0,5110.0,45.0,113.55555555555556,Standard,6.67,120.0,50.0,20.0,3,Android v14,3
realme,Realme C75,Budget,1918080,52,0.1176809931924845,Average Value,0,1,0,mediatek,Helio G92 Max,8.0,2.0,8.0,128.0,6000.0,45.0,133.33333333333334,Standard,6.72,120.0,50.0,8.0,2,Android v14,1
samsung,Samsung Galaxy A16 5G (6GB RAM + 128GB),Mid-Range,3071808,55,-1.4349707668085008,Overpriced,1,1,0,mediatek,Dimensity 6300,8.0,2.4,6.0,128.0,5000.0,25.0,200.0,Standard,6.7,90.0,50.0,13.0,3,Android v14,1
google,Google Pixel 10 Pro Fold,Flagship,30719808,88,0.5391507804857454,Average Value,1,1,0,google,Tensor G5,8.0,3.78,16.0,256.0,5015.0,30.0,167.16666666666666,Standard,8.0,120.0,50.0,16.0,2,Android v16,3
motorola,Motorola Moto G77 5G,Mid-Range,5758080,67,0.6525773240466323,Average Value,1,1,0,mediatek,Dimensity 6400,8.0,2.5,8.0,128.0,5200.0,30.0,173.33333333333334,Standard,6.78,120.0,108.0,32.0,2,Android v16,3
asus,Asus ROG Phone 9 Pro,Flagship,19582080,84,0.0616858991046097,Average Value,1,1,0,qualcomm,Snapdragon 8 Elite,8.0,4.32,16.0,512.0,5800.0,65.0,89.23076923076923,Standard,6.78,185.0,50.0,32.0,3,Android v15,2
vivo,Vivo Y03t,Budget,1247808,39,-2.138014540555436,Overpriced,0,0,0,unisoc,Unisoc T612,8.0,1.8,4.0,64.0,5000.0,15.0,333.3333333333333,Slow Charging,6.56,90.0,13.0,5.0,2,Android v14,1
oppo,Oppo F29,Mid-Range,4223808,61,-0.3911967213809342,Average Value,1,0,0,qualcomm,Snapdragon 6 Gen1,8.0,2.2,8.0,128.0,6500.0,45.0,144.44444444444446,Standard,6.7,120.0,50.0,16.0,2,Android v15,1
vivo,Vivo V50 Pro 5G,Premium,10558080,77,0.2821243880811019,Average Value,1,0,0,mediatek,Dimensity 9300,8.0,3.25,8.0,256.0,5700.0,100.0,57.0,Super Fast,6.8,144.0,50.0,50.0,4,Android v15,0
realme,Realme 14 Pro 5G,Mid-Range,4798080,62,-0.2172343804763398,Average Value,1,0,0,mediatek,Dimensity 7300 Energy,8.0,2.5,8.0,128.0,6000.0,45.0,133.33333333333334,Standard,6.77,120.0,50.0,16.0,2,Android v15,3
vivo,Vivo Y28s 5G (6GB RAM + 128GB),Budget,2783808,53,0.2911960342500169,Average Value,1,0,0,mediatek,Dimensity 6300,8.0,2.4,6.0,128.0,5000.0,15.0,333.3333333333333,Slow Charging,6.56,90.0,50.0,8.0,2,Android v14,1
cmf,CMF Phone 1 (8GB RAM + 128GB),Mid-Range,3455808,58,-0.9130837440947176,Average Value,1,0,0,mediatek,Dimensity 7300,8.0,2.5,8.0,128.0,5000.0,33.0,151.5151515151515,Standard,6.67,120.0,50.0,16.0,2,Android v14,1
samsung,Samsung Galaxy A06s,Budget,1919808,49,-0.4028641299801125,Average Value,1,0,0,samsung,Octa Core Processor,8.0,2.5,4.0,128.0,5000.0,25.0,200.0,Standard,6.7,90.0,50.0,8.0,2,Android v15,1
oppo,Oppo F27 Pro Plus 5G,Mid-Range,4990080,64,0.130690301332849,Average Value,1,0,0,mediatek,Dimensity 7050,8.0,2.6,8.0,256.0,5000.0,67.0,74.6268656716418,Standard,6.7,120.0,64.0,8.0,2,Android v14,3
realme,Realme GT 6T,Mid-Range,5011008,68,0.8265396649512267,Average Value,1,1,1,qualcomm,Snapdragon 7+ Gen3,8.0,2.8,8.0,128.0,5500.0,120.0,45.833333333333336,Super Fast,6.78,120.0,50.0,32.0,2,Android v14,3
oppo,Oppo A3 Pro 5G,Mid-Range,3263808,55,-1.4349707668085008,Overpriced,1,0,0,mediatek,Dimensity 6300,8.0,2.4,8.0,128.0,5100.0,45.0,113.33333333333331,Standard,6.67,120.0,50.0,8.0,2,Android v14,1
nubia,Nubia Neo 2,Mid-Range,3646080,58,-0.9130837440947176,Average Value,1,1,0,unisoc,Unisoc T820,8.0,2.7,8.0,256.0,6000.0,33.0,181.8181818181818,Standard,6.72,120.0,50.0,16.0,2,Android v13,3
realme,Realme 12 Pro Plus 5G (8GB RAM + 256GB),Mid-Range,4415808,64,0.130690301332849,Average Value,1,0,0,qualcomm,Snapdragon 7s Gen2,8.0,2.4,8.0,256.0,5000.0,67.0,74.6268656716418,Standard,6.7,120.0,64.0,32.0,3,Android v14,3
lava,Lava Yuva 4,Budget,1286208,44,-1.2704393352677743,Overpriced,0,0,0,unisoc,unisoc T606,8.0,1.6,4.0,64.0,5000.0,10.0,500.0,Slow Charging,6.56,90.0,50.0,8.0,2,Android v14,1
poco,Poco X6 Neo,Mid-Range,3071808,64,0.130690301332849,Average Value,1,0,1,mediatek,Dimensity 6080,8.0,2.4,8.0,128.0,5000.0,33.0,151.5151515151515,Standard,6.67,120.0,108.0,16.0,2,Android v13,3
nubia,Nubia Z60 Ultra,Premium,10174080,76,0.1259483875362067,Average Value,1,1,1,qualcomm,Snapdragon 8 Gen3,8.0,3.3,8.0,256.0,6000.0,80.0,75.0,Standard,6.8,120.0,64.0,16.0,3,Android v14,3
apple,Apple iPhone 15 Pro Max (1TB),Flagship,38380800,74,-1.1319763043482294,Overpriced,1,1,0,apple,Bionic A17 Pro,6.0,3.78,8.0,1.0,4441.0,45.0,112.5,Slow Charging,6.7,120.0,48.0,12.0,3,iOS v17,3
samsung,Samsung Galaxy Z Fold 6,Flagship,26783808,88,0.5391507804857454,Average Value,1,1,0,qualcomm,Snapdragon 8 Gen 3,8.0,3.39,12.0,256.0,4400.0,25.0,176.0,Standard,7.6,120.0,50.0,16.0,2,Android v14,3
infinix,Infinix Note 30 5G (8GB RAM + 256GB),Mid-Range,3071808,62,-0.2172343804763398,Average Value,1,1,0,mediatek,Dimensity 6080,8.0,2.4,8.0,256.0,5000.0,45.0,111.11111111111111,Standard,6.78,120.0,108.0,16.0,3,Android v13,3
realme,Realme C53,Budget,1726848,52,0.1176809931924845,Average Value,0,0,0,unisoc,Tiger T612,8.0,1.82,4.0,128.0,5000.0,18.0,277.77777777777777,Slow Charging,6.74,90.0,108.0,8.0,2,Android v13,1
samsung,Samsung Galaxy A34 5G (8GB RAM + 128GB),Mid-Range,4799808,63,-0.0432720395717453,Average Value,1,1,0,mediatek,Dimensity 1080,8.0,2.6,8.0,128.0,5000.0,25.0,200.0,Standard,6.6,120.0,48.0,13.0,3,Android v13,3
tesla,Tesla Pi Phone,Flagship,13439808,80,-0.4157789822765259,Average Value,1,1,0,unknown,Octa Core Processor,8.0,2.5,16.0,512.0,5000.0,120.0,41.66666666666666,Super Fast,6.73,165.0,50.0,32.0,3,Android v16,2
vivo,Vivo V29,Premium,6105600,64,-1.7481636190025365,Overpriced,1,0,0,qualcomm,Snapdragon 778G,8.0,2.4,8.0,128.0,4600.0,80.0,57.5,Super Fast,6.78,120.0,50.0,50.0,3,Android v13,0
vivo,Vivo X90 Pro 5G,Premium,10558080,80,0.7506523897157878,Average Value,1,1,1,mediatek,Dimensity 9200,8.0,3.05,12.0,256.0,4870.0,120.0,40.583333333333336,Super Fast,6.78,120.0,50.0,32.0,3,Android v13,3
samsung,Samsung Galaxy A54 5G,Premium,8063808,68,-1.1234596168229554,Overpriced,1,1,0,samsung,Exynos 1380,8.0,2.4,8.0,128.0,5000.0,25.0,200.0,Standard,6.4,120.0,50.0,32.0,3,Android v13,3
oneplus,OnePlus 10 Pro 5G,Premium,7679808,74,-0.1864036135535838,Average Value,1,1,0,qualcomm,Snapdragon 8 Gen1,8.0,3.0,8.0,128.0,5000.0,80.0,62.5,Super Fast,6.7,120.0,50.0,32.0,3,Android v12,3
samsung,Samsung Galaxy S22 5G,Flagship,16511808,74,-1.1319763043482294,Overpriced,1,1,0,qualcomm,Snapdragon  8 Gen1,8.0,3.0,8.0,128.0,3700.0,25.0,148.0,Standard,6.1,120.0,50.0,10.0,3,Android v12,3
motorola,Motorola Moto G60,Budget,2879808,58,1.1587712395376788,Value King,0,1,0,qualcomm,Snapdragon  732G,8.0,2.3,6.0,128.0,6000.0,20.0,300.0,Slow Charging,6.78,120.0,108.0,32.0,3,Android v11,3
oppo,OPPO K14 5G (6GB RAM + 256GB),Mid-Range,4223808,62,-0.2172343804763398,Average Value,1,1,1,mediatek,Dimensity 6300,8.0,2.4,6.0,256.0,7000.0,45.0,155.55555555555554,Standard,6.75,120.0,50.0,8.0,2,Android v15,1
honor,Honor X80 GT,Premium,5950080,64,-1.7481636190025365,Overpriced,1,1,1,unknown,Octa Core Processor,8.0,2.5,8.0,256.0,13080.0,80.0,163.5,Standard,6.79,120.0,50.0,16.0,2,Android v16,3
oneplus,OnePlus 17,Flagship,19198080,90,0.7778832211763133,Average Value,1,1,1,qualcomm,Octa Core Processor,8.0,2.5,12.0,256.0,10001.0,120.0,83.34166666666667,Standard,6.82,240.0,200.0,50.0,3,Android v17,0
honor,Honor Play 80 Pro,Mid-Range,5374080,55,-1.4349707668085008,Overpriced,1,1,0,qualcomm,Snapdragon 6s Gen 3,8.0,2.3,6.0,256.0,7000.0,45.0,155.55555555555554,Standard,6.8,120.0,50.0,5.0,1,Android v15,1
apple,Apple iPhone 18e,Flagship,13438080,62,-2.564370948491636,Overpriced,1,1,0,apple,Apple A20,6.0,2.5,12.0,256.0,6.2,45.0,112.5,Slow Charging,48.0,120.0,50.0,16.0,1,iOS v27,1
xiaomi,Xiaomi 18 Ultra,Flagship,23038080,94,1.2553481025574489,Value King,1,1,1,qualcomm,Snapdragon 8 Elite Gen 6,8.0,2.5,16.0,512.0,7000.0,100.0,70.0,Standard,6.9,120.0,200.0,50.0,3,Android v17,2
realme,Realme C83 5G (6GB RAM + 128GB),Mid-Range,3551808,53,-1.7828954486176896,Overpriced,1,0,0,mediatek,Dimensity 6300,8.0,2.4,6.0,128.0,7000.0,15.0,466.6666666666667,Slow Charging,6.8,144.0,13.0,5.0,1,Android v16,1
infinix,Infinix Note Edge 5G (8GB RAM + 256GB),Mid-Range,5183808,67,0.6525773240466323,Average Value,1,1,1,mediatek,Dimensity 7100,8.0,2.4,8.0,256.0,6500.0,45.0,144.44444444444446,Standard,6.78,120.0,50.0,13.0,2,Android v16,3
tecno,Tecno Camon 50 4G,Mid-Range,4798080,57,-1.087046084999312,Overpriced,0,1,1,mediatek,Helio G200,8.0,2.2,8.0,256.0,6150.0,45.0,112.5,Slow Charging,6.78,144.0,50.0,32.0,2,Android v16,3
tecno,Tecno Camon 50 Pro 4G,Mid-Range,5758080,61,-0.3911967213809342,Average Value,0,1,1,mediatek,Helio G200,8.0,2.2,8.0,256.0,6150.0,45.0,112.5,Slow Charging,6.78,144.0,50.0,32.0,3,Android v16,3
oppo,Oppo K14 Turbo,Premium,5950080,70,-0.8111076157331649,Average Value,1,1,1,mediatek,Dimensity 8500,8.0,3.4,8.0,128.0,7400.0,80.0,92.5,Standard,6.6,120.0,50.0,16.0,2,Android v16,3
oppo,Oppo A6c,Budget,2302080,48,-0.5763791710376449,Average Value,0,0,0,qualcomm,Snapdragon 685,8.0,2.8,6.0,128.0,6500.0,45.0,112.5,Slow Charging,6.75,120.0,13.0,5.0,1,Android v15,1
lava,Lava Blaze Duo 3 5G,Mid-Range,3455808,59,-0.7391214031901231,Average Value,1,0,1,mediatek,Dimensity 7060,8.0,2.5,6.0,128.0,5000.0,33.0,151.5151515151515,Standard,6.67,120.0,50.0,8.0,2,Android v15,1
poco,Poco M8 5G (8GB RAM + 128GB),Mid-Range,3628608,62,-0.2172343804763398,Average Value,1,0,1,qualcomm,Snapdragon 6 Gen3,8.0,2.5,8.0,128.0,5520.0,45.0,122.66666666666669,Standard,6.77,120.0,50.0,20.0,2,Android v15,3
realme,Realme 16 Pro Plus 5G (8GB+256GB),Premium,8831808,81,0.9068283902606832,Average Value,1,1,1,qualcomm,Snapdragon 7 Gen4,8.0,2.8,8.0,256.0,7000.0,80.0,87.5,Standard,6.8,144.0,200.0,50.0,3,Android v16,0
xiaomi,Xiaomi Redmi Turbo 5 Pro,Premium,6718080,74,-0.1864036135535838,Average Value,1,1,1,mediatek,Dimensity 9500e,8.0,2.5,12.0,256.0,9000.0,100.0,90.0,Standard,6.7,120.0,50.0,32.0,2,Android v16,3
poco,POCO C85 5G (8GB RAM + 128GB),Mid-Range,3070080,58,-0.9130837440947176,Average Value,1,1,0,mediatek,Dimensity 6300,8.0,2.4,8.0,128.0,6000.0,33.0,181.8181818181818,Standard,6.9,120.0,50.0,8.0,2,Android v15,1
huawei,Huawei Mate 80 Pro Max,Flagship,21118080,80,-0.4157789822765259,Average Value,1,1,1,hisilicon,Kirin 9030,8.0,2.5,16.0,512.0,6000.0,100.0,60.0,Super Fast,6.9,120.0,50.0,13.0,4,HarmonyOS v6.0,2
oneplus,OnePlus Ace 6T,Premium,6718080,75,-0.0302276130086885,Average Value,1,1,1,qualcomm,Snapdragon 8 Gen5,8.0,3.84,12.0,256.0,8300.0,100.0,83.0,Standard,6.83,165.0,50.0,16.0,2,Android v16,3
oppo,Oppo K13s,Mid-Range,3838080,58,-0.9130837440947176,Average Value,1,1,1,qualcomm,Snapdragon 7 Gen3,8.0,2.63,8.0,256.0,7000.0,45.0,112.5,Slow Charging,6.8,120.0,50.0,32.0,2,Android v15,3
hmd,HMD Vibe 5G,Budget,1919808,48,-0.5763791710376449,Average Value,1,0,0,unisoc,Unisoc T760,8.0,2.5,4.0,128.0,5000.0,18.0,277.77777777777777,Slow Charging,6.67,90.0,50.0,8.0,2,Android v15,1
oppo,Oppo F31 Pro 5G (8GB RAM + 256GB),Mid-Range,5759808,67,0.6525773240466323,Average Value,1,0,0,mediatek,Dimensity 7300 Energy,8.0,2.5,8.0,256.0,7000.0,80.0,87.5,Standard,6.57,120.0,50.0,32.0,2,Android v15,3
honor,Honor Play 10C,Budget,1535808,45,-1.096924294210242,Overpriced,1,0,0,mediatek,Dimensity 6300,8.0,2.4,4.0,128.0,6000.0,15.0,400.0,Slow Charging,6.61,120.0,13.0,5.0,1,Android v15,1
infinix,Infinix GT 30 5G (8GB RAM+ 256GB),Mid-Range,4031808,66,0.4786149831420379,Average Value,1,0,1,mediatek,Dimensity 7400,8.0,2.6,8.0,256.0,5500.0,45.0,122.22222222222224,Standard,6.78,144.0,64.0,13.0,2,Android v15,3
vivo,Vivo Y400 5G (8GB RAM + 256GB),Mid-Range,5375808,64,0.130690301332849,Average Value,1,0,0,qualcomm,Snapdragon 4 Gen2,8.0,2.2,8.0,256.0,6000.0,90.0,66.66666666666667,Super Fast,6.67,120.0,50.0,32.0,2,Android v15,3
xiaomi,Xiaomi 16 Pro Max,Flagship,14015808,85,0.1810521194498937,Average Value,1,1,1,unknown,Octa Core Processor,8.0,2.5,16.0,512.0,7500.0,100.0,75.0,Standard,6.85,120.0,50.0,32.0,3,Android v16,2
oppo,Oppo A5x 5G (6GB RAM + 128GB),Mid-Range,3262080,53,-1.7828954486176896,Overpriced,1,0,0,mediatek,Dimensity 6300,8.0,2.4,6.0,128.0,6000.0,45.0,133.33333333333334,Standard,6.67,120.0,32.0,5.0,1,Android v15,1
samsung,Samsung Galaxy F36 5G (8GB RAM + 128GB),Mid-Range,4031808,63,-0.0432720395717453,Average Value,1,1,0,samsung,Exynos 1380,8.0,2.4,8.0,128.0,5000.0,25.0,200.0,Standard,6.7,120.0,50.0,13.0,3,Android v15,3
iqoo,iQOO Z10 Lite 5G (8GB RAM + 256GB),Mid-Range,3263808,54,-1.608933107713095,Overpriced,1,0,0,mediatek,Dimensity 6300,8.0,2.4,8.0,256.0,6000.0,15.0,400.0,Slow Charging,6.74,90.0,50.0,5.0,2,Android v15,1
honor,Honor X70,Mid-Range,3263808,62,-0.2172343804763398,Average Value,1,1,1,qualcomm,Snapdragon 6 Gen4,8.0,2.3,8.0,128.0,8300.0,80.0,103.75,Standard,6.79,120.0,50.0,8.0,1,Android v15,1
realme,Realme Narzo 80 Lite (6GB RAM + 128GB),Budget,2779968,53,0.2911960342500169,Average Value,1,0,0,mediatek,Dimensity 6300,8.0,2.4,6.0,128.0,6000.0,15.0,400.0,Slow Charging,6.67,120.0,32.0,8.0,2,Android v15,1
lava,Lava Storm Lite 5G (4GB RAM + 128GB),Budget,2015808,49,-0.4028641299801125,Average Value,1,0,0,mediatek,Dimensity 6400,8.0,2.5,4.0,128.0,5000.0,45.0,112.5,Slow Charging,6.75,120.0,50.0,5.0,2,Android v15,1
motorola,Motorola Razr 70,Premium,11518080,83,1.2191803913504735,Value King,1,1,0,qualcomm,Snapdragon 8S Elite,8.0,2.5,8.0,256.0,5000.0,33.0,151.5151515151515,Standard,6.9,120.0,50.0,32.0,2,Android v15,3
tecno,Tecno Pova Curve 5G (8GB RAM + 128GB),Mid-Range,3647808,63,-0.0432720395717453,Average Value,1,1,1,mediatek,Dimensity 7300 Ultimate,8.0,2.5,8.0,128.0,5500.0,45.0,122.22222222222224,Standard,6.78,144.0,64.0,13.0,2,Android v15,3
realme,Realme GT 7T (12GB RAM + 512GB),Premium,8063808,80,0.7506523897157878,Average Value,1,1,1,mediatek,Dimensity 8400-MAX,8.0,3.25,12.0,512.0,7000.0,120.0,58.333333333333336,Super Fast,6.8,120.0,50.0,32.0,2,Android v15,2
vivo,Vivo Y29t 5G,Budget,2495808,49,-0.4028641299801125,Average Value,1,0,0,unknown,Octa Core Processor,8.0,2.5,6.0,128.0,5500.0,45.0,122.22222222222224,Standard,6.68,120.0,50.0,8.0,2,Android v15,1
itel,itel Zeno 5G,Budget,1919808,53,0.2911960342500169,Average Value,1,0,1,mediatek,Dimensity 6300,8.0,2.4,4.0,128.0,5000.0,18.0,277.77777777777777,Slow Charging,6.67,120.0,50.0,8.0,2,Android v14,1
iqoo,iQOO Z10x 5G (8GB RAM + 128GB),Mid-Range,3647616,58,-0.9130837440947176,Average Value,1,0,1,mediatek,Dimensity 7300,8.0,2.5,8.0,128.0,6500.0,44.0,147.72727272727272,Standard,6.72,120.0,50.0,8.0,2,Android v15,1
lava,Lava Bold 5G (6GB RAM + 128GB),Mid-Range,3263808,61,-0.3911967213809342,Average Value,1,0,0,mediatek,Dimensity 6300,8.0,2.4,6.0,128.0,5000.0,33.0,151.5151515151515,Standard,6.67,120.0,64.0,16.0,2,Android v14,1
vivo,Vivo S30,Premium,6142080,74,-0.1864036135535838,Average Value,1,1,1,qualcomm,Snapdragon 7 Gen4,8.0,2.8,12.0,256.0,6500.0,90.0,72.22222222222223,Standard,6.67,120.0,50.0,50.0,3,Android v15,0
vivo,Vivo Y40,Mid-Range,3839808,55,-1.4349707668085008,Overpriced,1,0,0,unknown,Octa Core Processor,8.0,2.5,8.0,128.0,7300.0,44.0,165.9090909090909,Standard,6.68,120.0,50.0,32.0,2,Android v16,3
samsung,Samsung Galaxy S25 (12GB RAM + 128GB),Flagship,14399808,77,-0.7738776433123776,Average Value,1,1,0,qualcomm,Snapdragon 8Elite,8.0,4.47,12.0,128.0,4000.0,25.0,160.0,Standard,6.2,120.0,50.0,12.0,3,Android v15,3
samsung,Samsung Galaxy A36 5G (12GB RAM + 256GB),Premium,7391808,67,-1.2796356173678507,Overpriced,1,1,0,qualcomm,Snapdragon 6 Gen3,8.0,2.4,12.0,256.0,5000.0,45.0,111.11111111111111,Standard,6.7,120.0,50.0,12.0,3,Android v15,3
samsung,Samsung Galaxy A56 5G (12GB RAM + 256GB),Premium,9215808,67,-1.2796356173678507,Overpriced,1,1,0,samsung,Exynos 1580,8.0,2.9,12.0,256.0,5000.0,45.0,111.11111111111111,Standard,6.7,120.0,50.0,12.0,3,Android v15,3
honor,Honor 400 Pro,Flagship,12478080,81,-0.2964127619312419,Average Value,1,1,1,qualcomm,Snapdragon 8 Gen3,8.0,3.3,12.0,256.0,6000.0,100.0,60.0,Super Fast,6.7,120.0,200.0,50.0,3,Android v15,0
realme,Realme 14T 5G,Mid-Range,3455808,61,-0.3911967213809342,Average Value,1,0,0,mediatek,Dimensity 6300,8.0,2.4,8.0,128.0,6000.0,45.0,133.33333333333334,Standard,6.67,120.0,50.0,16.0,2,Android v15,1
poco,Poco X7 Pro Iron Man Edition,Premium,6718080,74,-0.1864036135535838,Average Value,1,1,1,mediatek,Dimensity 8400 Ultra,8.0,3.25,12.0,512.0,6550.0,90.0,72.77777777777777,Standard,6.67,120.0,50.0,20.0,2,Android v15,2
vivo,Vivo Y60,Mid-Range,4414080,53,-1.7828954486176896,Overpriced,1,1,0,qualcomm,Snapdragon 4 Gen2,8.0,2.2,8.0,256.0,6500.0,15.0,433.3333333333333,Slow Charging,6.74,120.0,13.0,5.0,1,Android v15,1
poco,Poco X8 5G,Mid-Range,5758080,66,0.4786149831420379,Average Value,1,0,0,unknown,Octa Core Processor,8.0,2.5,8.0,256.0,5700.0,80.0,71.25,Standard,6.74,144.0,50.0,32.0,3,Android v16,3
vivo,Vivo Y29 5G (6GB+128GB),Mid-Range,2975808,54,-1.608933107713095,Overpriced,1,0,0,mediatek,Dimensity 6300,8.0,2.4,6.0,128.0,5500.0,44.0,125.0,Standard,6.68,120.0,50.0,8.0,2,Android v14,1
vivo,Vivo X200 (16GB RAM + 512GB),Flagship,11711808,81,-0.2964127619312419,Average Value,1,1,1,mediatek,Dimensity 9400,8.0,3.63,16.0,512.0,5800.0,90.0,64.44444444444444,Super Fast,6.67,120.0,50.0,32.0,3,Android v15,2
xiaomi,Xiaomi Redmi A4 5G (4GB RAM + 128GB),Budget,2303808,50,-0.2293490889225801,Average Value,1,0,0,qualcomm,Snapdragon 4s Gen2,8.0,2.0,4.0,128.0,5160.0,18.0,286.6666666666667,Slow Charging,6.88,120.0,50.0,5.0,2,Android v14,1
vivo,Vivo X200 Pro Mini,Premium,10750080,84,1.3753563918953688,Value King,1,1,1,mediatek,Dimensity 9400,8.0,3.63,12.0,256.0,5700.0,90.0,63.333333333333336,Super Fast,6.31,120.0,50.0,32.0,3,Android v15,2
motorola,Motorola Razr 60 5G,Premium,9599808,81,0.9068283902606832,Average Value,1,1,0,mediatek,Dimensity 7400X,8.0,2.6,8.0,256.0,4500.0,30.0,150.0,Standard,6.9,120.0,50.0,16.0,2,Android v15,3
motorola,Motorola Moto G75 5G,Premium,6334080,66,-1.435811617912746,Overpriced,1,1,0,qualcomm,Snapdragon 6 Gen3,8.0,2.4,8.0,256.0,5000.0,30.0,166.66666666666666,Standard,6.78,120.0,50.0,16.0,2,Android v14,3
huawei,Huawei Mate XT Ultimate,Flagship,45310080,83,-0.0576803212406741,Average Value,1,1,1,hisilicon,Octa Core Processor,8.0,2.5,16.0,256.0,5600.0,66.0,84.84848484848484,Standard,10.2,120.0,50.0,16.0,2,HarmonyOS v4.2,3
iqoo,iQOO Z9s 5G,Mid-Range,4894080,62,-0.2172343804763398,Average Value,1,0,0,mediatek,Dimensity 7300,8.0,2.5,8.0,128.0,5500.0,44.0,125.0,Standard,6.77,120.0,50.0,16.0,2,Android v14,3
hmd,HMD Crest,Budget,1999872,55,0.6382261163650816,Average Value,1,0,0,unisoc,Unisoc T760,8.0,2.2,6.0,128.0,5000.0,33.0,151.5151515151515,Standard,6.67,90.0,50.0,50.0,2,Android v14,0
oneplus,OnePlus Nord 4 5G (12GB RAM + 256GB),Mid-Range,5748864,70,1.1744643467604154,Value King,1,1,1,qualcomm,Snapdragon 7+ Gen3,8.0,2.8,12.0,256.0,5500.0,100.0,55.0,Super Fast,6.74,120.0,50.0,16.0,2,Android v14,3
vivo,Vivo Y28e 5G (4GB RAM + 64GB),Budget,1919808,49,-0.4028641299801125,Average Value,1,0,0,mediatek,Dimensity 6300,8.0,2.4,4.0,64.0,5000.0,15.0,333.3333333333333,Slow Charging,6.56,90.0,13.0,5.0,2,Android v14,1
oppo,OPPO A3x 5G,Budget,2207808,48,-0.5763791710376449,Average Value,1,0,0,mediatek,Dimensity 6300,8.0,2.4,4.0,128.0,5100.0,45.0,113.33333333333331,Standard,6.67,120.0,8.0,5.0,1,Android v14,1
samsung,Samsung Galaxy Z Flip 7 5G,Flagship,18431808,88,0.5391507804857454,Average Value,1,1,0,samsung,Exynos 2500,10.0,3.3,12.0,256.0,4300.0,25.0,172.0,Standard,6.9,120.0,50.0,16.0,2,Android v15,3
realme,Realme GT 6 5G (12GB RAM + 256GB),Premium,8924160,79,0.5944763891708925,Average Value,1,1,1,qualcomm,Snapdragon 8s Gen3,8.0,3.0,12.0,256.0,5500.0,120.0,45.833333333333336,Super Fast,6.78,120.0,50.0,32.0,3,Android v14,3
xiaomi,Xiaomi 14 Civi (12GB RAM + 512GB),Premium,8639808,75,-0.0302276130086885,Average Value,1,1,1,qualcomm,Snapdragon 8s Gen3,8.0,3.0,12.0,512.0,4700.0,67.0,70.14925373134328,Standard,6.55,120.0,50.0,32.0,3,Android v14,2
poco,Poco M6 Plus 5G,Budget,2591808,58,1.1587712395376788,Value King,1,0,1,qualcomm,Snapdragon 4 Gen2 AE,8.0,2.3,6.0,128.0,5030.0,33.0,152.42424242424244,Standard,6.79,120.0,108.0,13.0,2,Android v14,1
tecno,Tecno Camon 30 5G (12GB RAM + 512GB),Premium,6142080,66,-1.435811617912746,Overpriced,1,0,1,mediatek,Dimensit 7020,8.0,2.2,12.0,512.0,5000.0,70.0,71.42857142857143,Standard,6.78,120.0,50.0,50.0,3,Android v14,0
honor,Honor 200 Lite,Mid-Range,4799808,58,-0.9130837440947176,Average Value,1,0,0,mediatek,Dimensity 6080,8.0,2.4,8.0,256.0,4500.0,35.0,128.57142857142858,Standard,6.7,120.0,108.0,50.0,3,Android v14,0
oppo,OPPO K15 Turbo Pro,Premium,8831808,76,0.1259483875362067,Average Value,1,0,1,unknown,Octa Core Processor,8.0,2.5,8.0,256.0,7800.0,80.0,97.5,Standard,6.78,165.0,200.0,16.0,2,Android v17,3
oppo,Oppo A60 5G,Budget,2878080,53,0.2911960342500169,Average Value,1,1,0,mediatek,Dimensity 6300,8.0,2.4,6.0,128.0,5100.0,45.0,113.33333333333331,Standard,6.67,120.0,50.0,5.0,2,Android v14,1
infinix,Infinix Hot 50 Pro,Mid-Range,3070080,55,-1.4349707668085008,Overpriced,0,1,0,mediatek,Helio G100,8.0,2.2,8.0,128.0,5000.0,33.0,151.5151515151515,Standard,6.78,120.0,50.0,8.0,3,Android v14,1
iqoo,iQOO Neo 9 Pro 5G (12GB RAM + 256GB),Premium,7294080,68,-1.1234596168229554,Overpriced,1,0,1,qualcomm,Snapdragon 8 Gen2,8.0,3.2,12.0,256.0,5160.0,120.0,43.0,Super Fast,6.78,144.0,50.0,16.0,2,Android v14,3
samsung,Samsung Galaxy S24 (8GB RAM + 128GB),Premium,9599616,72,-0.4987556146433743,Average Value,1,1,0,samsung,Exynos 2400,10.0,3.2,8.0,128.0,4000.0,25.0,160.0,Standard,6.2,120.0,50.0,12.0,3,Android v14,3
poco,Poco X6 Pro 5G (12GB RAM + 512GB),Mid-Range,5759808,71,1.34842668766501,Value King,1,1,1,mediatek,Dimensity 8300 Ultra,8.0,3.35,12.0,512.0,5000.0,67.0,74.6268656716418,Standard,6.67,120.0,64.0,16.0,3,Android v14,2
oppo,Oppo Find X7 Ultra,Flagship,13438080,83,-0.0576803212406741,Average Value,1,1,1,qualcomm,Snapdragon 8 Gen3,8.0,3.3,12.0,256.0,5000.0,100.0,50.0,Super Fast,6.82,120.0,50.0,32.0,4,Android v14,2
vivo,Vivo S19 Pro,Premium,7294080,74,-0.1864036135535838,Average Value,1,1,1,mediatek,Dimensity 9200 Plus,8.0,3.35,8.0,256.0,5500.0,80.0,68.75,Super Fast,6.78,120.0,50.0,50.0,3,Android v14,0
iqoo,iQOO 12 5G (16GB RAM + 512GB),Premium,11078208,79,0.5944763891708925,Average Value,1,1,1,qualcomm,Snapdragon 8 Gen3,8.0,3.3,16.0,512.0,5000.0,120.0,41.66666666666666,Super Fast,6.78,144.0,64.0,16.0,3,Android v14,2
samsung,Samsung Galaxy A15 5G,Mid-Range,4127808,57,-1.087046084999312,Overpriced,1,0,0,mediatek,Dimensity 6100 Plus,8.0,2.2,8.0,128.0,5000.0,25.0,200.0,Standard,6.5,90.0,50.0,13.0,3,Android v14,1
xiaomi,Xiaomi Redmi 13C 5G,Budget,1919808,50,-0.2293490889225801,Average Value,1,0,0,mediatek,Dimensity 6100 Plus,8.0,2.2,4.0,128.0,5000.0,18.0,277.77777777777777,Slow Charging,6.74,90.0,50.0,5.0,2,Android v13,1
motorola,Motorola Edge 40 Neo (12GB RAM + 256GB),Mid-Range,4414080,66,0.4786149831420379,Average Value,1,1,0,mediatek,Dimensity 7030,8.0,2.5,12.0,256.0,5000.0,68.0,73.52941176470588,Standard,6.55,144.0,50.0,32.0,2,Android v13,3
apple,Apple iPhone 17 Plus,Flagship,19199808,66,-2.0869060671105006,Overpriced,1,1,0,apple,Apple A19,6.0,2.5,8.0,256.0,6.8,45.0,112.5,Slow Charging,48.0,120.0,50.0,16.0,1,iOS v26,1
iqoo,iQOO Z9x,Mid-Range,3454080,58,-0.9130837440947176,Average Value,1,0,0,qualcomm,Snapdragon 6 Gen1,8.0,2.2,4.0,128.0,6000.0,44.0,136.36363636363637,Standard,6.72,120.0,50.0,8.0,2,Android v14,1
motorola,Motorola Moto G54 5G (12GB RAM +256GB),Mid-Range,4031808,61,-0.3911967213809342,Average Value,1,0,0,mediatek,Dimensity 7020,8.0,2.2,12.0,256.0,6000.0,33.0,181.8181818181818,Standard,6.5,120.0,50.0,16.0,2,Android v13,3
xiaomi,Xiaomi Redmi 12 5G (6GB RAM + 128GB),Budget,2398848,53,0.2911960342500169,Average Value,1,0,1,qualcomm,Snapdragon 4 Gen2,8.0,2.2,6.0,128.0,5000.0,18.0,277.77777777777777,Slow Charging,6.79,90.0,50.0,8.0,2,Android v13,1
poco,Poco C65,Budget,1631808,46,-0.9234092531527096,Average Value,0,0,0,mediatek,Helio G85,8.0,2.0,4.0,128.0,5000.0,18.0,277.77777777777777,Slow Charging,6.74,90.0,50.0,8.0,3,Android v13,1
nubia,Nubia Neo,Mid-Range,3070080,54,-1.608933107713095,Overpriced,1,1,0,unisoc,Unisoc T820,8.0,2.7,8.0,256.0,4500.0,22.0,204.54545454545453,Slow Charging,6.6,120.0,50.0,8.0,2,Android v13,1
vivo,Vivo V29e,Mid-Range,5183808,64,0.130690301332849,Average Value,1,1,0,qualcomm,Snapdragon 695,8.0,2.2,8.0,128.0,5000.0,44.0,113.63636363636364,Standard,6.78,120.0,64.0,50.0,2,Android v13,0
lava,Lava Agni 3 5G,Mid-Range,4031808,67,0.6525773240466323,Average Value,1,0,0,mediatek,Dimensity 7300X,8.0,2.5,8.0,128.0,5000.0,66.0,75.75757575757575,Standard,6.78,120.0,50.0,16.0,3,Android v15,3
samsung,Samsung Galaxy F15 5G,Budget,2591808,53,0.2911960342500169,Average Value,1,0,0,mediatek,Dimensity 6100 Plus,8.0,2.2,4.0,128.0,6000.0,25.0,240.0,Slow Charging,6.45,90.0,50.0,13.0,3,Android v14,1
samsung,Samsung Galaxy F54,Premium,6911808,68,-1.1234596168229554,Overpriced,1,1,0,samsung,Exynos 1380,8.0,2.4,8.0,256.0,6000.0,25.0,240.0,Slow Charging,6.7,120.0,108.0,32.0,3,Android v13,0
oneplus,OnePlus 11R (16GB RAM + 256GB),Premium,6718272,70,-0.8111076157331649,Average Value,1,1,1,qualcomm,Snapdragon 8+ Gen1,8.0,3.2,16.0,256.0,5000.0,100.0,50.0,Super Fast,6.74,120.0,50.0,16.0,3,Android v13,3
oppo,Oppo Find X6 Pro,Flagship,13822080,80,-0.4157789822765259,Average Value,1,1,1,qualcomm,Snapdragon 8 Gen2,8.0,3.2,12.0,256.0,5000.0,100.0,50.0,Super Fast,6.82,120.0,50.0,32.0,3,Android v13,3
samsung,Samsung Galaxy A14 5G,Mid-Range,3551808,52,-1.956857789522284,Overpriced,1,0,0,samsung,Exynos 1330,8.0,2.4,4.0,64.0,5000.0,15.0,333.3333333333333,Slow Charging,6.6,90.0,50.0,13.0,3,Android v13,1
motorola,Motorola Edge 40 5G,Mid-Range,5759808,70,1.1744643467604154,Value King,1,1,0,mediatek,Dimensity 8020,8.0,2.6,8.0,256.0,4400.0,68.0,64.70588235294117,Super Fast,6.55,144.0,50.0,32.0,2,Android v13,3
samsung,Samsung Galaxy M34 5G,Mid-Range,4204800,62,-0.2172343804763398,Average Value,1,1,0,samsung,Exynos 1280 ,8.0,2.4,6.0,128.0,6000.0,25.0,240.0,Slow Charging,6.5,120.0,50.0,13.0,3,Android v13,1
poco,Poco X6 5G,Mid-Range,4223808,63,-0.0432720395717453,Average Value,1,0,1,qualcomm,Snapdragon 7s Gen 2,8.0,2.4,8.0,256.0,5100.0,67.0,76.11940298507463,Standard,6.67,120.0,64.0,16.0,3,Android v13,3
iqoo,iQOO 9 SE 5G,Mid-Range,5375808,64,0.130690301332849,Average Value,1,1,0,qualcomm,Snapdragon  888 ,8.0,2.84,8.0,128.0,4500.0,66.0,68.18181818181819,Super Fast,6.62,120.0,48.0,16.0,3,Android v12,3
oneplus,OnePlus Nord 2T 5G,Mid-Range,5567808,64,0.130690301332849,Average Value,1,1,0,mediatek,Dimensity 1300,8.0,3.0,8.0,128.0,4500.0,80.0,56.25,Super Fast,6.43,90.0,50.0,32.0,3,Android v12,3
oneplus,OnePlus 10R 5G,Mid-Range,5759808,63,-0.0432720395717453,Average Value,1,1,0,mediatek,Dimensity 8100 Max,8.0,2.85,8.0,128.0,5000.0,80.0,62.5,Super Fast,6.7,120.0,50.0,16.0,3,Android v12,3
xiaomi,Xiaomi Redmi Note 12 Pro 5G,Mid-Range,4127808,62,-0.2172343804763398,Average Value,1,0,1,mediatek,Dimensity 1080,8.0,2.6,6.0,128.0,5000.0,67.0,74.6268656716418,Standard,6.67,120.0,50.0,16.0,3,Android v12,3
samsung,Samsung Galaxy S21 FE 5G,Flagship,14399808,68,-1.8481736264199329,Overpriced,1,1,0,samsung,Exynos 2100,8.0,2.9,8.0,128.0,4500.0,25.0,180.0,Standard,6.4,120.0,12.0,32.0,3,Android v12,3
realme,Realme 7,Budget,2303808,52,0.1176809931924845,Average Value,0,0,0,mediatek,Helio  G95,8.0,2.05,6.0,64.0,5000.0,30.0,166.66666666666666,Standard,6.5,90.0,64.0,16.0,4,Android v10,3
oneplus,OnePlus 8T,Mid-Range,4607808,63,-0.0432720395717453,Average Value,1,1,0,qualcomm,Snapdragon 865,8.0,2.84,8.0,128.0,4500.0,65.0,69.23076923076923,Super Fast,6.55,120.0,48.0,16.0,4,Android v11,3
apple,Apple iPhone 12 Pro Max,Flagship,23020800,61,-2.6837371688369203,Overpriced,1,1,0,apple,Bionic A14,6.0,3.1,6.0,128.0,3687.0,45.0,112.5,Slow Charging,12.0,120.0,12.0,12.0,3,iOS v14.0,3
xiaomi,Xiaomi Redmi K20 Pro Signature Edition,Flagship,92160000,68,-1.8481736264199329,Overpriced,0,1,0,qualcomm,Snapdragon  855,8.0,2.8,8.0,256.0,4000.0,27.0,148.14814814814815,Standard,6.39,120.0,48.0,20.0,3,Android v9.0 (Pie),3
tecno,Tecno Camon Slim,Mid-Range,4415808,57,-1.087046084999312,Overpriced,1,0,1,mediatek,Dimensity 7100,8.0,2.5,8.0,128.0,5200.0,45.0,115.55555555555556,Standard,6.78,144.0,50.0,13.0,2,Android v16,1
motorola,Motorola Edge 70 Fusion Plus,Premium,9599808,71,-0.6549316151882696,Average Value,1,1,0,qualcomm,Snapdragon 7s Gen4,8.0,2.7,12.0,256.0,5200.0,45.0,112.5,Slow Charging,6.8,144.0,50.0,50.0,3,Android v16,0
samsung,Samsung Galaxy S27 5G,Flagship,18238080,75,-1.0126100840029455,Overpriced,1,1,0,samsung,Exynos,10.0,2.5,12.0,256.0,4400.0,25.0,176.0,Standard,6.3,144.0,50.0,12.0,3,Android v17,3
apple,Apple iPhone 17e (512GB),Flagship,16300800,64,-2.3256385078010684,Overpriced,1,1,0,apple,Apple A19,6.0,2.5,8.0,512.0,4005.0,45.0,112.5,Slow Charging,6.1,120.0,48.0,12.0,1,iOS v26.3,3
realme,Realme P4 Lite 4G,Budget,2012160,41,-1.7909844584403716,Overpriced,0,0,0,unisoc,Unisoc T7250,8.0,1.8,4.0,64.0,6300.0,15.0,420.0,Slow Charging,6.74,120.0,13.0,5.0,1,Android v15,1
oppo,Oppo Find X10 Pro Max 5G,Flagship,24958080,94,1.2553481025574489,Value King,1,1,1,mediatek,Dimensity 9600,8.0,2.5,16.0,512.0,8000.0,800.0,10.0,Super Fast,6.9,120.0,200.0,50.0,3,Android v17,2
xiaomi,Xiaomi Redmi K90 Ultra,Flagship,13438080,86,0.3004183397951776,Average Value,1,1,1,mediatek,Dimensity 9500,8.0,2.5,12.0,256.0,8500.0,100.0,85.0,Standard,6.9,120.0,50.0,50.0,3,Android v16,0
huawei,Huawei Pura X2,Flagship,19198080,80,-0.4157789822765259,Average Value,1,1,1,hisilicon,Kirin 9030,8.0,2.5,12.0,256.0,5000.0,80.0,62.5,Super Fast,7.69,120.0,50.0,16.0,2,HarmonyOS v6.1,3
tecno,Tecno Spark GO 3,Budget,1918080,41,-1.7909844584403716,Overpriced,0,0,1,unisoc,Unisoc T7250,8.0,1.8,4.0,64.0,5000.0,15.0,333.3333333333333,Slow Charging,6.74,120.0,13.0,8.0,1,Android v15,1
realme,Realme C85 5G (6GB RAM + 128GB),Mid-Range,3455808,55,-1.4349707668085008,Overpriced,1,1,0,mediatek,Dimensity 6300,8.0,2.4,6.0,128.0,7000.0,45.0,155.55555555555554,Standard,6.8,144.0,50.0,8.0,1,Android v15,1
vivo,Vivo X500,Premium,11134080,83,1.2191803913504735,Value King,1,1,1,mediatek,Dimensity 9600,8.0,2.5,12.0,256.0,7000.0,90.0,77.77777777777777,Standard,6.67,120.0,200.0,50.0,3,Android v16,0
vivo,Vivo Y19s 5G (4GB RAM + 128GB),Budget,2591808,50,-0.2293490889225801,Average Value,1,0,0,mediatek,Dimensity 6300,8.0,2.4,4.0,128.0,6000.0,15.0,400.0,Slow Charging,6.74,90.0,13.0,5.0,2,Android v15,1
oukitel,Oukitel WP60 5G,Mid-Range,4742208,64,0.130690301332849,Average Value,1,0,0,mediatek,Dimensity 7025,8.0,2.5,8.0,256.0,10000.0,33.0,303.030303030303,Slow Charging,7.2,120.0,108.0,32.0,3,Android v15,0
vivo,Vivo S50,Premium,7678080,76,0.1259483875362067,Average Value,1,1,1,qualcomm,Snapdragon 8s Gen3,8.0,3.0,12.0,256.0,6500.0,100.0,65.0,Super Fast,6.59,120.0,50.0,50.0,3,Android v16,0
