brand_name,model,price_category,price_idr,spec_score,vfm_score,vfm_label,has_5G,has_NFC,has_IR,processor_brand,processor_name,num_core,processor_speed,ram,memory,battery_capacity_mah,fast_charging_w,charging_ratio,charging_speed_type,screen_size,refresh_rate,rear_camera,front_camera,rear_camera_count,os
oneplus,OnePlus Nord 6,Premium,0.0701043936897798,0.7733333333333334,0.7967041261937355,Average Value,1,1,1,qualcomm,Snapdragon 8s Gen4,0.7777777777777777,0.5523255813953487,0.2727272727272727,0.49902152641878667,0.6879254692591289,0.0062555853440571935,0.18665276329509906,Standard,0.0631818181818182,0.5,0.21874999999999997,0.49090909090909085,0.3333333333333333,Android v16
samsung,Samsung Galaxy S25 Ultra,Flagship,0.2165009247594285,0.8800000000000001,0.762718922999561,Average Value,1,1,0,qualcomm,Snapdragon 8 Elite for Galaxy,0.7777777777777777,0.9215116279069764,0.4545454545454545,0.49902152641878667,0.3819700469641573,0.003127792672028597,0.1843355347004982,Standard,0.06590909090909092,0.19999999999999996,0.9999999999999999,0.12727272727272726,1.0,Android v15
vivo,Vivo T5 Pro,Mid-Range,0.05154734830130868,0.6533333333333333,0.88095299379226,Value King,1,0,1,qualcomm,Snapdragon 7s Gen4,0.7777777777777777,0.3488372093023256,0.2727272727272727,0.24853228962818003,0.6894552463706037,0.0071492403932082215,0.16616846251882753,Standard,0.06363636363636363,0.19999999999999996,0.21874999999999997,0.8181818181818181,0.6666666666666667,Android v16
samsung,Samsung Galaxy S25 FE,Premium,0.09431927602780257,0.7200000000000002,0.7112038497100353,Average Value,1,1,0,samsung,Exynos 2400,1.0,0.5523255813953487,0.2727272727272727,0.24853228962818003,0.374321161406783,0.003127792672028597,0.18062796894913682,Standard,0.06136363636363637,0.19999999999999996,0.21874999999999997,0.12727272727272726,0.6666666666666667,Android v16
vivo,Vivo T5x 5G,Mid-Range,0.02886651504873286,0.5733333333333333,0.7380965863429717,Average Value,1,0,1,mediatek,Dimensity 7400 Turbo,0.7777777777777777,0.377906976744186,0.1818181818181818,0.24853228962818003,0.5502455292263917,0.0030384271671134943,0.2719689070054033,Standard,0.06272727272727271,0.19999999999999996,0.21874999999999997,0.49090909090909085,0.3333333333333333,Android v16
vivo,Vivo T5 5G,Mid-Range,0.03915742766360613,0.5333333333333334,0.6666683826183276,Average Value,1,0,0,qualcomm,Snapdragon 7s Gen4,0.7777777777777777,0.3488372093023256,0.2727272727272727,0.24853228962818003,0.5731921858985146,0.00804289544235925,0.1240875912408759,Standard,0.06068181818181817,0.19999999999999996,0.21874999999999997,0.49090909090909085,0.6666666666666667,Android v16
motorola,Motorola Edge 70 Fusion,Mid-Range,0.04329977257309929,0.6400000000000001,0.8571435925507119,Value King,1,1,0,qualcomm,Snapdragon 7s Gen4,0.7777777777777777,0.4069767441860465,0.2727272727272727,0.24853228962818003,0.5349477581116431,0.00518319928507596,0.17070477826166966,Standard,0.0631818181818182,0.36,0.21874999999999997,0.49090909090909085,0.6666666666666667,Android v16
xiaomi,Xiaomi Redmi Note 15 5G Special Edition,Mid-Range,0.030928408980785208,0.5466666666666666,0.6904777838598756,Average Value,1,0,1,qualcomm,Snapdragon 6 Gen3,0.7777777777777777,0.3197674418604651,0.1818181818181818,0.24853228962818003,0.4431611314231516,0.003127792672028597,0.21399606071138916,Standard,0.06295454545454546,0.19999999999999996,0.21874999999999997,0.2727272727272727,0.3333333333333333,Android v15
realme,Realme 16 5G,Premium,0.055671136165413374,0.6000000000000001,0.5188282276217095,Overpriced,1,0,0,mediatek,Dimensity 6400 Turbo,0.7777777777777777,0.3488372093023256,0.2727272727272727,0.24853228962818003,0.5349477581116431,0.004468275245755138,0.19360444907890167,Standard,0.05840909090909091,0.19999999999999996,0.21874999999999997,0.8181818181818181,0.3333333333333333,Android v16
vivo,Vivo V70 FE,Premium,0.06804249975772746,0.7466666666666668,0.7539539879518854,Average Value,1,1,1,mediatek,Dimensity 7360 Turbo,0.7777777777777777,0.3488372093023256,0.2727272727272727,0.24853228962818003,0.5349477581116431,0.0071492403932082215,0.12872204843007762,Standard,0.06431818181818183,0.19999999999999996,0.9999999999999999,0.8181818181818181,0.3333333333333333,Android v16
oneplus,OnePlus Nord CE 6 5G,Mid-Range,0.04534310945976317,0.6533333333333333,0.88095299379226,Value King,1,0,1,qualcomm,Octa Core Processor,0.7777777777777777,0.3488372093023256,0.2727272727272727,0.24853228962818003,0.5731921858985146,0.00804289544235925,0.1240875912408759,Standard,0.06409090909090909,0.36,0.21874999999999997,0.49090909090909085,0.3333333333333333,Android v16
oneplus,OnePlus Nord CE 5 5G (8GB RAM + 256GB),Mid-Range,0.03969352008593974,0.6266666666666667,0.8333341913091639,Value King,1,0,1,mediatek,Dimensity 8350 Apex,0.7777777777777777,0.5959302325581395,0.2727272727272727,0.49902152641878667,0.5425966436690174,0.0062555853440571935,0.1470281543274244,Standard,0.06295454545454546,0.19999999999999996,0.21874999999999997,0.19999999999999998,0.3333333333333333,Android v15
infinix,Infinix Note 60 Pro 5G,Mid-Range,0.04329977257309929,0.6533333333333333,0.88095299379226,Value King,1,1,1,qualcomm,Snapdragon 7s Gen4,0.7777777777777777,0.4069767441860465,0.2727272727272727,0.49902152641878667,0.49670333032477165,0.0071492403932082215,0.11945313405167421,Standard,0.0631818181818182,0.36,0.21874999999999997,0.14545454545454545,0.3333333333333333,Android v16
vivo,Vivo V70 5G,Premium,0.08453765121414623,0.7733333333333334,0.7967041261937355,Average Value,1,1,1,qualcomm,Snapdragon 7 Gen4,0.7777777777777777,0.4360465116279069,0.2727272727272727,0.49902152641878667,0.49670333032477165,0.0071492403932082215,0.11945313405167421,Standard,0.05886363636363637,0.19999999999999996,0.21874999999999997,0.8181818181818181,0.6666666666666667,Android v16
vivo,Vivo T4 Pro 5G,Mid-Range,0.04572868362505696,0.6400000000000001,0.8571435925507119,Value King,1,0,1,qualcomm,Snapdragon 7 Gen4,0.7777777777777777,0.4360465116279069,0.2727272727272727,0.24853228962818003,0.49670333032477165,0.0071492403932082215,0.11945313405167421,Standard,0.06295454545454546,0.19999999999999996,0.21874999999999997,0.49090909090909085,0.6666666666666667,Android v15
iqoo,iQOO Z11,Mid-Range,0.043281215527710824,0.6266666666666667,0.8333341913091639,Value King,1,1,1,mediatek,Dimensity 8500,0.7777777777777777,0.6104651162790697,0.2727272727272727,0.49902152641878667,0.6894552463706037,0.0071492403932082215,0.16616846251882753,Standard,0.06431818181818183,0.5,0.21874999999999997,0.19999999999999998,0.3333333333333333,Android v16
infinix,Infinix Note 60 Ultra,Premium,0.0556525791200249,0.8,0.8394542644355857,Value King,1,1,1,mediatek,Dimensity 8400 Ultimate,0.7777777777777777,0.566860465116279,0.4545454545454545,0.49902152641878667,0.5349477581116431,0.00804289544235925,0.11574556830031282,Standard,0.0631818181818182,0.36,0.9999999999999999,0.49090909090909085,0.6666666666666667,Android v16
oneplus,OnePlus Nord CE 5 5G (12GB RAM + 256GB),Mid-Range,0.04948545436925633,0.6400000000000001,0.8571435925507119,Value King,1,0,1,mediatek,Dimensity 8350 Apex,0.7777777777777777,0.5959302325581395,0.4545454545454545,0.49902152641878667,0.5425966436690174,0.0062555853440571935,0.1470281543274244,Standard,0.06295454545454546,0.19999999999999996,0.21874999999999997,0.19999999999999998,0.3333333333333333,Android v15
realme,Realme P4 Power 5G,Mid-Range,0.04099045136920066,0.6533333333333333,0.88095299379226,Value King,1,0,1,mediatek,Dimensity 7400 Ultra,0.7777777777777777,0.377906976744186,0.2727272727272727,0.24853228962818003,0.7644908136884456,0.0062555853440571935,0.2075286757038582,Standard,0.06363636363636363,0.36,0.21874999999999997,0.19999999999999998,0.3333333333333333,Android v16
motorola,Motorola Edge 60 Fusion,Mid-Range,0.03278617541356437,0.5866666666666667,0.7619059875845198,Average Value,1,0,0,mediatek,Dimensity 7400,0.7777777777777777,0.3488372093023256,0.2727272727272727,0.49902152641878667,0.42021447475102874,0.00518319928507596,0.13390173587683246,Standard,0.06136363636363637,0.19999999999999996,0.21874999999999997,0.49090909090909085,0.3333333333333333,Android v15
motorola,Motorola Moto G67 Power 5G,Mid-Range,0.025136548925650162,0.5333333333333334,0.6666683826183276,Average Value,1,0,0,qualcomm,Snapdragon 7s Gen2,0.7777777777777777,0.3197674418604651,0.2727272727272727,0.24853228962818003,0.5349477581116431,0.0017873100983020556,0.38825165102537357,Slow Charging,0.06136363636363637,0.19999999999999996,0.21874999999999997,0.49090909090909085,0.3333333333333333,Android v15
vivo,Vivo T5 Ultra,Premium,0.07214773057644368,0.6533333333333333,0.60432850410541,Average Value,1,0,0,dimensity,Octa Core Processor,0.7777777777777777,0.3488372093023256,0.2727272727272727,0.49902152641878667,0.4737566736526488,0.00804289544235925,0.10239833159541188,Super Fast,0.0631818181818182,0.19999999999999996,0.21874999999999997,0.8181818181818181,0.6666666666666667,Android v16
apple,Apple iPhone 17,Flagship,0.1606235992008099,0.7066666666666668,0.5503367668304557,Average Value,1,1,0,apple,Apple A19,0.5555555555555556,0.3488372093023256,0.2727272727272727,0.49902152641878667,0.2819226238737016,0.003127792672028597,0.18665276329509906,Slow Charging,0.052272727272727276,0.19999999999999996,0.20833333333333334,0.23636363636363636,0.3333333333333333,iOS v26
vivo,Vivo T5x 5G (8GB RAM + 256GB),Mid-Range,0.03711409077694225,0.5866666666666667,0.7619059875845198,Average Value,1,0,1,mediatek,Dimensity 7400 Turbo,0.7777777777777777,0.377906976744186,0.2727272727272727,0.49902152641878667,0.5502455292263917,0.0030384271671134943,0.2719689070054033,Standard,0.06272727272727271,0.19999999999999996,0.21874999999999997,0.49090909090909085,0.3333333333333333,Android v16
oneplus,OnePlus Nord 5 5G,Premium,0.05979492402951807,0.7066666666666668,0.6898287805891102,Average Value,1,1,1,qualcomm,Snapdragon 8s Gen3,0.7777777777777777,0.49418604651162784,0.2727272727272727,0.49902152641878667,0.5196499869968946,0.0062555853440571935,0.14077163712200208,Standard,0.06431818181818183,0.36,0.21874999999999997,0.8181818181818181,0.3333333333333333,Android v15
oppo,OPPO K13,Mid-Range,0.029175799138540716,0.52,0.6428589813767795,Average Value,1,0,1,qualcomm,Snapdragon 6 Gen4,0.7777777777777777,0.29069767441860456,0.2727272727272727,0.24853228962818003,0.5349477581116431,0.0062555853440571935,0.14494264859228362,Standard,0.06068181818181817,0.19999999999999996,0.21874999999999997,0.19999999999999998,0.3333333333333333,Android v15
motorola,Motorola Edge 60 Pro,Mid-Range,0.04929369823357547,0.7200000000000002,1.0,Performance Beast,1,1,0,mediatek,Dimensity 8350 Extreme,0.7777777777777777,0.5959302325581395,0.2727272727272727,0.49902152641878667,0.4584589025379002,0.0071492403932082215,0.11018421967327077,Super Fast,0.06136363636363637,0.19999999999999996,0.21874999999999997,0.8181818181818181,0.6666666666666667,Android v15
realme,Realme P4 5G,Mid-Range,0.03297174586744908,0.5466666666666666,0.6904777838598756,Average Value,1,0,1,mediatek,Dimensity 7400 Ultra,0.7777777777777777,0.377906976744186,0.1818181818181818,0.24853228962818003,0.5349477581116431,0.0062555853440571935,0.14494264859228362,Standard,0.06295454545454546,0.36,0.21874999999999997,0.19999999999999998,0.3333333333333333,Android v15
vivo,Vivo X300 Ultra,Flagship,0.18761379077137513,0.9200000000000002,0.811730189807816,Value King,1,1,1,qualcomm,Snapdragon 8 Elite Gen 5,0.7777777777777777,0.959302325581395,0.4545454545454545,0.49902152641878667,0.504352215882146,0.009830205540661306,0.09071949947862357,Super Fast,0.06409090909090909,0.36,0.9999999999999999,0.8181818181818181,0.6666666666666667,Android v16
ai+,Ai+ Nova 2 Ultra,Budget,0.02061893932052347,0.46666666666666673,0.8311863500887604,Value King,1,0,0,mediatek,Dimensity 7400,0.7777777777777777,0.377906976744186,0.1818181818181818,0.24853228962818003,0.4584589025379002,0.0007149240393208221,0.5550921098366354,Slow Charging,0.0631818181818182,0.19999999999999996,0.21874999999999997,0.14545454545454545,0.3333333333333333,Android v16
iqoo,iQOO Z11x,Mid-Range,0.02886651504873286,0.5733333333333333,0.7380965863429717,Average Value,1,0,1,mediatek,Dimensity 7400 Turbo,0.7777777777777777,0.377906976744186,0.1818181818181818,0.24853228962818003,0.5502455292263917,0.0030384271671134943,0.2719689070054033,Standard,0.06272727272727271,0.19999999999999996,0.21874999999999997,0.49090909090909085,0.3333333333333333,Android v16
oppo,Oppo F33,Mid-Range,0.04329977257309929,0.5466666666666666,0.6904777838598756,Average Value,1,0,1,mediatek,Dimensity 6360 Max,0.7777777777777777,0.3488372093023256,0.2727272727272727,0.24853228962818003,0.5731921858985146,0.00804289544235925,0.1240875912408759,Standard,0.06068181818181817,0.36,0.21874999999999997,0.49090909090909085,0.3333333333333333,Android v16
oppo,OPPO K13x 5G (6GB RAM +128GB),Budget,0.018557045388471125,0.4133333333333334,0.7361936243643306,Average Value,1,0,0,mediatek,Dimensity 6300,0.7777777777777777,0.3197674418604651,0.1818181818181818,0.24853228962818003,0.4584589025379002,0.003127792672028597,0.22141119221411193,Standard,0.06068181818181817,0.19999999999999996,0.21874999999999997,0.054545454545454536,0.3333333333333333,Android v15
samsung,Samsung Galaxy A18 5G,Mid-Range,0.032990302912837555,0.4266666666666667,0.4761931726859432,Overpriced,1,1,0,samsung,Octa Core Processor,0.7777777777777777,0.3488372093023256,0.1818181818181818,0.24853228962818003,0.4584589025379002,0.0013404825737265416,0.3993743482794578,Slow Charging,0.062272727272727285,0.0,0.21874999999999997,0.19999999999999998,0.6666666666666667,Android v16
realme,Realme P4x 5G,Mid-Range,0.024227253701615083,0.52,0.6428589813767795,Average Value,1,0,0,mediatek,Dimensity 7400 Ultra,0.7777777777777777,0.377906976744186,0.1818181818181818,0.24853228962818003,0.5349477581116431,0.003127792672028597,0.2584868497277256,Standard,0.06181818181818183,0.36,0.21874999999999997,0.054545454545454536,0.3333333333333333,Android v15
motorola,Motorola Moto G57 Power,Mid-Range,0.023402496128794144,0.4266666666666667,0.4761931726859432,Overpriced,1,0,0,qualcomm,Snapdragon 6s Gen4,0.7777777777777777,0.3197674418604651,0.2727272727272727,0.24853228962818003,0.5349477581116431,0.002055406613047364,0.35286125067146956,Slow Charging,0.06181818181818183,0.19999999999999996,0.21874999999999997,0.054545454545454536,0.3333333333333333,Android v16
samsung,Samsung Galaxy S26 Ultra 5G,Flagship,0.25103764812130536,0.9600000000000002,0.860741456616071,Value King,1,1,0,qualcomm,Snapdragon 8 Elite Gen 5 for Galaxy,0.7777777777777777,0.9999999999999998,0.4545454545454545,0.49902152641878667,0.3819700469641573,0.004468275245755138,0.13799096280848105,Standard,0.06590909090909092,0.19999999999999996,0.9999999999999999,0.12727272727272726,1.0,Android v16
iqoo,iQOO 15R,Premium,0.08247369538816184,0.8266666666666667,0.8822044026774358,Value King,1,1,1,qualcomm,Snapdragon 8 Gen5,0.7777777777777777,0.7267441860465114,0.2727272727272727,0.49902152641878667,0.5808410714558888,0.00804289544235925,0.12575599582898853,Standard,0.05886363636363637,0.36,0.21874999999999997,0.49090909090909085,0.3333333333333333,Android v16
samsung,Samsung Galaxy S24 5G (Snapdragon),Premium,0.08247781917602594,0.6533333333333333,0.60432850410541,Average Value,1,1,0,qualcomm,Snapdragon 8 Gen3,0.7777777777777777,0.5813953488372092,0.2727272727272727,0.49902152641878667,0.3054811913904144,0.0013404825737265416,0.2659019812304484,Standard,0.05000000000000002,0.19999999999999996,0.21874999999999997,0.12727272727272726,0.6666666666666667,Android v15
realme,Realme P3x 5G,Budget,0.016495151456418777,0.4266666666666667,0.759941805795438,Average Value,1,0,0,mediatek,Dimensity 6400,0.7777777777777777,0.3488372093023256,0.1818181818181818,0.24853228962818003,0.4584589025379002,0.003127792672028597,0.22141119221411193,Standard,0.06181818181818183,0.19999999999999996,0.21874999999999997,0.054545454545454536,0.3333333333333333,Android v15
oneplus,OnePlus Nord CE 4 5G,Mid-Range,0.030928408980785208,0.5733333333333333,0.7380965863429717,Average Value,1,0,1,qualcomm,Snapdragon 7 Gen3,0.7777777777777777,0.38662790697674415,0.2727272727272727,0.24853228962818003,0.42021447475102874,0.00804289544235925,0.09071949947862357,Super Fast,0.06136363636363637,0.19999999999999996,0.21874999999999997,0.19999999999999998,0.3333333333333333,Android v14
xiaomi,Xiaomi Redmi 15A 5G,Budget,0.016495151456418777,0.46666666666666673,0.8311863500887604,Value King,1,0,1,unisoc,Unisoc T8300,0.7777777777777777,0.26162790697674415,0.09090909090909091,0.1232876712328767,0.4814055592100231,0.002055406613047364,0.3174708503175656,Standard,0.06590909090909092,0.19999999999999996,0.125,0.054545454545454536,0.0,Android v16
realme,Realme C63 5G (6GB RAM + 128GB),Budget,0.012371363592314083,0.39999999999999997,0.7124454429332232,Average Value,1,0,0,mediatek,Dimensity 6300,0.7777777777777777,0.3197674418604651,0.1818181818181818,0.24853228962818003,0.3819700469641573,0.0,0.8331595411887383,Slow Charging,0.06068181818181817,0.19999999999999996,0.125,0.054545454545454536,0.3333333333333333,Android v14
motorola,Motorola Moto G86 Power 5G,Mid-Range,0.02646647051182393,0.5733333333333333,0.7380965863429717,Average Value,1,0,0,mediatek,Dimensity 7400,0.7777777777777777,0.377906976744186,0.2727272727272727,0.24853228962818003,0.5135308785509951,0.002055406613047364,0.33870509052990805,Slow Charging,0.06136363636363637,0.19999999999999996,0.21874999999999997,0.49090909090909085,0.3333333333333333,Android v15
xiaomi,Xiaomi Redmi A7 Pro,Budget,0.018557045388471125,0.2933333333333334,0.5224599914843637,Overpriced,0,0,0,unisoc,Unisoc T7250,0.7777777777777777,0.1453488372093023,0.09090909090909091,0.1232876712328767,0.4584589025379002,0.0004468275245755139,0.6663190823774765,Slow Charging,0.06590909090909092,0.19999999999999996,0.026041666666666664,0.054545454545454536,0.0,Android v16
nothing,Nothing Phone (4a) Pro,Premium,0.07216628762183215,0.6933333333333334,0.6684537114681851,Average Value,1,1,0,qualcomm,Snapdragon 7 Gen 4,0.7777777777777777,0.4360465116279069,0.2727272727272727,0.24853228962818003,0.41256558919365444,0.0035746201966041107,0.1791449426485923,Standard,0.06431818181818183,0.36,0.21874999999999997,0.49090909090909085,0.6666666666666667,Android v16
oneplus,OnePlus 15,Flagship,0.1402087873795596,0.9466666666666668,0.8444043676799861,Value King,1,1,1,qualcomm,Snapdragon 8 Elite Gen 5,0.7777777777777777,0.959302325581395,0.4545454545454545,0.49902152641878667,0.557894414783766,0.009830205540661306,0.10045185957594717,Super Fast,0.0631818181818182,0.5,0.21874999999999997,0.49090909090909085,0.6666666666666667,Android v16
vivo,Vivo T5 Lite 5G,Budget,0.012371363592314083,0.4133333333333334,0.7361936243643306,Average Value,1,0,0,mediatek,Dimensity 6400,0.7777777777777777,0.3488372093023256,0.1818181818181818,0.24853228962818003,0.5349477581116431,0.0013404825737265416,0.46611053180396245,Slow Charging,0.06295454545454546,0.19999999999999996,0.21874999999999997,0.054545454545454536,0.3333333333333333,Android v16
xiaomi,Xiaomi Redmi Note 15 SE 5G (8GB RAM + 256GB),Mid-Range,0.039175984708994596,0.5866666666666667,0.7619059875845198,Average Value,1,0,1,qualcomm,Snapdragon 6 Gen3,0.7777777777777777,0.3197674418604651,0.2727272727272727,0.49902152641878667,0.4431611314231516,0.003127792672028597,0.21399606071138916,Standard,0.06295454545454546,0.19999999999999996,0.21874999999999997,0.2727272727272727,0.3333333333333333,Android v15
motorola,Motorola Moto G96 5G,Mid-Range,0.027173700130517883,0.5466666666666666,0.6904777838598756,Average Value,1,0,0,qualcomm,Snapdragon 7s Gen2,0.7777777777777777,0.3197674418604651,0.2727272727272727,0.24853228962818003,0.42021447475102874,0.002055406613047364,0.2770246784845325,Standard,0.06068181818181817,0.36,0.21874999999999997,0.49090909090909085,0.3333333333333333,Android v15
vivo,Vivo T4x 5G,Mid-Range,0.024742727184628166,0.4266666666666667,0.4761931726859432,Overpriced,1,0,1,mediatek,Dimensity 7300,0.7777777777777777,0.3488372093023256,0.1818181818181818,0.24853228962818003,0.49670333032477165,0.0030384271671134943,0.24542610673997534,Standard,0.06181818181818183,0.19999999999999996,0.21874999999999997,0.054545454545454536,0.3333333333333333,Android v15
oneplus,OnePlus 15T,Premium,0.07833341237260072,0.8133333333333335,0.8608293335565108,Value King,1,1,1,qualcomm,Snapdragon 8 Elite Gen 5,0.7777777777777777,0.959302325581395,0.4545454545454545,0.49902152641878667,0.5731921858985146,0.00804289544235925,0.1240875912408759,Standard,0.052727272727272734,0.5,0.21874999999999997,0.49090909090909085,0.3333333333333333,Android v16
poco,Poco X8 Pro 5G,Premium,0.05773303009746572,0.7066666666666668,0.6898287805891102,Average Value,1,0,1,mediatek,Dimensity 8500 Ultra,0.7777777777777777,0.6104651162790697,0.2727272727272727,0.49902152641878667,0.49670333032477165,0.00804289544235925,0.10740354535974973,Super Fast,0.05886363636363637,0.19999999999999996,0.21874999999999997,0.2727272727272727,0.3333333333333333,Android v16
motorola,Motorola Moto G45 5G,Budget,0.012367239804449977,0.4133333333333334,0.7361936243643306,Average Value,1,0,0,qualcomm,Snapdragon 6s Gen3,0.7777777777777777,0.29069767441860456,0.09090909090909091,0.24853228962818003,0.3819700469641573,0.0008936550491510277,0.41605839416058393,Slow Charging,0.05681818181818182,0.19999999999999996,0.21874999999999997,0.19999999999999998,0.3333333333333333,Android v14
realme,Realme 15 Pro 5G,Mid-Range,0.05152879125592021,0.6533333333333333,0.88095299379226,Value King,1,0,0,qualcomm,Snapdragon 7 Gen4,0.7777777777777777,0.4360465116279069,0.2727272727272727,0.24853228962818003,0.5349477581116431,0.0062555853440571935,0.14494264859228362,Standard,0.06363636363636363,0.36,0.21874999999999997,0.8181818181818181,0.3333333333333333,Android v15
oppo,Oppo Find X9 Ultra,Flagship,0.1566853817905899,0.9333333333333333,0.828067278743901,Value King,1,1,1,qualcomm,Snapdragon 8 Elite Gen 5,0.7777777777777777,0.959302325581395,0.6363636363636364,1.0,0.5387722008903303,0.00804289544235925,0.11657977059436914,Standard,0.06409090909090909,0.36,0.9999999999999999,0.8181818181818181,1.0,Android v16
poco,Poco X7 Pro 5G,Mid-Range,0.039175984708994596,0.6266666666666667,0.8333341913091639,Value King,1,1,1,mediatek,Dimensity 8400 Ultra,0.7777777777777777,0.566860465116279,0.2727272727272727,0.49902152641878667,0.5005277731034588,0.0071492403932082215,0.12038002548951453,Standard,0.06068181818181817,0.19999999999999996,0.21874999999999997,0.2727272727272727,0.3333333333333333,Android v15
apple,Apple iPhone 16,Flagship,0.1338189780841294,0.6266666666666667,0.4523142332139456,Overpriced,1,1,0,apple,Bionic A18,0.5555555555555556,0.7965116279069766,0.2727272727272727,0.24853228962818003,0.27190258379354126,0.003127792672028597,0.18665276329509906,Slow Charging,0.04772727272727273,0.19999999999999996,0.20833333333333334,0.12727272727272726,0.3333333333333333,iOS v18
xiaomi,Xiaomi Redmi Note 13 5G,Budget,0.019585930460565247,0.52,0.92617907581319,Value King,1,0,1,mediatek,Dimensity 6080,0.7777777777777777,0.3197674418604651,0.1818181818181818,0.24853228962818003,0.3819700469641573,0.002055406613047364,0.25174582108888677,Standard,0.06068181818181817,0.19999999999999996,0.5208333333333334,0.19999999999999998,0.6666666666666667,Android v13
realme,Realme 16 Pro 5G,Premium,0.061856817961570415,0.7200000000000002,0.7112038497100353,Average Value,1,0,0,mediatek,Dimensity 7300 Max,0.7777777777777777,0.3488372093023256,0.2727272727272727,0.24853228962818003,0.5349477581116431,0.0062555853440571935,0.14494264859228362,Standard,0.0631818181818182,0.36,0.9999999999999999,0.8181818181818181,0.3333333333333333,Android v16
motorola,Motorola Edge 70 Pro,Premium,0.055671136165413374,0.6533333333333333,0.60432850410541,Average Value,1,1,0,unknown,Octa Core Processor,0.7777777777777777,0.3488372093023256,0.2727272727272727,0.49902152641878667,0.49670333032477165,0.00804289544235925,0.10740354535974973,Super Fast,0.06136363636363637,0.19999999999999996,0.21874999999999997,0.8181818181818181,0.6666666666666667,Android v15
oneplus,OnePlus 15R 5G,Premium,0.0938161739083818,0.8,0.8394542644355857,Value King,1,1,1,qualcomm,Snapdragon 8 Gen5,0.7777777777777777,0.7383720930232556,0.4545454545454545,0.49902152641878667,0.5655433003411403,0.0062555853440571935,0.15328467153284672,Standard,0.06431818181818183,0.5,0.21874999999999997,0.49090909090909085,0.3333333333333333,Android v16
oneplus,OnePlus Nord 6 5G (12GB RAM +256GB),Premium,0.07629007548593685,0.8,0.8394542644355857,Value King,1,1,1,qualcomm,Snapdragon 8s Gen4,0.7777777777777777,0.5523255813953487,0.4545454545454545,0.49902152641878667,0.6879254692591289,0.0062555853440571935,0.18665276329509906,Standard,0.0631818181818182,0.5,0.21874999999999997,0.49090909090909085,0.3333333333333333,Android v16
samsung,Samsung Galaxy A07 5G,Budget,0.016909592136761298,0.4533333333333333,0.8074381686576529,Average Value,1,0,0,mediatek,Dimensity 6300,0.7777777777777777,0.3197674418604651,0.09090909090909091,0.24853228962818003,0.4584589025379002,0.0013404825737265416,0.3993743482794578,Slow Charging,0.062272727272727285,0.19999999999999996,0.21874999999999997,0.054545454545454536,0.3333333333333333,Android v16
xiaomi,Xiaomi Redmi Note 15 5G,Mid-Range,0.04123787864104694,0.6266666666666667,0.8333341913091639,Value King,1,1,1,qualcomm,Snapdragon 6 Gen3,0.7777777777777777,0.3197674418604651,0.2727272727272727,0.24853228962818003,0.42174425186250364,0.003127792672028597,0.20361487660757738,Standard,0.06295454545454546,0.19999999999999996,0.5208333333333334,0.2727272727272727,0.3333333333333333,Android v15
vivo,Vivo V60 5G,Premium,0.06598060582567511,0.7200000000000002,0.7112038497100353,Average Value,1,1,1,qualcomm,Snapdragon 7 Gen4,0.7777777777777777,0.4360465116279069,0.2727272727272727,0.24853228962818003,0.49670333032477165,0.0071492403932082215,0.11945313405167421,Standard,0.06295454545454546,0.19999999999999996,0.21874999999999997,0.8181818181818181,0.6666666666666667,Android v15
motorola,Motorola Edge 70 Fusion 5G (8GB RAM + 256 GB),Mid-Range,0.05132260186271498,0.6533333333333333,0.88095299379226,Value King,1,1,0,qualcomm,Snapdragon 7s Gen4,0.7777777777777777,0.4069767441860465,0.2727272727272727,0.49902152641878667,0.5349477581116431,0.00518319928507596,0.17070477826166966,Standard,0.0631818181818182,0.36,0.21874999999999997,0.49090909090909085,0.6666666666666667,Android v16
realme,Realme P3 5G,Mid-Range,0.02268083325257582,0.5066666666666666,0.6190495801352315,Average Value,1,1,0,qualcomm,Snapdragon 6 Gen4,0.7777777777777777,0.29069767441860456,0.1818181818181818,0.24853228962818003,0.4584589025379002,0.003127792672028597,0.22141119221411193,Standard,0.06068181818181817,0.19999999999999996,0.21874999999999997,0.19999999999999998,0.3333333333333333,Android v15
motorola,Motorola Moto G64 5G,Budget,0.018557045388471125,0.48000000000000004,0.8549345315198678,Value King,1,0,0,mediatek,Dimensity 7025,0.7777777777777777,0.3488372093023256,0.2727272727272727,0.24853228962818003,0.4584589025379002,0.002055406613047364,0.3023035358801782,Standard,0.05681818181818182,0.19999999999999996,0.21874999999999997,0.19999999999999998,0.3333333333333333,Android v14
samsung,Samsung Galaxy M56 5G,Mid-Range,0.0350521968448899,0.46666666666666673,0.5476213764105873,Average Value,1,0,0,samsung,Exynos 1480,0.7777777777777777,0.4069767441860465,0.2727272727272727,0.24853228962818003,0.3819700469641573,0.003127792672028597,0.1843355347004982,Standard,0.062272727272727285,0.19999999999999996,0.21874999999999997,0.12727272727272726,0.6666666666666667,Android v15
oneplus,OnePlus Nord CE 5 5G,Mid-Range,0.04123787864104694,0.6266666666666667,0.8333341913091639,Value King,1,0,1,mediatek,Dimensity 8350 Apex,0.7777777777777777,0.5959302325581395,0.2727272727272727,0.24853228962818003,0.5425966436690174,0.0062555853440571935,0.1470281543274244,Standard,0.06295454545454546,0.19999999999999996,0.21874999999999997,0.19999999999999998,0.3333333333333333,Android v15
oppo,Oppo Reno 15 Pro Mini,Premium,0.1134041662628791,0.8133333333333335,0.8608293335565108,Value King,1,0,1,mediatek,Dimensity 8450,0.7777777777777777,0.566860465116279,0.4545454545454545,0.49902152641878667,0.4737566736526488,0.0062555853440571935,0.12825860271115747,Standard,0.052727272727272734,0.19999999999999996,0.9999999999999999,0.8181818181818181,0.6666666666666667,Android v16
samsung,Samsung Galaxy M37 5G,Mid-Range,0.02678606407129204,0.46666666666666673,0.5476213764105873,Average Value,1,1,0,samsung,Octa Core Processor,0.7777777777777777,0.3488372093023256,0.2727272727272727,0.24853228962818003,0.3819700469641573,0.003127792672028597,0.1843355347004982,Standard,0.06068181818181817,0.19999999999999996,0.21874999999999997,0.19999999999999998,0.6666666666666667,Android v16
xiaomi,Xiaomi Redmi Turbo 4 Pro,Mid-Range,0.03915742766360613,0.7066666666666668,0.976190598758452,Performance Beast,1,1,1,qualcomm,Snapdragon 8s Gen4,0.7777777777777777,0.5523255813953487,0.4545454545454545,0.49902152641878667,0.5770166286772017,0.0071492403932082215,0.1389178542463214,Standard,0.06431818181818183,0.19999999999999996,0.21874999999999997,0.2727272727272727,0.3333333333333333,Android v15
realme,Realme Narzo 90,Mid-Range,0.02886651504873286,0.52,0.6428589813767795,Average Value,1,0,0,mediatek,Dimensity 6400 Max,0.7777777777777777,0.3488372093023256,0.1818181818181818,0.24853228962818003,0.5349477581116431,0.004468275245755138,0.19360444907890167,Standard,0.05840909090909091,0.19999999999999996,0.21874999999999997,0.8181818181818181,0.3333333333333333,Android v15
oppo,OPPO K15,Mid-Range,0.039175984708994596,0.5333333333333334,0.6666683826183276,Average Value,1,0,1,unknown,Octa Core Processor,0.7777777777777777,0.3488372093023256,0.2727272727272727,0.24853228962818003,0.5731921858985146,0.00804289544235925,0.1240875912408759,Standard,0.06068181818181817,0.19999999999999996,0.21874999999999997,0.49090909090909085,0.3333333333333333,Android v16
tecno,Tecno Camon 40 Pro 5G,Mid-Range,0.043281215527710824,0.5733333333333333,0.7380965863429717,Average Value,1,1,1,mediatek,Dimensity 7300,0.7777777777777777,0.3488372093023256,0.2727272727272727,0.49902152641878667,0.3972678180789059,0.003127792672028597,0.19175066620322095,Standard,0.0631818181818182,0.36,0.21874999999999997,0.8181818181818181,0.3333333333333333,Android v15
samsung,Samsung Galaxy A35 5G,Mid-Range,0.04534310945976317,0.5333333333333334,0.6666683826183276,Average Value,1,1,0,samsung,Exynos 1380,0.7777777777777777,0.3197674418604651,0.2727272727272727,0.24853228962818003,0.3819700469641573,0.0013404825737265416,0.33263816475495306,Standard,0.05909090909090908,0.19999999999999996,0.21874999999999997,0.14545454545454545,0.6666666666666667,Android v14
apple,Apple iPhone 17 Pro Max,Flagship,0.2987704926483171,0.7733333333333334,0.6320222115108808,Average Value,1,1,0,apple,Apple A19 Pro,0.5555555555555556,0.3488372093023256,0.4545454545454545,0.49902152641878667,0.3691199192277685,0.003127792672028597,0.18665276329509906,Slow Charging,0.06590909090909092,0.19999999999999996,0.20833333333333334,0.23636363636363636,0.6666666666666667,iOS v26
vivo,Vivo X300,Flagship,0.1463924072817846,0.8400000000000001,0.7137076561913059,Average Value,1,1,1,mediatek,Dimensity 9500,0.7777777777777777,0.8459302325581393,0.4545454545454545,0.49902152641878667,0.4615184567608499,0.0071492403932082215,0.11092573282354305,Super Fast,0.05249999999999999,0.19999999999999996,0.9999999999999999,0.8181818181818181,0.6666666666666667,Android v16
nothing,Nothing Phone 3a,Mid-Range,0.04123787864104694,0.5866666666666667,0.7619059875845198,Average Value,1,1,0,qualcomm,Snapdragon 7s Gen3,0.7777777777777777,0.3488372093023256,0.2727272727272727,0.24853228962818003,0.3819700469641573,0.0035746201966041107,0.16579770594369134,Standard,0.06295454545454546,0.19999999999999996,0.21874999999999997,0.49090909090909085,0.6666666666666667,Android v15
vivo,Vivo T4 5G,Mid-Range,0.0397945528886103,0.5866666666666667,0.7619059875845198,Average Value,1,0,1,qualcomm,Snapdragon 7s Gen3,0.7777777777777777,0.3488372093023256,0.2727272727272727,0.24853228962818003,0.557894414783766,0.0071492403932082215,0.1342833970571197,Standard,0.06295454545454546,0.19999999999999996,0.21874999999999997,0.49090909090909085,0.3333333333333333,Android v15
vivo,Vivo V70 Elite 5G (12GB RAM + 256GB),Premium,0.10721848446672205,0.8266666666666667,0.8822044026774358,Value King,1,1,1,qualcomm,Snapdragon 8s Gen3,0.7777777777777777,0.49418604651162784,0.4545454545454545,0.49902152641878667,0.49670333032477165,0.0071492403932082215,0.11945313405167421,Standard,0.05886363636363637,0.19999999999999996,0.21874999999999997,0.8181818181818181,0.6666666666666667,Android v16
iqoo,iQOO 15,Flagship,0.14020672548562757,0.9333333333333333,0.828067278743901,Value King,1,1,1,qualcomm,Snapdragon 8 Elite Gen 5,0.7777777777777777,0.959302325581395,0.4545454545454545,0.49902152641878667,0.5349477581116431,0.00804289544235925,0.11574556830031282,Standard,0.06477272727272726,0.36,0.21874999999999997,0.49090909090909085,0.6666666666666667,Android v16
oppo,Oppo K12s,Budget,0.016476594411030308,0.5466666666666666,0.973675438675405,Performance Beast,1,1,1,qualcomm,Snapdragon 6 Gen4,0.7777777777777777,0.29069767441860456,0.2727272727272727,0.24853228962818003,0.5349477581116431,0.0062555853440571935,0.14494264859228362,Standard,0.06068181818181817,0.19999999999999996,0.21874999999999997,0.19999999999999998,0.3333333333333333,Android v15
samsung,Samsung Galaxy A17 5G,Mid-Range,0.028662387549459677,0.46666666666666673,0.5476213764105873,Average Value,1,1,0,samsung,Exynos 1330,0.7777777777777777,0.3197674418604651,0.1818181818181818,0.24853228962818003,0.3819700469641573,0.0013404825737265416,0.33263816475495306,Standard,0.06136363636363637,0.0,0.21874999999999997,0.14545454545454545,0.6666666666666667,Android v15
vivo,Vivo V70 FE 5G (12GB RAM + 256GB),Premium,0.08247575728209389,0.7733333333333334,0.7967041261937355,Average Value,1,1,1,mediatek,Dimensity 7360 Turbo,0.7777777777777777,0.3488372093023256,0.4545454545454545,0.49902152641878667,0.5349477581116431,0.0071492403932082215,0.12872204843007762,Standard,0.06431818181818183,0.19999999999999996,0.9999999999999999,0.8181818181818181,0.3333333333333333,Android v16
iqoo,iQOO Z11 Turbo,Premium,0.0556525791200249,0.7466666666666668,0.7539539879518854,Average Value,1,1,1,qualcomm,Snapdragon 8 Gen5,0.7777777777777777,0.7267441860465114,0.4545454545454545,0.49902152641878667,0.5808410714558888,0.00804289544235925,0.12575599582898853,Standard,0.05886363636363637,0.36,0.9999999999999999,0.49090909090909085,0.3333333333333333,Android v16
oppo,OPPO Reno 14 5G,Premium,0.07216628762183215,0.7066666666666668,0.6898287805891102,Average Value,1,0,1,mediatek,Dimensity 8350,0.7777777777777777,0.5959302325581395,0.2727272727272727,0.49902152641878667,0.4584589025379002,0.0062555853440571935,0.1240875912408759,Standard,0.05886363636363637,0.19999999999999996,0.21874999999999997,0.8181818181818181,0.6666666666666667,Android v15
xiaomi,Xiaomi Redmi 14C 5G,Budget,0.009278522694235562,0.38666666666666666,0.6886972615021157,Average Value,1,0,0,qualcomm,Snapdragon 4 Gen2,0.7777777777777777,0.26162790697674415,0.09090909090909091,0.1232876712328767,0.39420826385595614,0.0007149240393208221,0.4772332290580466,Slow Charging,0.06545454545454546,0.19999999999999996,0.21874999999999997,0.054545454545454536,0.3333333333333333,Android v14
apple,Apple iPhone 15,Premium,0.11320003876360592,0.5466666666666666,0.4333279511380093,Overpriced,1,1,0,apple,Bionic A16,0.5555555555555556,0.6279069767441858,0.1818181818181818,0.24853228962818003,0.25568694641190776,0.003127792672028597,0.18665276329509906,Slow Charging,0.04772727272727273,0.19999999999999996,0.20833333333333334,0.12727272727272726,0.3333333333333333,iOS v17
vivo,Vivo T5x 5G (8GB RAM + 128GB),Mid-Range,0.032990302912837555,0.5866666666666667,0.7619059875845198,Average Value,1,0,1,mediatek,Dimensity 7400 Turbo,0.7777777777777777,0.377906976744186,0.2727272727272727,0.24853228962818003,0.5502455292263917,0.0030384271671134943,0.2719689070054033,Standard,0.06272727272727271,0.19999999999999996,0.21874999999999997,0.49090909090909085,0.3333333333333333,Android v16
lava,Lava Bold 5G,Budget,0.012371363592314083,0.48000000000000004,0.8549345315198678,Value King,1,0,0,mediatek,Dimensity 6300,0.7777777777777777,0.3197674418604651,0.09090909090909091,0.24853228962818003,0.3819700469641573,0.002055406613047364,0.25174582108888677,Standard,0.06068181818181817,0.19999999999999996,0.29166666666666663,0.19999999999999998,0.3333333333333333,Android v14
nothing,Nothing Phone 4a,Premium,0.055671136165413374,0.6400000000000001,0.5829534349844848,Average Value,1,1,0,qualcomm,Snapdragon 7s Gen4,0.7777777777777777,0.4069767441860465,0.2727272727272727,0.24853228962818003,0.41256558919365444,0.0035746201966041107,0.1791449426485923,Standard,0.0631818181818182,0.19999999999999996,0.21874999999999997,0.49090909090909085,0.6666666666666667,Android v16
oneplus,OnePlus Turbo 6,Mid-Range,0.05154734830130868,0.6933333333333334,0.9523811975169041,Performance Beast,1,1,1,qualcomm,Snapdragon 8s Gen4,0.7777777777777777,0.5523255813953487,0.4545454545454545,0.49902152641878667,0.6879254692591289,0.0062555853440571935,0.18665276329509906,Standard,0.0631818181818182,0.5,0.21874999999999997,0.19999999999999998,0.3333333333333333,Android v16
samsung,Samsung Galaxy A27 5G,Mid-Range,0.05154734830130868,0.52,0.6428589813767795,Average Value,1,1,0,samsung,Octa Core Processor,0.7777777777777777,0.3488372093023256,0.1818181818181818,0.24853228962818003,0.42021447475102874,0.0013404825737265416,0.3660062565172054,Slow Charging,0.062272727272727285,0.19999999999999996,0.21874999999999997,0.14545454545454545,0.6666666666666667,Android v16
samsung,Samsung Galaxy A57 5G,Premium,0.10721848446672205,0.6799999999999999,0.6470786423472601,Average Value,1,1,0,samsung,Exynos 1680,0.7777777777777777,0.4651162790697673,0.2727272727272727,0.49902152641878667,0.3819700469641573,0.003127792672028597,0.1843355347004982,Standard,0.06136363636363637,0.19999999999999996,0.21874999999999997,0.12727272727272726,0.6666666666666667,Android v16
honor,Honor Magic 8 Pro Air,Premium,0.09276666989696715,0.7066666666666668,0.6898287805891102,Average Value,1,1,0,mediatek,Dimensity 9500,0.7777777777777777,0.8459302325581393,0.4545454545454545,0.49902152641878667,0.42021447475102874,0.0062555853440571935,0.11366006256517205,Super Fast,0.05249999999999999,0.19999999999999996,0.29166666666666663,0.8181818181818181,0.6666666666666667,Android v16
vivo,Vivo Y31d,Budget,0.01441470047897796,0.4266666666666667,0.759941805795438,Average Value,0,0,1,qualcomm,Snapdragon 6s Gen 2 4G,0.7777777777777777,0.4651162790697673,0.1818181818181818,0.24853228962818003,0.5502455292263917,0.0387846291331546,0.02601245666939098,Super Fast,0.0625,0.19999999999999996,0.21874999999999997,0.054545454545454536,0.3333333333333333,Android v16
samsung,SAMSUNG Galaxy S26 5G,Flagship,0.14598415228323824,0.7200000000000002,0.5666738557665407,Average Value,1,1,0,samsung,Exynos 2600,1.0,0.7267441860465114,0.4545454545454545,0.49902152641878667,0.3284278480625373,0.0013404825737265416,0.2859228362877998,Standard,0.052272727272727276,0.19999999999999996,0.21874999999999997,0.12727272727272726,0.6666666666666667,Android v16
xiaomi,Xiaomi Redmi Note 15 Pro 5G,Mid-Range,0.04948545436925633,0.6533333333333333,0.88095299379226,Value King,1,0,1,mediatek,Dimensity 7400 Ultra,0.7777777777777777,0.377906976744186,0.2727272727272727,0.24853228962818003,0.5028224387706711,0.003127792672028597,0.2429150735720079,Standard,0.06431818181818183,0.19999999999999996,0.9999999999999999,0.2727272727272727,0.3333333333333333,Android v15
xiaomi,Xiaomi Redmi Note 14 SE 5G,Mid-Range,0.026804621116680513,0.5466666666666666,0.6904777838598756,Average Value,1,0,1,mediatek,Dimensity 7025 Ultra,0.7777777777777777,0.3488372093023256,0.1818181818181818,0.24853228962818003,0.39038382107726904,0.003127792672028597,0.1884138570269957,Standard,0.06068181818181817,0.19999999999999996,0.21874999999999997,0.2727272727272727,0.6666666666666667,Android v14
google,Google Pixel 9A,Premium,0.07216628762183215,0.6000000000000001,0.5188282276217095,Overpriced,1,1,0,google,Tensor G4,0.7777777777777777,0.5232558139534884,0.2727272727272727,0.49902152641878667,0.38961893252153157,0.0011617515638963362,0.368907829713923,Slow Charging,0.052272727272727276,0.19999999999999996,0.20833333333333334,0.14545454545454545,0.3333333333333333,Android v15
motorola,Motorola Edge 60 Stylus,Mid-Range,0.03247689132375652,0.5866666666666667,0.7619059875845198,Average Value,1,1,0,qualcomm,Snapdragon 7s Gen2,0.7777777777777777,0.3197674418604651,0.2727272727272727,0.49902152641878667,0.3819700469641573,0.00518319928507596,0.12163405508188677,Standard,0.06136363636363637,0.19999999999999996,0.21874999999999997,0.49090909090909085,0.3333333333333333,Android v15
motorola,Motorola Signature,Premium,0.0989523516931242,0.8400000000000001,0.903579471798361,Value King,1,1,0,qualcomm,Snapdragon 8 Gen5,0.7777777777777777,0.7267441860465114,0.4545454545454545,0.49902152641878667,0.3972678180789059,0.0071492403932082215,0.09535395666782528,Super Fast,0.06363636363636363,0.5,0.21874999999999997,0.8181818181818181,0.6666666666666667,Android v16
iqoo,iQOO Neo 10R,Premium,0.0556525791200249,0.6533333333333333,0.60432850410541,Average Value,1,0,1,qualcomm,Snapdragon 8s Gen3,0.7777777777777777,0.49418604651162784,0.2727272727272727,0.24853228962818003,0.48905444476739734,0.0062555853440571935,0.132429614181439,Standard,0.0631818181818182,0.36,0.21874999999999997,0.49090909090909085,0.3333333333333333,Android v15
motorola,Motorola Edge 70 5G,Mid-Range,0.05152879125592021,0.6933333333333334,0.9523811975169041,Performance Beast,1,1,0,qualcomm,Snapdragon 7 Gen4,0.7777777777777777,0.4360465116279069,0.2727272727272727,0.49902152641878667,0.3819700469641573,0.00518319928507596,0.12163405508188677,Standard,0.06136363636363637,0.19999999999999996,0.21874999999999997,0.8181818181818181,0.3333333333333333,Android v16
poco,Poco M7 Plus 5G,Mid-Range,0.022097317269805003,0.48000000000000004,0.5714307776521353,Average Value,1,0,1,qualcomm,Snapdragon 6s Gen3,0.7777777777777777,0.29069767441860456,0.1818181818181818,0.24853228962818003,0.5349477581116431,0.002055406613047364,0.35286125067146956,Slow Charging,0.06590909090909092,0.36,0.21874999999999997,0.054545454545454536,0.0,Android v15
samsung,Samsung Galaxy M57 5G,Mid-Range,0.05152879125592021,0.52,0.6428589813767795,Average Value,1,0,0,samsung,Exynos,0.7777777777777777,0.3488372093023256,0.2727272727272727,0.24853228962818003,0.42021447475102874,0.003127792672028597,0.20287336345730508,Standard,0.06295454545454546,0.19999999999999996,0.21874999999999997,0.19999999999999998,0.6666666666666667,Android v16
poco,Poco M7 Pro 5G,Budget,0.02061893932052347,0.5066666666666666,0.9024308943820827,Value King,1,0,1,mediatek,Dimensity 7025 Ultra,0.7777777777777777,0.3488372093023256,0.1818181818181818,0.24853228962818003,0.39038382107726904,0.003127792672028597,0.1884138570269957,Standard,0.06068181818181817,0.19999999999999996,0.21874999999999997,0.2727272727272727,0.3333333333333333,Android v14
oppo,OPPO Reno 15 5G,Premium,0.08453765121414623,0.7466666666666668,0.7539539879518854,Average Value,1,0,1,qualcomm,Snapdragon 7 Gen4,0.7777777777777777,0.4360465116279069,0.2727272727272727,0.49902152641878667,0.49670333032477165,0.0062555853440571935,0.13451511991657977,Standard,0.05886363636363637,0.19999999999999996,0.21874999999999997,0.8181818181818181,0.6666666666666667,Android v16
apple,Apple iPhone 15 Plus,Premium,0.11339385679321884,0.5733333333333333,0.4760780893798594,Overpriced,1,1,0,apple,Bionic A16,0.5555555555555556,0.6279069767441858,0.1818181818181818,0.24853228962818003,0.3347764230751579,0.003127792672028597,0.18665276329509906,Slow Charging,0.06136363636363637,0.19999999999999996,0.20833333333333334,0.12727272727272726,0.3333333333333333,iOS v17
oppo,OPPO K15 Pro,Premium,0.07835196941798919,0.6933333333333334,0.6684537114681851,Average Value,1,1,1,mediatek,Dimensity 8500,0.7777777777777777,0.6104651162790697,0.4545454545454545,0.49902152641878667,0.5731921858985146,0.0062555853440571935,0.1553701772679875,Standard,0.05886363636363637,0.36,0.21874999999999997,0.19999999999999998,0.3333333333333333,Android v16
google,Google Pixel 10 5G (128GB),Premium,0.11338560921749063,0.6799999999999999,0.6470786423472601,Average Value,1,1,0,google,Tensor G5,0.7777777777777777,0.7209302325581393,0.4545454545454545,0.24853228962818003,0.379675381296945,0.0017873100983020556,0.27535627389641987,Standard,0.052272727272727276,0.19999999999999996,0.20833333333333334,0.09999999999999998,0.6666666666666667,Android v16
vivo,Vivo X200 FE,Premium,0.10309469660261736,0.8133333333333335,0.8608293335565108,Value King,1,1,1,mediatek,Dimensity 9300 Plus,0.7777777777777777,0.566860465116279,0.4545454545454545,0.49902152641878667,0.49670333032477165,0.0071492403932082215,0.11945313405167421,Standard,0.05249999999999999,0.19999999999999996,0.21874999999999997,0.8181818181818181,0.6666666666666667,Android v15
realme,Realme Neo 8,Mid-Range,0.05152879125592021,0.7066666666666668,0.976190598758452,Performance Beast,1,1,1,qualcomm,Snapdragon 8 Gen5,0.7777777777777777,0.7267441860465114,0.4545454545454545,0.49902152641878667,0.611436613685386,0.0062555853440571935,0.16579770594369134,Standard,0.0631818181818182,0.5,0.21874999999999997,0.19999999999999998,0.6666666666666667,Android v16
realme,Realme P1 5G,Budget,0.018557045388471125,0.46666666666666673,0.8311863500887604,Value King,1,0,0,mediatek,Dimensity 7050,0.7777777777777777,0.377906976744186,0.1818181818181818,0.24853228962818003,0.3819700469641573,0.003127792672028597,0.1843355347004982,Standard,0.06068181818181817,0.19999999999999996,0.21874999999999997,0.19999999999999998,0.3333333333333333,Android v14
samsung,Samsung Galaxy M36 5G (8GB RAM + 128GB),Mid-Range,0.024641694381957603,0.48000000000000004,0.5714307776521353,Average Value,1,0,0,samsung,Exynos 1380,0.7777777777777777,0.3197674418604651,0.2727272727272727,0.24853228962818003,0.3819700469641573,0.0013404825737265416,0.33263816475495306,Standard,0.06136363636363637,0.19999999999999996,0.21874999999999997,0.14545454545454545,0.6666666666666667,Android v15
samsung,Samsung Galaxy M17e 5G,Budget,0.016495151456418777,0.4133333333333334,0.7361936243643306,Average Value,1,0,0,mediatek,Dimensity 6300,0.7777777777777777,0.3197674418604651,0.09090909090909091,0.24853228962818003,0.4584589025379002,0.0013404825737265416,0.3993743482794578,Slow Charging,0.06136363636363637,0.19999999999999996,0.21874999999999997,0.054545454545454536,0.3333333333333333,Android v16
poco,Poco X8 Pro Max,Premium,0.07835196941798919,0.8,0.8394542644355857,Value King,1,0,1,mediatek,Dimensity 9500s,0.7777777777777777,0.7063953488372092,0.4545454545454545,0.49902152641878667,0.6879254692591289,0.00804289544235925,0.14911366006256516,Standard,0.06431818181818183,0.19999999999999996,0.21874999999999997,0.2727272727272727,0.3333333333333333,Android v16
motorola,Motorola Moto G45 5G (8GB RAM + 128GB),Budget,0.014989968886020565,0.4266666666666667,0.759941805795438,Average Value,1,0,0,qualcomm,Snapdragon 6s Gen3,0.7777777777777777,0.29069767441860456,0.2727272727272727,0.24853228962818003,0.3819700469641573,0.0008936550491510277,0.41605839416058393,Slow Charging,0.05681818181818182,0.19999999999999996,0.21874999999999997,0.19999999999999998,0.3333333333333333,Android v14
oneplus,OnePlus 13R 5G,Premium,0.07629007548593685,0.7466666666666668,0.7539539879518854,Average Value,1,1,1,qualcomm,Snapdragon 8 Gen3,0.7777777777777777,0.5813953488372092,0.4545454545454545,0.49902152641878667,0.4584589025379002,0.0062555853440571935,0.1240875912408759,Standard,0.0631818181818182,0.19999999999999996,0.21874999999999997,0.19999999999999998,0.6666666666666667,Android v15
samsung,Samsung Galaxy S24 FE 5G,Premium,0.07319723458785833,0.6266666666666667,0.5615783658635598,Average Value,1,1,0,samsung,Exynos 2400e,1.0,0.5261627906976742,0.2727272727272727,0.24853228962818003,0.35902339029203445,0.0013404825737265416,0.31261730969760165,Standard,0.06136363636363637,0.19999999999999996,0.21874999999999997,0.09090909090909091,0.6666666666666667,Android v14
oneplus,OnePlus 16,Flagship,0.17524242717906105,0.8933333333333335,0.779056011935646,Average Value,1,1,1,qualcomm,Snapdragon 8 Elite Gen 6 Pro,0.7777777777777777,0.3488372093023256,0.4545454545454545,0.49902152641878667,0.6879254692591289,0.012511170688114387,0.09906152241918666,Super Fast,0.06409090909090909,1.0,0.9999999999999999,0.8181818181818181,0.6666666666666667,Android v16
tecno,Tecno Pova 7 5G,Budget,0.02061893932052347,0.5066666666666666,0.9024308943820827,Value King,1,1,1,mediatek,Dimensity 7300 Ultimate,0.7777777777777777,0.3488372093023256,0.2727272727272727,0.24853228962818003,0.4584589025379002,0.003127792672028597,0.22141119221411193,Standard,0.0631818181818182,0.36,0.21874999999999997,0.14545454545454545,0.3333333333333333,Android v15
realme,Realme GT 7,Premium,0.06573524044776088,0.8,0.8394542644355857,Value King,1,1,1,mediatek,Dimensity 9400e,0.7777777777777777,0.6104651162790697,0.2727272727272727,0.49902152641878667,0.5349477581116431,0.009830205540661306,0.09628084810566563,Super Fast,0.0631818181818182,0.19999999999999996,0.21874999999999997,0.49090909090909085,0.6666666666666667,Android v15
cmf,CMF Phone 3 Pro,Mid-Range,0.04121932159565848,0.5333333333333334,0.6666683826183276,Average Value,1,0,0,unknown,Octa Core Processor,0.7777777777777777,0.3488372093023256,0.2727272727272727,0.24853228962818003,0.4584589025379002,0.003395889186773905,0.20750782064650677,Standard,0.06386363636363634,0.36,0.21874999999999997,0.49090909090909085,0.6666666666666667,Android v16
oppo,Oppo F31 5G,Mid-Range,0.04536166650515164,0.5466666666666666,0.6904777838598756,Average Value,1,0,1,mediatek,Dimensity 6300,0.7777777777777777,0.3197674418604651,0.2727272727272727,0.24853228962818003,0.5349477581116431,0.0062555853440571935,0.14494264859228362,Standard,0.05840909090909091,0.19999999999999996,0.21874999999999997,0.19999999999999998,0.3333333333333333,Android v15
realme,Realme 16 5G (8GB RAM + 256GB),Premium,0.05979492402951807,0.6266666666666667,0.5615783658635598,Average Value,1,0,0,mediatek,Dimensity 6400 Turbo,0.7777777777777777,0.3488372093023256,0.2727272727272727,0.49902152641878667,0.5349477581116431,0.004468275245755138,0.19360444907890167,Standard,0.05840909090909091,0.19999999999999996,0.21874999999999997,0.8181818181818181,0.3333333333333333,Android v16
vivo,Vivo X200T,Premium,0.1134041662628791,0.8666666666666667,0.9463296100402111,Performance Beast,1,1,1,mediatek,Dimensity 9400 Plus,0.7777777777777777,0.6773255813953487,0.4545454545454545,0.49902152641878667,0.4737566736526488,0.0071492403932082215,0.11389178542463213,Super Fast,0.06068181818181817,0.19999999999999996,0.21874999999999997,0.49090909090909085,0.6666666666666667,Android v16
samsung,Samsung Galaxy F05,Budget,0.0030928408980785208,0.27999999999999997,0.49871181005325627,Overpriced,0,0,0,mediatek,Helio G85,0.7777777777777777,0.20348837209302323,0.09090909090909091,0.1232876712328767,0.3819700469641573,0.0013404825737265416,0.33263816475495306,Standard,0.062272727272727285,0.19999999999999996,0.21874999999999997,0.054545454545454536,0.3333333333333333,Android v14
vivo,Vivo V70 FE 5G (8GB RAM + 256GB),Premium,0.0742281815538845,0.76,0.7753290570728105,Average Value,1,1,1,mediatek,Dimensity 7360 Turbo,0.7777777777777777,0.3488372093023256,0.2727272727272727,0.49902152641878667,0.5349477581116431,0.0071492403932082215,0.12872204843007762,Standard,0.06431818181818183,0.19999999999999996,0.9999999999999999,0.8181818181818181,0.3333333333333333,Android v16
google,Google Pixel 10A,Premium,0.08759131612751576,0.7066666666666668,0.6898287805891102,Average Value,1,1,0,google,Tensor G4,0.7777777777777777,0.5232558139534884,0.2727272727272727,0.49902152641878667,0.38961893252153157,0.0017873100983020556,0.28258602711157454,Standard,0.052272727272727276,0.19999999999999996,0.20833333333333334,0.14545454545454545,0.3333333333333333,Android v16
vivo,Vivo X300 Pro 5G,Flagship,0.2164968009715644,0.9600000000000002,0.860741456616071,Value King,1,1,1,mediatek,Dimensity 9500,0.7777777777777777,0.8459302325581393,0.6363636363636364,1.0,0.49746821888050907,0.0071492403932082215,0.11963851233924226,Standard,0.0631818181818182,0.19999999999999996,0.9999999999999999,0.8181818181818181,0.6666666666666667,Android v16
xiaomi,Xiaomi Redmi 15 5G,Mid-Range,0.023711780218601992,0.5066666666666666,0.6190495801352315,Average Value,1,0,1,qualcomm,Snapdragon 6s Gen3,0.7777777777777777,0.29069767441860456,0.1818181818181818,0.24853228962818003,0.5349477581116431,0.002055406613047364,0.35286125067146956,Slow Charging,0.06590909090909092,0.36,0.21874999999999997,0.054545454545454536,0.3333333333333333,Android v15
cmf,CMF Phone 2 Pro,Mid-Range,0.02886651504873286,0.52,0.6428589813767795,Average Value,1,0,0,mediatek,Dimensity 7300 Pro,0.7777777777777777,0.3488372093023256,0.2727272727272727,0.24853228962818003,0.3819700469641573,0.002055406613047364,0.25174582108888677,Standard,0.06295454545454546,0.19999999999999996,0.21874999999999997,0.19999999999999998,0.6666666666666667,Android v15
motorola,Motorola Moto G67 Power 5G (8GB RAM + 256GB),Mid-Range,0.030928408980785208,0.5466666666666666,0.6904777838598756,Average Value,1,0,0,qualcomm,Snapdragon 7s Gen2,0.7777777777777777,0.3197674418604651,0.2727272727272727,0.49902152641878667,0.5349477581116431,0.0017873100983020556,0.38825165102537357,Slow Charging,0.06136363636363637,0.19999999999999996,0.21874999999999997,0.49090909090909085,0.3333333333333333,Android v15
apple,Apple iPhone 16 Pro,Flagship,0.2041089422277939,0.6933333333333334,0.5339996778943706,Overpriced,1,1,0,apple,Bionic A18 Pro,0.5555555555555556,0.7994186046511627,0.2727272727272727,0.24853228962818003,0.27350884976058987,0.003127792672028597,0.18665276329509906,Slow Charging,0.052272727272727276,0.19999999999999996,0.20833333333333334,0.12727272727272726,0.6666666666666667,iOS v18
samsung,Samsung Galaxy A37 5G,Premium,0.0701043936897798,0.5866666666666667,0.49745315850078453,Overpriced,1,1,0,samsung,Exynos 1480,0.7777777777777777,0.4069767441860465,0.2727272727272727,0.24853228962818003,0.3819700469641573,0.003127792672028597,0.1843355347004982,Standard,0.06136363636363637,0.19999999999999996,0.21874999999999997,0.12727272727272726,0.6666666666666667,Android v16
honor,Honor Robot Phone,Flagship,0.19586136649958452,0.8266666666666667,0.6973705672552208,Average Value,1,1,1,unknown,Octa Core Processor,0.7777777777777777,0.3488372093023256,0.4545454545454545,1.0,0.5349477581116431,0.009830205540661306,0.09628084810566563,Super Fast,0.061590909090909085,0.19999999999999996,0.9999999999999999,0.8181818181818181,0.3333333333333333,Android v16
tecno,Tecno Spark Go 5G,Budget,0.010309469660261736,0.38666666666666666,0.6886972615021157,Average Value,1,0,1,mediatek,Dimensity 6400,0.7777777777777777,0.3488372093023256,0.09090909090909091,0.24853228962818003,0.4584589025379002,0.0007149240393208221,0.5550921098366354,Slow Charging,0.062272727272727285,0.19999999999999996,0.21874999999999997,0.0,0.0,Android v15
xiaomi,Xiaomi Redmi Note 15 SE 5G (8GB RAM + 128GB),Mid-Range,0.0350521968448899,0.5733333333333333,0.7380965863429717,Average Value,1,0,1,qualcomm,Snapdragon 6 Gen3,0.7777777777777777,0.3197674418604651,0.2727272727272727,0.24853228962818003,0.4431611314231516,0.003127792672028597,0.21399606071138916,Standard,0.06295454545454546,0.19999999999999996,0.21874999999999997,0.2727272727272727,0.3333333333333333,Android v15
iqoo,iQOO Neo 11,Premium,0.07214773057644368,0.7733333333333334,0.7967041261937355,Average Value,1,1,1,qualcomm,Snapdragon 8 Elite,0.7777777777777777,0.877906976744186,0.4545454545454545,0.49902152641878667,0.5731921858985146,0.00804289544235925,0.1240875912408759,Standard,0.0631818181818182,0.36,0.21874999999999997,0.19999999999999998,0.3333333333333333,Android v16
iqoo,iQOO Z11x 5G (8GB RAM + 256GB),Mid-Range,0.03711409077694225,0.5866666666666667,0.7619059875845198,Average Value,1,0,1,mediatek,Dimensity 7400 Turbo,0.7777777777777777,0.377906976744186,0.2727272727272727,0.49902152641878667,0.5502455292263917,0.0030384271671134943,0.2719689070054033,Standard,0.06272727272727271,0.19999999999999996,0.21874999999999997,0.49090909090909085,0.3333333333333333,Android v16
oneplus,OnePlus 15 5G (16GB RAM + 512GB),Flagship,0.15464204490392605,0.9600000000000002,0.860741456616071,Value King,1,1,1,qualcomm,Snapdragon 8 Elite Gen 5,0.7777777777777777,0.959302325581395,0.6363636363636364,1.0,0.557894414783766,0.009830205540661306,0.10045185957594717,Super Fast,0.0631818181818182,0.5,0.21874999999999997,0.49090909090909085,0.6666666666666667,Android v16
realme,Realme Narzo 80x 5G (8GB RAM + 128GB),Budget,0.018557045388471125,0.46666666666666673,0.8311863500887604,Value King,1,0,0,mediatek,Dimensity 6400,0.7777777777777777,0.3488372093023256,0.2727272727272727,0.24853228962818003,0.4584589025379002,0.003127792672028597,0.22141119221411193,Standard,0.06181818181818183,0.19999999999999996,0.21874999999999997,0.054545454545454536,0.3333333333333333,Android v15
vivo,Vivo V60e,Premium,0.055671136165413374,0.6933333333333334,0.6684537114681851,Average Value,1,1,1,mediatek,Dimensity 7360 Turbo,0.7777777777777777,0.3488372093023256,0.2727272727272727,0.24853228962818003,0.49670333032477165,0.0071492403932082215,0.11945313405167421,Standard,0.06295454545454546,0.19999999999999996,0.9999999999999999,0.8181818181818181,0.3333333333333333,Android v15
iqoo,iQOO Z10 5G,Mid-Range,0.04123581674711489,0.5866666666666667,0.7619059875845198,Average Value,1,0,1,qualcomm,Snapdragon 7s Gen3,0.7777777777777777,0.3488372093023256,0.2727272727272727,0.24853228962818003,0.557894414783766,0.0071492403932082215,0.1342833970571197,Standard,0.06295454545454546,0.19999999999999996,0.21874999999999997,0.49090909090909085,0.3333333333333333,Android v15
honor,Honor WIN RT,Premium,0.061856817961570415,0.7066666666666668,0.6898287805891102,Average Value,1,1,1,qualcomm,Snapdragon 8 Elite,0.7777777777777777,0.877906976744186,0.4545454545454545,0.49902152641878667,0.7644143248328719,0.00804289544235925,0.16579770594369134,Standard,0.06431818181818183,0.6333333333333333,0.21874999999999997,0.8181818181818181,0.3333333333333333,Android v16
samsung,Samsung Galaxy A36 5G,Mid-Range,0.051452501180434276,0.5466666666666666,0.6904777838598756,Average Value,1,1,0,qualcomm,Snapdragon 6 Gen3,0.7777777777777777,0.3197674418604651,0.2727272727272727,0.24853228962818003,0.3819700469641573,0.003127792672028597,0.1843355347004982,Standard,0.06136363636363637,0.19999999999999996,0.21874999999999997,0.12727272727272726,0.6666666666666667,Android v15
iqoo,iQOO Neo 10,Premium,0.06390015484823429,0.7200000000000002,0.7112038497100353,Average Value,1,1,1,qualcomm,Snapdragon 8s Gen4,0.7777777777777777,0.5523255813953487,0.2727272727272727,0.24853228962818003,0.5349477581116431,0.009830205540661306,0.09628084810566563,Super Fast,0.0631818181818182,0.36,0.21874999999999997,0.49090909090909085,0.3333333333333333,Android v15
samsung,Samsung Galaxy S25 5G,Flagship,0.1443325752436643,0.7466666666666668,0.5993480336387107,Average Value,1,1,0,qualcomm,Snapdragon 8Elite,0.7777777777777777,0.9215116279069764,0.4545454545454545,0.49902152641878667,0.3054811913904144,0.0013404825737265416,0.2659019812304484,Standard,0.05000000000000002,0.19999999999999996,0.21874999999999997,0.12727272727272726,0.6666666666666667,Android v15
oneplus,OnePlus 13s 5G,Premium,0.09897090873851266,0.76,0.7753290570728105,Average Value,1,1,1,qualcomm,Snapdragon 8 Elite,0.7777777777777777,0.877906976744186,0.4545454545454545,0.49902152641878667,0.44698557420183876,0.0062555853440571935,0.12095933263816476,Standard,0.052727272727272734,0.19999999999999996,0.21874999999999997,0.49090909090909085,0.3333333333333333,Android v15
oppo,Oppo K13 (8GB RAM + 256GB),Mid-Range,0.0337758845009495,0.5333333333333334,0.6666683826183276,Average Value,1,0,1,qualcomm,Snapdragon 6 Gen4,0.7777777777777777,0.29069767441860456,0.2727272727272727,0.49902152641878667,0.5349477581116431,0.0062555853440571935,0.14494264859228362,Standard,0.06068181818181817,0.19999999999999996,0.21874999999999997,0.19999999999999998,0.3333333333333333,Android v15
oppo,OPPO K14x 5G,Budget,0.02061893932052347,0.4133333333333334,0.7361936243643306,Average Value,1,0,0,mediatek,Dimensity 6300,0.7777777777777777,0.3197674418604651,0.09090909090909091,0.24853228962818003,0.49670333032477165,0.003127792672028597,0.2399490209709188,Standard,0.0625,0.19999999999999996,0.21874999999999997,0.0,0.3333333333333333,Android v15
vivo,Vivo T4R 5G,Mid-Range,0.03669965009659973,0.5733333333333333,0.7380965863429717,Average Value,1,0,0,mediatek,Dimensity 7400,0.7777777777777777,0.377906976744186,0.2727272727272727,0.24853228962818003,0.43551224586577736,0.0030384271671134943,0.21509147786520047,Standard,0.06295454545454546,0.19999999999999996,0.21874999999999997,0.49090909090909085,0.3333333333333333,Android v15
oppo,Oppo K13 Turbo,Mid-Range,0.044435876129660136,0.6000000000000001,0.7857153888260677,Average Value,1,0,1,mediatek,Dimensity 8450,0.7777777777777777,0.566860465116279,0.2727272727272727,0.24853228962818003,0.5349477581116431,0.0062555853440571935,0.14494264859228362,Standard,0.06363636363636363,0.19999999999999996,0.21874999999999997,0.19999999999999998,0.3333333333333333,Android v15
motorola,Motorola Moto G05,Budget,0.0047423560437203985,0.3466666666666666,0.6174527172087935,Average Value,0,1,0,mediatek,Helio G81 Ultra,0.7777777777777777,0.20348837209302323,0.09090909090909091,0.1232876712328767,0.3972678180789059,0.0007149240393208221,0.480940794809408,Slow Charging,0.06068181818181817,0.0,0.21874999999999997,0.054545454545454536,0.0,Android v15
vivo,Vivo T4 Pro 5G (8GB RAM + 256GB),Mid-Range,0.04998237080688095,0.6400000000000001,0.8571435925507119,Value King,1,0,1,qualcomm,Snapdragon 7 Gen4,0.7777777777777777,0.4360465116279069,0.2727272727272727,0.49902152641878667,0.49670333032477165,0.0071492403932082215,0.11945313405167421,Standard,0.06295454545454546,0.19999999999999996,0.21874999999999997,0.49090909090909085,0.6666666666666667,Android v15
samsung,Samsung Galaxy S24 Ultra,Flagship,0.21649886286549647,0.8266666666666667,0.6973705672552208,Average Value,1,1,0,qualcomm,Snapdragon 8 Gen3,0.7777777777777777,0.5813953488372092,0.4545454545454545,0.49902152641878667,0.3819700469641573,0.003127792672028597,0.1843355347004982,Standard,0.06363636363636363,0.19999999999999996,0.9999999999999999,0.12727272727272726,1.0,Android v14
vivo,Vivo Y400 Pro 5G,Mid-Range,0.04329977257309929,0.5333333333333334,0.6666683826183276,Average Value,1,0,1,mediatek,Dimensity 7300,0.7777777777777777,0.3488372093023256,0.2727272727272727,0.24853228962818003,0.42021447475102874,0.0071492403932082215,0.10091530529486735,Super Fast,0.06295454545454546,0.19999999999999996,0.21874999999999997,0.49090909090909085,0.3333333333333333,Android v15
samsung,Samsung Galaxy M14 4G,Budget,0.005719693767513211,0.3333333333333333,0.593704535777686,Average Value,0,0,0,qualcomm,Snapdragon 680,0.7777777777777777,0.3197674418604651,0.09090909090909091,0.1232876712328767,0.3819700469641573,0.0013404825737265416,0.33263816475495306,Standard,0.06181818181818183,0.0,0.21874999999999997,0.14545454545454545,0.6666666666666667,Android v13
xiaomi,Xiaomi Redmi Note 15 Pro Plus,Premium,0.06598060582567511,0.7466666666666668,0.7539539879518854,Average Value,1,1,1,qualcomm,Snapdragon 7s Gen4,0.7777777777777777,0.4069767441860465,0.2727272727272727,0.49902152641878667,0.49670333032477165,0.00804289544235925,0.10740354535974973,Super Fast,0.06431818181818183,0.19999999999999996,0.9999999999999999,0.49090909090909085,0.3333333333333333,Android v15
vivo,Vivo T4 Ultra,Premium,0.06740537453272329,0.6799999999999999,0.6470786423472601,Average Value,1,1,0,mediatek,Dimensity 9300 Plus,0.7777777777777777,0.566860465116279,0.2727272727272727,0.49902152641878667,0.42021447475102874,0.0071492403932082215,0.10091530529486735,Super Fast,0.06068181818181817,0.19999999999999996,0.21874999999999997,0.49090909090909085,0.6666666666666667,Android v15
motorola,Motorola Moto G35 5G,Budget,0.017517850846716743,0.4533333333333333,0.8074381686576529,Average Value,1,0,0,unisoc,Unisoc T760,0.7777777777777777,0.26162790697674415,0.09090909090909091,0.24853228962818003,0.3819700469641573,0.0007149240393208221,0.46240296605260106,Slow Charging,0.06181818181818183,0.19999999999999996,0.21874999999999997,0.19999999999999998,0.3333333333333333,Android v14
motorola,Motorola Edge 70 Fusion 5G (12GB RAM + 256 GB),Premium,0.05773303009746572,0.6799999999999999,0.6470786423472601,Average Value,1,1,0,qualcomm,Snapdragon 7s Gen4,0.7777777777777777,0.4069767441860465,0.4545454545454545,0.49902152641878667,0.5349477581116431,0.00518319928507596,0.17070477826166966,Standard,0.0631818181818182,0.36,0.21874999999999997,0.49090909090909085,0.6666666666666667,Android v16
realme,Realme P4 Lite 5G,Budget,0.01752609842244495,0.3466666666666666,0.6174527172087935,Average Value,1,0,0,mediatek,Dimensity 6300,0.7777777777777777,0.3197674418604651,0.09090909090909091,0.1232876712328767,0.5349477581116431,0.0004468275245755139,0.7775460549183177,Slow Charging,0.06386363636363634,0.36,0.026041666666666664,0.0,0.0,Android v16
samsung,Samsung Galaxy S26 FE,Flagship,0.12575697280980472,0.6933333333333334,0.5339996778943706,Overpriced,1,1,0,samsung,Exynos 2500,1.0,0.3488372093023256,0.2727272727272727,0.24853228962818003,0.38961893252153157,0.004021447721179624,0.15366385439378138,Standard,0.06204545454545457,0.19999999999999996,0.21874999999999997,0.19999999999999998,0.6666666666666667,Android v16
samsung,Samsung Galaxy M17e 5G (6GB RAM + 128GB),Budget,0.02056326818435806,0.4133333333333334,0.7361936243643306,Average Value,1,0,0,mediatek,Dimensity 6300,0.7777777777777777,0.3197674418604651,0.1818181818181818,0.24853228962818003,0.4584589025379002,0.0013404825737265416,0.3993743482794578,Slow Charging,0.06136363636363637,0.19999999999999996,0.21874999999999997,0.054545454545454536,0.3333333333333333,Android v16
oppo,OPPO K14,Mid-Range,0.02862939724654684,0.52,0.6428589813767795,Average Value,1,1,1,mediatek,Dimensity 6300,0.7777777777777777,0.3197674418604651,0.1818181818181818,0.24853228962818003,0.5349477581116431,0.003127792672028597,0.2584868497277256,Standard,0.0625,0.19999999999999996,0.21874999999999997,0.054545454545454536,0.3333333333333333,Android v15
motorola,Motorola Edge 60 Fusion 5G (12GB RAM + 256GB),Mid-Range,0.040893542354394206,0.6000000000000001,0.7857153888260677,Average Value,1,0,0,mediatek,Dimensity 7400,0.7777777777777777,0.3488372093023256,0.4545454545454545,0.49902152641878667,0.42021447475102874,0.00518319928507596,0.13390173587683246,Standard,0.06136363636363637,0.19999999999999996,0.21874999999999997,0.49090909090909085,0.3333333333333333,Android v15
samsung,Samsung Galaxy S26 Ultra (12GB RAM + 512GB),Flagship,0.2628914763366743,0.9600000000000002,0.860741456616071,Value King,1,1,0,qualcomm,Snapdragon 8 Elite Gen 5 for Galaxy,0.7777777777777777,0.9999999999999998,0.4545454545454545,1.0,0.3819700469641573,0.004468275245755138,0.13799096280848105,Standard,0.06590909090909092,0.19999999999999996,0.9999999999999999,0.12727272727272726,1.0,Android v16
vivo,Vivo Y51 Pro,Mid-Range,0.04123787864104694,0.52,0.6428589813767795,Average Value,1,0,1,mediatek,Dimensity 7360 Turbo,0.7777777777777777,0.3488372093023256,0.2727272727272727,0.24853228962818003,0.5502455292263917,0.0030384271671134943,0.2719689070054033,Standard,0.0625,0.19999999999999996,0.21874999999999997,0.054545454545454536,0.3333333333333333,Android v16
oppo,OPPO Reno 14 Pro 5G,Premium,0.08350670424812007,0.8266666666666667,0.8822044026774358,Value King,1,1,1,mediatek,Dimensity 8450,0.7777777777777777,0.566860465116279,0.4545454545454545,0.49902152641878667,0.4737566736526488,0.0062555853440571935,0.12825860271115747,Standard,0.06431818181818183,0.19999999999999996,0.21874999999999997,0.8181818181818181,0.6666666666666667,Android v15
apple,Apple iPhone 17 Pro,Flagship,0.2678420836675319,0.6799999999999999,0.5176625889582857,Overpriced,1,1,0,apple,Apple A19 Pro,0.5555555555555556,0.3488372093023256,0.4545454545454545,0.49902152641878667,0.30456332512352946,0.003127792672028597,0.18665276329509906,Slow Charging,0.052272727272727276,0.19999999999999996,0.20833333333333334,0.23636363636363636,0.6666666666666667,iOS v26
vivo,Vivo Y37c,Budget,0.0061856817961570415,0.2933333333333334,0.5224599914843637,Overpriced,1,0,0,unisoc,Unisoc T7225,0.7777777777777777,0.3488372093023256,0.1818181818181818,0.24853228962818003,0.42021447475102874,0.0004468275245755139,0.610705596107056,Slow Charging,0.05818181818181817,0.0,0.026041666666666664,0.0,0.3333333333333333,Android v14
samsung,Samsung Galaxy M17 5G,Budget,0.018557045388471125,0.4133333333333334,0.7361936243643306,Average Value,1,1,0,samsung,Exynos 1330,0.7777777777777777,0.3197674418604651,0.09090909090909091,0.24853228962818003,0.3819700469641573,0.0013404825737265416,0.33263816475495306,Standard,0.06136363636363637,0.0,0.21874999999999997,0.14545454545454545,0.6666666666666667,Android v15
nothing,Nothing Phone 3a Lite,Mid-Range,0.034784150633723095,0.5333333333333334,0.6666683826183276,Average Value,1,1,0,mediatek,Dimensity 7300 Pro,0.7777777777777777,0.3488372093023256,0.2727272727272727,0.24853228962818003,0.3819700469641573,0.002055406613047364,0.25174582108888677,Standard,0.06295454545454546,0.19999999999999996,0.21874999999999997,0.19999999999999998,0.6666666666666667,Android v15
vivo,Vivo V70 Elite,Premium,0.09690901480646032,0.8,0.8394542644355857,Value King,1,1,1,qualcomm,Snapdragon 8s Gen3,0.7777777777777777,0.49418604651162784,0.2727272727272727,0.49902152641878667,0.49670333032477165,0.0071492403932082215,0.11945313405167421,Standard,0.05886363636363637,0.19999999999999996,0.21874999999999997,0.8181818181818181,0.6666666666666667,Android v16
vivo,Vivo T4 Lite 5G,Budget,0.018557045388471125,0.38666666666666666,0.6886972615021157,Average Value,1,0,0,mediatek,Dimensity 6300,0.7777777777777777,0.3197674418604651,0.09090909090909091,0.24853228962818003,0.4584589025379002,0.0004468275245755139,0.6663190823774765,Slow Charging,0.062272727272727285,0.0,0.21874999999999997,0.0,0.3333333333333333,Android v15
poco,Poco F7 5G,Premium,0.06371252250041753,0.7066666666666668,0.6898287805891102,Average Value,1,1,1,qualcomm,Snapdragon 8s Gen4,0.7777777777777777,0.5523255813953487,0.4545454545454545,0.49902152641878667,0.5770166286772017,0.0071492403932082215,0.1389178542463214,Standard,0.06431818181818183,0.19999999999999996,0.21874999999999997,0.2727272727272727,0.3333333333333333,Android v15
apple,Apple iPhone 13,Premium,0.08390052598914206,0.4266666666666667,0.2409523290496836,Overpriced,1,1,0,apple,Bionic A15,0.5555555555555556,0.5581395348837208,0.09090909090909091,0.24853228962818003,0.24734966115436982,0.003127792672028597,0.18665276329509906,Slow Charging,0.04772727272727273,0.19999999999999996,0.020833333333333336,0.12727272727272726,0.3333333333333333,iOS v15
oneplus,OnePlus Turbo 6V,Mid-Range,0.04121932159565848,0.6400000000000001,0.8571435925507119,Value King,1,1,1,qualcomm,Snapdragon 7s Gen 4,0.7777777777777777,0.4069767441860465,0.2727272727272727,0.49902152641878667,0.6879254692591289,0.0062555853440571935,0.18665276329509906,Standard,0.0631818181818182,0.36,0.21874999999999997,0.19999999999999998,0.3333333333333333,Android v16
infinix,Infinix Note 60,Mid-Range,0.030909851935396734,0.6266666666666667,0.8333341913091639,Value King,1,1,1,mediatek,Dimensity 7400,0.7777777777777777,0.377906976744186,0.2727272727272727,0.24853228962818003,0.49670333032477165,0.003127792672028597,0.2399490209709188,Standard,0.0631818181818182,0.36,0.21874999999999997,0.14545454545454545,0.3333333333333333,Android v16
vivo,Vivo Y31 5G,Mid-Range,0.02886651504873286,0.4533333333333333,0.5238119751690393,Overpriced,1,0,0,qualcomm,Snapdragon 4 Gen2,0.7777777777777777,0.26162790697674415,0.09090909090909091,0.24853228962818003,0.49670333032477165,0.0030384271671134943,0.24542610673997534,Standard,0.06090909090909091,0.19999999999999996,0.21874999999999997,0.054545454545454536,0.0,Android v15
oppo,Oppo Find N6,Flagship,0.2577181844611549,0.9866666666666668,0.8934156344882411,Value King,1,1,1,qualcomm,Snapdragon 8 Elite Gen 5,0.7777777777777777,0.959302325581395,0.4545454545454545,0.49902152641878667,0.4584589025379002,0.0062555853440571935,0.1240875912408759,Standard,0.09363636363636363,0.19999999999999996,0.9999999999999999,0.2727272727272727,0.6666666666666667,Android v15
realme,Realme 16 5G (12GB RAM + 256GB),Premium,0.06598060582567511,0.6400000000000001,0.5829534349844848,Average Value,1,0,0,mediatek,Dimensity 6400 Turbo,0.7777777777777777,0.3488372093023256,0.4545454545454545,0.49902152641878667,0.5349477581116431,0.004468275245755138,0.19360444907890167,Standard,0.05840909090909091,0.19999999999999996,0.21874999999999997,0.8181818181818181,0.3333333333333333,Android v16
realme,Realme P3 Ultra,Mid-Range,0.04329977257309929,0.5866666666666667,0.7619059875845198,Average Value,1,0,1,mediatek,Dimensity 8350 Ultra,0.7777777777777777,0.5959302325581395,0.2727272727272727,0.24853228962818003,0.4584589025379002,0.0062555853440571935,0.1240875912408759,Standard,0.06431818181818183,0.19999999999999996,0.21874999999999997,0.19999999999999998,0.3333333333333333,Android v15
realme,Realme GT 6 5G (16GB RAM + 512GB),Premium,0.05773303009746572,0.7200000000000002,0.7112038497100353,Average Value,1,1,1,qualcomm,Snapdragon 8s Gen3,0.7777777777777777,0.49418604651162784,0.6363636363636364,1.0,0.42021447475102874,0.009830205540661306,0.07542579075425791,Super Fast,0.0631818181818182,0.19999999999999996,0.21874999999999997,0.49090909090909085,0.6666666666666667,Android v14
infinix,Infinix Note 50 Pro 5G,Mid-Range,0.03915742766360613,0.6400000000000001,0.8571435925507119,Value King,1,1,1,mediatek,Dimensity 7200,0.7777777777777777,0.4360465116279069,0.2727272727272727,0.49902152641878667,0.3819700469641573,0.004915102770330652,0.12729606160263093,Standard,0.0631818181818182,0.36,0.21874999999999997,0.8181818181818181,0.6666666666666667,Android v15
realme,Realme P4 Power 5G (8GB RAM + 256GB),Mid-Range,0.04732046574060137,0.6799999999999999,0.9285717962753559,Value King,1,0,1,mediatek,Dimensity 7400 Ultra,0.7777777777777777,0.377906976744186,0.2727272727272727,0.49902152641878667,0.7644908136884456,0.0062555853440571935,0.2075286757038582,Standard,0.06363636363636363,0.36,0.21874999999999997,0.19999999999999998,0.3333333333333333,Android v16
vivo,Vivo Y05,Budget,0.010309469660261736,0.2933333333333334,0.5224599914843637,Overpriced,0,0,1,unisoc,Unisoc T7225,0.7777777777777777,0.20348837209302323,0.09090909090909091,0.1232876712328767,0.49670333032477165,0.003127792672028597,0.18665276329509906,Slow Charging,0.062272727272727285,0.0,0.0,0.0,0.0,Android v16
vivo,Vivo V70 5G (12GB RAM + 256GB),Premium,0.08551911272580316,0.8133333333333335,0.8608293335565108,Value King,1,1,1,qualcomm,Snapdragon 7 Gen4,0.7777777777777777,0.4360465116279069,0.4545454545454545,0.49902152641878667,0.49670333032477165,0.0071492403932082215,0.11945313405167421,Standard,0.05886363636363637,0.19999999999999996,0.21874999999999997,0.8181818181818181,0.6666666666666667,Android v16
realme,Realme P4 5G (8GB RAM + 256GB),Mid-Range,0.03711409077694225,0.5866666666666667,0.7619059875845198,Average Value,1,0,1,mediatek,Dimensity 7400 Ultra,0.7777777777777777,0.377906976744186,0.2727272727272727,0.49902152641878667,0.5349477581116431,0.0062555853440571935,0.14494264859228362,Standard,0.06295454545454546,0.36,0.21874999999999997,0.19999999999999998,0.3333333333333333,Android v15
motorola,Motorola Edge 50 Fusion,Mid-Range,0.032681018823029706,0.5866666666666667,0.7619059875845198,Average Value,1,1,0,qualcomm,Snapdragon 7s Gen2,0.7777777777777777,0.3197674418604651,0.2727272727272727,0.24853228962818003,0.3819700469641573,0.00518319928507596,0.12163405508188677,Standard,0.06068181818181817,0.36,0.21874999999999997,0.49090909090909085,0.3333333333333333,Android v14
vivo,Vivo V50 5G,Mid-Range,0.05154734830130868,0.6000000000000001,0.7857153888260677,Average Value,1,0,0,qualcomm,Snapdragon 7 Gen3,0.7777777777777777,0.38662790697674415,0.2727272727272727,0.24853228962818003,0.4584589025379002,0.0071492403932082215,0.11018421967327077,Super Fast,0.06295454545454546,0.19999999999999996,0.21874999999999997,0.8181818181818181,0.3333333333333333,Android v15
xiaomi,Xiaomi Redmi Note 14 Pro 5G,Mid-Range,0.0350521968448899,0.52,0.6428589813767795,Average Value,1,0,1,mediatek,Dimensity 7300 Ultra,0.7777777777777777,0.3488372093023256,0.2727272727272727,0.24853228962818003,0.42021447475102874,0.003127792672028597,0.20287336345730508,Standard,0.06068181818181817,0.19999999999999996,0.21874999999999997,0.2727272727272727,0.6666666666666667,Android v14
oppo,OPPO A6x 5G,Mid-Range,0.024742727184628166,0.36000000000000004,0.357146166478203,Overpriced,1,0,0,mediatek,Dimensity 6300,0.7777777777777777,0.3197674418604651,0.09090909090909091,0.1232876712328767,0.49670333032477165,0.003127792672028597,0.2399490209709188,Standard,0.0625,0.19999999999999996,0.026041666666666664,0.0,0.0,Android v15
apple,Apple iPhone 18 Pro Max,Flagship,0.3606273106098876,0.7200000000000002,0.5666738557665407,Average Value,1,1,0,samsung,A20 Pro,0.7777777777777777,0.3488372093023256,0.4545454545454545,0.49902152641878667,0.3972678180789059,0.003127792672028597,0.19175066620322095,Standard,0.06590909090909092,0.5,0.9999999999999999,0.49090909090909085,1.0,iOS v27
redmagic,RedMagic 11 Pro Plus,Flagship,0.1340045485380141,0.76,0.6156851225747958,Average Value,1,1,1,qualcomm,Snapdragon 8 Elite Gen 5,0.7777777777777777,0.959302325581395,0.4545454545454545,0.49902152641878667,0.5731921858985146,0.009830205540661306,0.1032325338894682,Super Fast,0.06477272727272726,0.36,0.21874999999999997,0.19999999999999998,0.6666666666666667,Android v16
infinix,Infinix Note 50X 5G,Budget,0.01752609842244495,0.4266666666666667,0.759941805795438,Average Value,1,0,1,mediatek,Dimensity 7300 Ultimate,0.7777777777777777,0.3488372093023256,0.1818181818181818,0.24853228962818003,0.42021447475102874,0.003127792672028597,0.20287336345730508,Standard,0.06068181818181817,0.19999999999999996,0.21874999999999997,0.054545454545454536,0.3333333333333333,Android v15
vivo,Vivo X400,Flagship,0.15462348785853758,0.8133333333333335,0.6810334783191359,Average Value,1,1,1,unknown,Octa Core Processor,0.7777777777777777,0.3488372093023256,0.4545454545454545,0.49902152641878667,0.5349477581116431,0.00804289544235925,0.11574556830031282,Standard,0.05568181818181819,0.19999999999999996,0.9999999999999999,0.8181818181818181,0.6666666666666667,Android v17
honor,Honor 600 Lite 5G,Premium,0.053609242233361026,0.5733333333333333,0.4760780893798594,Overpriced,1,1,0,mediatek,Dimensity 7100,0.7777777777777777,0.3197674418604651,0.2727272727272727,0.49902152641878667,0.4982331074362465,0.003127792672028597,0.24069053412119104,Standard,0.05909090909090908,0.19999999999999996,0.5208333333333334,0.19999999999999998,0.3333333333333333,Android v16
xiaomi,Xiaomi Redmi 15C 5G,Budget,0.02061893932052347,0.4266666666666667,0.759941805795438,Average Value,1,0,0,mediatek,Dimensity 6300,0.7777777777777777,0.3197674418604651,0.09090909090909091,0.24853228962818003,0.4584589025379002,0.002055406613047364,0.3023035358801782,Standard,0.06590909090909092,0.19999999999999996,0.21874999999999997,0.054545454545454536,0.3333333333333333,Android v15
xiaomi,Xiaomi Redmi Note 16,Mid-Range,0.028847958003344387,0.6000000000000001,0.7857153888260677,Average Value,0,0,1,mediatek,Dimensity 6300,0.7777777777777777,0.3197674418604651,0.2727272727272727,0.24853228962818003,0.7644143248328719,0.00804289544235925,0.16579770594369134,Standard,0.06409090909090909,0.19999999999999996,0.9999999999999999,0.49090909090909085,0.6666666666666667,Android v16
infinix,Infinix Hot 50 5G,Budget,0.010309469660261736,0.39999999999999997,0.7124454429332232,Average Value,1,0,0,mediatek,Dimensity 6300,0.7777777777777777,0.3197674418604651,0.09090909090909091,0.24853228962818003,0.3819700469641573,0.0007149240393208221,0.46240296605260106,Slow Charging,0.06136363636363637,0.19999999999999996,0.20833333333333334,0.054545454545454536,0.3333333333333333,Android v14
iqoo,iQOO Z10x,Mid-Range,0.024740665290696115,0.4533333333333333,0.5238119751690393,Overpriced,1,0,1,mediatek,Dimensity 7300,0.7777777777777777,0.3488372093023256,0.1818181818181818,0.24853228962818003,0.49670333032477165,0.0030384271671134943,0.24542610673997534,Standard,0.06181818181818183,0.19999999999999996,0.21874999999999997,0.054545454545454536,0.3333333333333333,Android v15
xiaomi,Xiaomi 17 Ultra,Flagship,0.27835568082706685,0.9466666666666668,0.8444043676799861,Value King,1,1,1,qualcomm,Snapdragon 8 Elite Gen 5,0.7777777777777777,0.959302325581395,0.6363636363636364,1.0,0.4584589025379002,0.0071492403932082215,0.11018421967327077,Super Fast,0.06590909090909092,0.19999999999999996,0.9999999999999999,0.8181818181818181,0.6666666666666667,Android v16
samsung,Samsung Galaxy S24 5G (Snapdragon +256GB),Premium,0.1051565905346697,0.6533333333333333,0.60432850410541,Average Value,1,1,0,qualcomm,Snapdragon 8 Gen3,0.7777777777777777,0.5813953488372092,0.2727272727272727,0.49902152641878667,0.3054811913904144,0.0013404825737265416,0.2659019812304484,Standard,0.05000000000000002,0.19999999999999996,0.21874999999999997,0.12727272727272726,0.6666666666666667,Android v15
oppo,Oppo F31 Pro Plus 5G,Premium,0.05773303009746572,0.6266666666666667,0.5615783658635598,Average Value,1,0,0,qualcomm,Snapdragon 7 Gen3,0.7777777777777777,0.38662790697674415,0.2727272727272727,0.49902152641878667,0.5349477581116431,0.0062555853440571935,0.14494264859228362,Standard,0.06363636363636363,0.19999999999999996,0.21874999999999997,0.49090909090909085,0.3333333333333333,Android v15
poco,Poco C85x,Budget,0.012371363592314083,0.39999999999999997,0.7124454429332232,Average Value,1,0,0,unisoc,Unisoc T8300,0.7777777777777777,0.26162790697674415,0.09090909090909091,0.1232876712328767,0.4814055592100231,0.0004468275245755139,0.6996871741397289,Slow Charging,0.06590909090909092,0.19999999999999996,0.125,0.054545454545454536,0.0,Android v16
lava,Lava Yuva Smart,Budget,0.00020618939320523472,0.21333333333333332,0.3799709028977191,Overpriced,0,0,0,unisoc,Unisoc SC9863A,0.7777777777777777,0.08720930232558138,0.04545454545454544,0.1232876712328767,0.3819700469641573,0.0,0.8331595411887383,Slow Charging,0.0625,0.19999999999999996,0.026041666666666664,0.0,0.3333333333333333,Android v14
red,Red Magic 11 Pro,Flagship,0.11544750314954297,0.8400000000000001,0.7137076561913059,Average Value,1,1,1,qualcomm,Snapdragon 8 Elite Gen 5,0.7777777777777777,0.959302325581395,0.4545454545454545,0.49902152641878667,0.611436613685386,0.0062555853440571935,0.16579770594369134,Standard,0.06477272727272726,0.36,0.21874999999999997,0.19999999999999998,0.6666666666666667,Android v16
oneplus,OnePlus Nord 5 (12GB RAM + 512GB),Premium,0.07216628762183215,0.7466666666666668,0.7539539879518854,Average Value,1,1,1,qualcomm,Snapdragon 8s Gen3,0.7777777777777777,0.49418604651162784,0.4545454545454545,1.0,0.5196499869968946,0.0062555853440571935,0.14077163712200208,Standard,0.06431818181818183,0.36,0.21874999999999997,0.8181818181818181,0.3333333333333333,Android v15
oppo,Oppo F31 Pro 5G,Mid-Range,0.047423560437203985,0.5733333333333333,0.7380965863429717,Average Value,1,0,0,mediatek,Dimensity 7300 Energy,0.7777777777777777,0.3488372093023256,0.2727272727272727,0.24853228962818003,0.5349477581116431,0.0062555853440571935,0.14494264859228362,Standard,0.05840909090909091,0.19999999999999996,0.21874999999999997,0.49090909090909085,0.3333333333333333,Android v15
motorola,Motorola Razr 60 Ultra,Flagship,0.15464204490392605,1.0,0.9097527234243261,Value King,1,1,0,qualcomm,Snapdragon 8 Elite,0.7777777777777777,0.877906976744186,0.6363636363636364,1.0,0.35902339029203445,0.00518319928507596,0.11427344660491935,Super Fast,0.06727272727272726,0.5,0.21874999999999997,0.8181818181818181,0.3333333333333333,Android v15
xiaomi,Xiaomi Redmi Note 14,Mid-Range,0.023711780218601992,0.52,0.6428589813767795,Average Value,1,0,1,mediatek,Dimensity 7025 Ultra,0.7777777777777777,0.3488372093023256,0.1818181818181818,0.24853228962818003,0.39038382107726904,0.003127792672028597,0.1884138570269957,Standard,0.06068181818181817,0.19999999999999996,0.21874999999999997,0.2727272727272727,0.6666666666666667,Android v14
realme,Realme P5 5G,Mid-Range,0.030909851935396734,0.5333333333333334,0.6666683826183276,Average Value,1,0,1,unknown,Octa Core Processor,0.7777777777777777,0.3488372093023256,0.1818181818181818,0.24853228962818003,0.5731921858985146,0.00804289544235925,0.1240875912408759,Standard,0.06295454545454546,0.36,0.21874999999999997,0.19999999999999998,0.3333333333333333,Android v16
realme,Realme 14 Pro Plus (8GB RAM + 256GB),Mid-Range,0.04329977257309929,0.5866666666666667,0.7619059875845198,Average Value,1,0,0,qualcomm,Snapdragon 7s Gen3,0.7777777777777777,0.3488372093023256,0.2727272727272727,0.49902152641878667,0.4584589025379002,0.0062555853440571935,0.1240875912408759,Standard,0.06431818181818183,0.19999999999999996,0.21874999999999997,0.49090909090909085,0.6666666666666667,Android v15
poco,Poco X7 Pro (12GB RAM + 256GB),Mid-Range,0.04329977257309929,0.6400000000000001,0.8571435925507119,Value King,1,1,1,mediatek,Dimensity 8400 Ultra,0.7777777777777777,0.566860465116279,0.4545454545454545,0.49902152641878667,0.5005277731034588,0.0071492403932082215,0.12038002548951453,Standard,0.06068181818181817,0.19999999999999996,0.21874999999999997,0.2727272727272727,0.3333333333333333,Android v15
vivo,Vivo Y400 5G,Mid-Range,0.04329977257309929,0.5466666666666666,0.6904777838598756,Average Value,1,0,0,qualcomm,Snapdragon 4 Gen2,0.7777777777777777,0.26162790697674415,0.2727272727272727,0.24853228962818003,0.4584589025379002,0.0071492403932082215,0.11018421967327077,Super Fast,0.06068181818181817,0.19999999999999996,0.21874999999999997,0.49090909090909085,0.3333333333333333,Android v15
google,Google Pixel 10 Pro,Flagship,0.21649886286549647,0.7733333333333334,0.6320222115108808,Average Value,1,1,0,google,Tensor G5,0.7777777777777777,0.7209302325581393,0.6363636363636364,0.49902152641878667,0.37202649573957075,0.0017873100983020556,0.2697949252693778,Standard,0.052272727272727276,0.19999999999999996,0.21874999999999997,0.6727272727272726,0.6666666666666667,Android v16
oneplus,OnePlus Nord CE 4 5G (8GB RAM + 256GB),Mid-Range,0.0350521968448899,0.5733333333333333,0.7380965863429717,Average Value,1,0,1,qualcomm,Snapdragon 7 Gen3,0.7777777777777777,0.38662790697674415,0.2727272727272727,0.49902152641878667,0.42021447475102874,0.00804289544235925,0.09071949947862357,Super Fast,0.06136363636363637,0.19999999999999996,0.21874999999999997,0.19999999999999998,0.3333333333333333,Android v14
samsung,Samsung Galaxy F17 5G,Budget,0.019794181747702533,0.4533333333333333,0.8074381686576529,Average Value,1,1,0,samsung,Exynos 1330,0.7777777777777777,0.3197674418604651,0.09090909090909091,0.24853228962818003,0.3819700469641573,0.0013404825737265416,0.33263816475495306,Standard,0.06136363636363637,0.0,0.21874999999999997,0.14545454545454545,0.6666666666666667,Android v15
realme,Realme Narzo 80 Pro 5G,Mid-Range,0.030928408980785208,0.5333333333333334,0.6666683826183276,Average Value,1,0,0,mediatek,Dimensity 7400,0.7777777777777777,0.377906976744186,0.2727272727272727,0.24853228962818003,0.4584589025379002,0.0062555853440571935,0.1240875912408759,Standard,0.06181818181818183,0.19999999999999996,0.21874999999999997,0.19999999999999998,0.3333333333333333,Android v15
poco,Poco M7 5G,Budget,0.016455975471709784,0.39999999999999997,0.7124454429332232,Average Value,1,0,0,qualcomm,Snapdragon 4 Gen2,0.7777777777777777,0.26162790697674415,0.1818181818181818,0.24853228962818003,0.39420826385595614,0.0007149240393208221,0.4772332290580466,Slow Charging,0.06545454545454546,0.19999999999999996,0.21874999999999997,0.054545454545454536,0.0,Android v14
vivo,Vivo X300 FE,Flagship,0.1340045485380141,0.8133333333333335,0.6810334783191359,Average Value,1,1,1,qualcomm,Snapdragon 8 Gen5,0.7777777777777777,0.7267441860465114,0.4545454545454545,0.49902152641878667,0.49670333032477165,0.0071492403932082215,0.11945313405167421,Standard,0.05249999999999999,0.19999999999999996,0.21874999999999997,0.8181818181818181,0.6666666666666667,Android v16
vivo,Vivo Y500 5G,Mid-Range,0.02678606407129204,0.5466666666666666,0.6904777838598756,Average Value,1,1,0,mediatek,Dimensity 7300,0.7777777777777777,0.3488372093023256,0.2727272727272727,0.24853228962818003,0.6267343848001345,0.0071492403932082215,0.15096744293824585,Standard,0.06295454545454546,0.19999999999999996,0.21874999999999997,0.054545454545454536,0.3333333333333333,Android v15
nothing,Nothing Phone 3a Pro,Mid-Range,0.047423560437203985,0.5733333333333333,0.7380965863429717,Average Value,1,1,0,qualcomm,Snapdragon 7s Gen 3,0.7777777777777777,0.3488372093023256,0.2727272727272727,0.24853228962818003,0.3819700469641573,0.0035746201966041107,0.16579770594369134,Standard,0.06295454545454546,0.19999999999999996,0.21874999999999997,0.8181818181818181,0.6666666666666667,Android v15
oppo,Oppo Find X9 Pro 5G,Flagship,0.21649886286549647,0.9866666666666668,0.8934156344882411,Value King,1,1,1,mediatek,Dimensity 9500,0.7777777777777777,0.8459302325581393,0.6363636363636364,1.0,0.5731921858985146,0.0062555853440571935,0.1553701772679875,Standard,0.0631818181818182,0.19999999999999996,0.9999999999999999,0.8181818181818181,0.6666666666666667,Android v16
samsung,Samsung Galaxy M15 5G Prime Edition (6GB RAM +128GB),Budget,0.016495151456418777,0.4266666666666667,0.759941805795438,Average Value,1,0,0,mediatek,Dimensity 6100 Plus,0.7777777777777777,0.26162790697674415,0.1818181818181818,0.24853228962818003,0.4584589025379002,0.0013404825737265416,0.3993743482794578,Slow Charging,0.05681818181818182,0.0,0.21874999999999997,0.14545454545454545,0.6666666666666667,Android v14
motorola,Motorola Moto G85 5G (12GB RAM + 256GB),Mid-Range,0.029260336789754857,0.5333333333333334,0.6666683826183276,Average Value,1,0,0,qualcomm,Snapdragon 6s Gen3,0.7777777777777777,0.29069767441860456,0.4545454545454545,0.49902152641878667,0.3819700469641573,0.002055406613047364,0.25174582108888677,Standard,0.06068181818181817,0.19999999999999996,0.21874999999999997,0.49090909090909085,0.3333333333333333,Android v14
ai+,Ai+ Nova 2,Budget,0.012371363592314083,0.39999999999999997,0.7124454429332232,Average Value,1,0,0,unisoc,Unisoc T8200,0.7777777777777777,0.3488372093023256,0.1818181818181818,0.24853228962818003,0.3819700469641573,0.0007149240393208221,0.46240296605260106,Slow Charging,0.0625,0.19999999999999996,0.21874999999999997,0.054545454545454536,0.3333333333333333,Android v15
motorola,Motorola Edge 60 Pro (16GB RAM + 512GB),Premium,0.06804249975772746,0.7733333333333334,0.7967041261937355,Average Value,1,1,0,mediatek,Dimensity 8350 Extreme,0.7777777777777777,0.5959302325581395,0.6363636363636364,1.0,0.4584589025379002,0.0071492403932082215,0.11018421967327077,Super Fast,0.06136363636363637,0.19999999999999996,0.21874999999999997,0.8181818181818181,0.6666666666666667,Android v15
iqoo,iQOO Z10R,Mid-Range,0.0371120288830102,0.5733333333333333,0.7380965863429717,Average Value,1,0,0,mediatek,Dimensity 7400,0.7777777777777777,0.377906976744186,0.2727272727272727,0.24853228962818003,0.43551224586577736,0.0030384271671134943,0.21509147786520047,Standard,0.06295454545454546,0.19999999999999996,0.21874999999999997,0.49090909090909085,0.3333333333333333,Android v15
samsung,Samsung Galaxy S27 Ultra 5G,Flagship,0.2989560631022019,0.8666666666666667,0.7463818340634759,Average Value,1,1,0,qualcomm,Snapdragon 8 Elite Gen 6 for Galaxy,0.7777777777777777,0.3488372093023256,0.4545454545454545,0.49902152641878667,0.3819700469641573,0.003127792672028597,0.18665276329509906,Slow Charging,0.06590909090909092,0.36,0.9999999999999999,0.12727272727272726,1.0,Android v17
tecno,Tecno Spark 50 5G,Mid-Range,0.024742727184628166,0.4133333333333334,0.45238377144439523,Overpriced,1,0,1,mediatek,Dimensity 6400,0.7777777777777777,0.3488372093023256,0.09090909090909091,0.24853228962818003,0.49670333032477165,0.003127792672028597,0.2399490209709188,Standard,0.0631818181818182,0.19999999999999996,0.21874999999999997,0.054545454545454536,0.0,Android v16
oppo,Oppo Reno 15c,Premium,0.061856817961570415,0.6000000000000001,0.5188282276217095,Overpriced,1,0,1,qualcomm,Snapdragon 6 Gen1,0.7777777777777777,0.26162790697674415,0.2727272727272727,0.49902152641878667,0.5349477581116431,0.0062555853440571935,0.14494264859228362,Standard,0.05840909090909091,0.19999999999999996,0.21874999999999997,0.8181818181818181,0.6666666666666667,Android v16
iqoo,iQOO 15R (12GB RAM + 256GB),Premium,0.08865937718431888,0.8400000000000001,0.903579471798361,Value King,1,1,1,qualcomm,Snapdragon 8 Gen5,0.7777777777777777,0.7267441860465114,0.4545454545454545,0.49902152641878667,0.5808410714558888,0.00804289544235925,0.12575599582898853,Standard,0.05886363636363637,0.36,0.21874999999999997,0.49090909090909085,0.3333333333333333,Android v16
lava,Lava Bold N1 5G,Budget,0.005154734830130868,0.2933333333333334,0.5224599914843637,Overpriced,1,0,0,unisoc,Unisoc T765,0.7777777777777777,0.29069767441860456,0.09090909090909091,0.1232876712328767,0.3819700469641573,0.0,0.8331595411887383,Slow Charging,0.0625,0.19999999999999996,0.026041666666666664,0.0,0.0,Android v15
motorola,Motorola Moto G85 5G,Mid-Range,0.02268083325257582,0.5066666666666666,0.6190495801352315,Average Value,1,0,0,qualcomm,Snapdragon 6s Gen3,0.7777777777777777,0.29069767441860456,0.2727272727272727,0.24853228962818003,0.3819700469641573,0.002055406613047364,0.25174582108888677,Standard,0.06068181818181817,0.19999999999999996,0.21874999999999997,0.49090909090909085,0.3333333333333333,Android v14
samsung,Samsung Galaxy S25 Plus,Flagship,0.14330162827763815,0.7466666666666668,0.5993480336387107,Average Value,1,1,0,qualcomm,Snapdragon 8Elite,0.7777777777777777,0.9215116279069764,0.4545454545454545,0.49902152641878667,0.374321161406783,0.003127792672028597,0.18062796894913682,Standard,0.06136363636363637,0.19999999999999996,0.21874999999999997,0.12727272727272726,0.6666666666666667,Android v15
realme,Realme 16 Pro Plus 5G,Premium,0.08041386335004154,0.76,0.7753290570728105,Average Value,1,1,1,qualcomm,Snapdragon 7 Gen4,0.7777777777777777,0.4360465116279069,0.2727272727272727,0.24853228962818003,0.5349477581116431,0.0062555853440571935,0.14494264859228362,Standard,0.06363636363636363,0.36,0.9999999999999999,0.8181818181818181,0.6666666666666667,Android v16
realme,Realme GT 7 (12GB RAM + 256GB),Premium,0.0701043936897798,0.8133333333333335,0.8608293335565108,Value King,1,1,1,mediatek,Dimensity 9400e,0.7777777777777777,0.6104651162790697,0.4545454545454545,0.49902152641878667,0.5349477581116431,0.009830205540661306,0.09628084810566563,Super Fast,0.0631818181818182,0.19999999999999996,0.21874999999999997,0.49090909090909085,0.6666666666666667,Android v15
motorola,Motorola Edge 60 Pro (12GB RAM + 256GB),Premium,0.05866088236688928,0.7466666666666668,0.7539539879518854,Average Value,1,1,0,mediatek,Dimensity 8350 Extreme,0.7777777777777777,0.5959302325581395,0.4545454545454545,0.49902152641878667,0.4584589025379002,0.0071492403932082215,0.11018421967327077,Super Fast,0.06136363636363637,0.19999999999999996,0.21874999999999997,0.8181818181818181,0.6666666666666667,Android v15
vivo,Vivo Y11 5G (4GB RAM + 128GB),Mid-Range,0.024742727184628166,0.36000000000000004,0.357146166478203,Overpriced,1,0,1,mediatek,Dimensity 6300,0.7777777777777777,0.3197674418604651,0.09090909090909091,0.24853228962818003,0.49670333032477165,0.0004468275245755139,0.7219325686478971,Slow Charging,0.062272727272727285,0.19999999999999996,0.026041666666666664,0.0,0.3333333333333333,Android v16
samsung,Samsung Galaxy A56 5G,Premium,0.0742281815538845,0.5733333333333333,0.4760780893798594,Overpriced,1,1,0,samsung,Exynos 1580,0.7777777777777777,0.4651162790697673,0.2727272727272727,0.24853228962818003,0.3819700469641573,0.003127792672028597,0.1843355347004982,Standard,0.06136363636363637,0.19999999999999996,0.21874999999999997,0.12727272727272726,0.6666666666666667,Android v15
oneplus,OnePlus 15R (12GB RAM + 512GB),Premium,0.10412564356864354,0.8133333333333335,0.8608293335565108,Value King,1,1,1,qualcomm,Snapdragon 8 Gen5,0.7777777777777777,0.7383720930232556,0.4545454545454545,1.0,0.5655433003411403,0.0062555853440571935,0.15328467153284672,Standard,0.06431818181818183,0.5,0.21874999999999997,0.49090909090909085,0.3333333333333333,Android v16
tecno,Tecno Pova 7 Pro 5G (8GB RAM + 256GB),Mid-Range,0.029485083228348564,0.5866666666666667,0.7619059875845198,Average Value,1,1,1,mediatek,Dimensity 7300 Ultimate,0.7777777777777777,0.3488372093023256,0.2727272727272727,0.49902152641878667,0.4584589025379002,0.003127792672028597,0.22141119221411193,Standard,0.0631818181818182,0.36,0.29166666666666663,0.14545454545454545,0.3333333333333333,Android v15
acer,Acer Super ZX,Budget,0.010290912614873266,0.38666666666666666,0.6886972615021157,Average Value,1,0,0,mediatek,Dimensity 6300,0.7777777777777777,0.3197674418604651,0.09090909090909091,0.24853228962818003,0.3819700469641573,0.002055406613047364,0.25174582108888677,Standard,0.06363636363636363,0.19999999999999996,0.29166666666666663,0.14545454545454545,0.6666666666666667,Android v15
lava,Lava Bold 2 5G,Budget,0.018557045388471125,0.46666666666666673,0.8311863500887604,Value King,1,0,0,mediatek,Dimensity 7060,0.7777777777777777,0.377906976744186,0.1818181818181818,0.24853228962818003,0.3819700469641573,0.002055406613047364,0.25174582108888677,Standard,0.06068181818181817,0.19999999999999996,0.21874999999999997,0.054545454545454536,0.3333333333333333,Android v15
samsung,Samsung Galaxy Z Tri Fold,Flagship,0.4432886383458662,0.9333333333333333,0.828067278743901,Value King,1,1,1,qualcomm,Snapdragon 8 Elite,0.7777777777777777,0.877906976744186,0.6363636363636364,1.0,0.42786336030840305,0.003127792672028597,0.20658092920866644,Standard,0.13636363636363638,0.19999999999999996,0.21874999999999997,0.19999999999999998,0.3333333333333333,Android v16
samsung,Samsung Galaxy M36 5G,Mid-Range,0.024010754838749586,0.46666666666666673,0.5476213764105873,Average Value,1,0,0,samsung,Exynos 1380,0.7777777777777777,0.3197674418604651,0.1818181818181818,0.24853228962818003,0.3819700469641573,0.0013404825737265416,0.33263816475495306,Standard,0.06136363636363637,0.19999999999999996,0.21874999999999997,0.14545454545454545,0.6666666666666667,Android v15
tecno,Tecno Camon 50 Pro 5G,Premium,0.06183826091618194,0.5866666666666667,0.49745315850078453,Overpriced,1,1,1,mediatek,Dimensity 7400,0.7777777777777777,0.377906976744186,0.2727272727272727,0.49902152641878667,0.49670333032477165,0.003127792672028597,0.18665276329509906,Slow Charging,0.0631818181818182,0.36,0.21874999999999997,0.8181818181818181,0.6666666666666667,Android v16
google,Google Pixel 10 5G,Flagship,0.13402310558340258,0.6933333333333334,0.5339996778943706,Overpriced,1,1,0,google,Tensor G5,0.7777777777777777,0.7209302325581393,0.4545454545454545,0.49902152641878667,0.379675381296945,0.0017873100983020556,0.27535627389641987,Standard,0.052272727272727276,0.19999999999999996,0.20833333333333334,0.09999999999999998,0.6666666666666667,Android v16
infinix,Infinix Note 50 Pro Plus 5G,Premium,0.0556525791200249,0.7466666666666668,0.7539539879518854,Average Value,1,1,1,mediatek,Dimensity 8350,0.7777777777777777,0.5959302325581395,0.4545454545454545,0.49902152641878667,0.3972678180789059,0.00804289544235925,0.08571428571428572,Super Fast,0.0631818181818182,0.36,0.21874999999999997,0.49090909090909085,0.6666666666666667,Android v15
vivo,Vivo V60 Lite 5G,Mid-Range,0.04121932159565848,0.5866666666666667,0.7619059875845198,Average Value,1,1,0,mediatek,Dimensity 7360 Turbo,0.7777777777777777,0.3488372093023256,0.2727272727272727,0.49902152641878667,0.49670333032477165,0.0071492403932082215,0.11945313405167421,Standard,0.06295454545454546,0.19999999999999996,0.21874999999999997,0.49090909090909085,0.3333333333333333,Android v15
apple,Apple iPhone 17e,Flagship,0.12350950842386765,0.5333333333333334,0.3379546106613504,Overpriced,1,1,0,apple,Apple A19,0.5555555555555556,0.3488372093023256,0.2727272727272727,0.49902152641878667,0.3058636356682831,0.003127792672028597,0.18665276329509906,Slow Charging,0.04772727272727273,0.19999999999999996,0.20833333333333334,0.12727272727272726,0.0,iOS v26.3
realme,Realme P3x 5G (8GB RAM + 128GB),Budget,0.018557045388471125,0.4533333333333333,0.8074381686576529,Average Value,1,0,0,mediatek,Dimensity 6400,0.7777777777777777,0.3488372093023256,0.2727272727272727,0.24853228962818003,0.4584589025379002,0.003127792672028597,0.22141119221411193,Standard,0.06181818181818183,0.19999999999999996,0.21874999999999997,0.054545454545454536,0.3333333333333333,Android v15
infinix,Infinix GT 30 Pro,Mid-Range,0.04639261347117781,0.6933333333333334,0.9523811975169041,Performance Beast,1,1,1,mediatek,Dimensity 8350 Ultimate,0.7777777777777777,0.5959302325581395,0.2727272727272727,0.49902152641878667,0.42021447475102874,0.003127792672028597,0.20287336345730508,Standard,0.0631818181818182,0.36,0.5208333333333334,0.14545454545454545,0.3333333333333333,Android v15
oneplus,OnePlus 13,Flagship,0.11958984805903614,0.8400000000000001,0.7137076561913059,Average Value,1,1,1,qualcomm,Snapdragon 8 Elite,0.7777777777777777,0.877906976744186,0.4545454545454545,0.49902152641878667,0.4584589025379002,0.00804289544235925,0.09906152241918666,Super Fast,0.06409090909090909,0.19999999999999996,0.21874999999999997,0.49090909090909085,0.6666666666666667,Android v15
poco,Poco X7 5G,Mid-Range,0.029485083228348564,0.5466666666666666,0.6904777838598756,Average Value,1,1,1,mediatek,Dimensity 7300 Ultra,0.7777777777777777,0.3488372093023256,0.2727272727272727,0.24853228962818003,0.42021447475102874,0.003127792672028597,0.20287336345730508,Standard,0.06068181818181817,0.19999999999999996,0.21874999999999997,0.2727272727272727,0.6666666666666667,Android v14
infinix,Infinix GT 50 Pro,Mid-Range,0.05154734830130868,0.6266666666666667,0.8333341913091639,Value King,1,1,1,unknown,Octa Core Processor,0.7777777777777777,0.3488372093023256,0.2727272727272727,0.49902152641878667,0.46993223087396163,0.003127792672028597,0.22697254084115395,Standard,0.0631818181818182,0.36,0.21874999999999997,0.14545454545454545,0.6666666666666667,Android v16
honor,Honor 600,Premium,0.08247575728209389,0.6533333333333333,0.60432850410541,Average Value,1,1,1,qualcomm,Snapdragon 7 Gen4,0.7777777777777777,0.4360465116279069,0.4545454545454545,0.49902152641878667,0.5731921858985146,0.0062555853440571935,0.1553701772679875,Standard,0.05795454545454545,0.19999999999999996,0.21874999999999997,0.8181818181818181,0.3333333333333333,Android v16
ai+,Ai+ Pulse 2,Budget,0.0061856817961570415,0.3066666666666667,0.5462081729154711,Average Value,0,0,0,unisoc,Unisoc T7250,0.7777777777777777,0.1453488372093023,0.09090909090909091,0.1232876712328767,0.4584589025379002,0.0,0.9999999999999999,Slow Charging,0.0625,0.19999999999999996,0.21874999999999997,0.054545454545454536,0.3333333333333333,Android v16
oppo,OPPO Reno 15 Pro 5G,Flagship,0.12989931771929789,0.8400000000000001,0.7137076561913059,Average Value,1,1,1,mediatek,Dimensity 8450,0.7777777777777777,0.566860465116279,0.4545454545454545,0.49902152641878667,0.49670333032477165,0.0062555853440571935,0.13451511991657977,Standard,0.0631818181818182,0.19999999999999996,0.9999999999999999,0.8181818181818181,0.6666666666666667,Android v16
samsung,Samsung Galaxy F56 5G,Mid-Range,0.03750791251796425,0.5466666666666666,0.6904777838598756,Average Value,1,0,0,samsung,Exynos 1480,0.7777777777777777,0.4069767441860465,0.2727272727272727,0.24853228962818003,0.3819700469641573,0.003127792672028597,0.1843355347004982,Standard,0.062272727272727285,0.19999999999999996,0.21874999999999997,0.12727272727272726,0.6666666666666667,Android v15
infinix,Infinix Note 15 Pro 5G,Mid-Range,0.030909851935396734,0.5466666666666666,0.6904777838598756,Average Value,1,0,0,mediatek,Dimensity 6100 Plus,0.7777777777777777,0.26162790697674415,0.2727272727272727,0.24853228962818003,0.3819700469641573,0.005004468275245755,0.1253515341106582,Standard,0.06363636363636363,0.36,0.5208333333333334,0.49090909090909085,0.6666666666666667,Android v14
samsung,Samsung Galaxy A07 5G (6GB RAM + 128GB),Mid-Range,0.022662276207187346,0.4533333333333333,0.5238119751690393,Overpriced,1,0,0,mediatek,Dimensity 6300,0.7777777777777777,0.3197674418604651,0.1818181818181818,0.24853228962818003,0.4584589025379002,0.0013404825737265416,0.3993743482794578,Slow Charging,0.062272727272727285,0.19999999999999996,0.21874999999999997,0.054545454545454536,0.3333333333333333,Android v16
realme,Realme P4x 5G (8GB RAM + 256GB),Mid-Range,0.032990302912837555,0.5333333333333334,0.6666683826183276,Average Value,1,0,0,mediatek,Dimensity 7400 Ultra,0.7777777777777777,0.377906976744186,0.2727272727272727,0.49902152641878667,0.5349477581116431,0.003127792672028597,0.2584868497277256,Standard,0.06181818181818183,0.36,0.21874999999999997,0.054545454545454536,0.3333333333333333,Android v15
realme,Realme P3 Lite 5G,Budget,0.016495151456418777,0.4266666666666667,0.759941805795438,Average Value,1,1,0,mediatek,Dimensity 6300,0.7777777777777777,0.3197674418604651,0.09090909090909091,0.24853228962818003,0.4584589025379002,0.003127792672028597,0.22141119221411193,Standard,0.06068181818181817,0.19999999999999996,0.125,0.054545454545454536,0.3333333333333333,Android v15
realme,Realme P4 5G (8GB RAM + 128GB),Mid-Range,0.032990302912837555,0.5733333333333333,0.7380965863429717,Average Value,1,0,1,mediatek,Dimensity 7400 Ultra,0.7777777777777777,0.377906976744186,0.2727272727272727,0.24853228962818003,0.5349477581116431,0.0062555853440571935,0.14494264859228362,Standard,0.06295454545454546,0.36,0.21874999999999997,0.19999999999999998,0.3333333333333333,Android v15
oneplus,OnePlus Nord 6 Naruto Edition,Premium,0.07214773057644368,0.7066666666666668,0.6898287805891102,Average Value,1,1,1,qualcomm,Snapdragon 8s Gen4,0.7777777777777777,0.5523255813953487,0.2727272727272727,0.49902152641878667,0.6879254692591289,0.0062555853440571935,0.18665276329509906,Standard,0.0631818181818182,0.5,0.21874999999999997,0.49090909090909085,0.3333333333333333,Android v16
xiaomi,Xiaomi Redmi 15A 5G (6GB RAM + 128GB),Mid-Range,0.02350765271932881,0.48000000000000004,0.5714307776521353,Average Value,1,0,1,unisoc,Unisoc T8300,0.7777777777777777,0.26162790697674415,0.1818181818181818,0.24853228962818003,0.4814055592100231,0.002055406613047364,0.3174708503175656,Standard,0.06590909090909092,0.19999999999999996,0.125,0.054545454545454536,0.0,Android v16
oppo,OPPO K13x 5G,Mid-Range,0.022662276207187346,0.4133333333333334,0.45238377144439523,Overpriced,1,0,0,mediatek,Dimensity 6300,0.7777777777777777,0.3197674418604651,0.09090909090909091,0.24853228962818003,0.4584589025379002,0.003127792672028597,0.22141119221411193,Standard,0.06068181818181817,0.19999999999999996,0.21874999999999997,0.054545454545454536,0.3333333333333333,Android v15
nothing,Nothing Phone (4a) Pro (12GB RAM + 256GB),Premium,0.08453765121414623,0.7200000000000002,0.7112038497100353,Average Value,1,1,0,qualcomm,Snapdragon 7 Gen 4,0.7777777777777777,0.4360465116279069,0.4545454545454545,0.49902152641878667,0.41256558919365444,0.0035746201966041107,0.1791449426485923,Standard,0.06431818181818183,0.36,0.21874999999999997,0.49090909090909085,0.6666666666666667,Android v16
realme,Realme Narzo Power 5G (8GB RAM +256GB),Mid-Range,0.043505961966304525,0.6933333333333334,0.9523811975169041,Performance Beast,1,0,1,mediatek,Dimensity 7400 Ultra,0.7777777777777777,0.377906976744186,0.2727272727272727,0.49902152641878667,0.7644908136884456,0.0062555853440571935,0.2075286757038582,Standard,0.06363636363636363,0.36,0.21874999999999997,0.19999999999999998,0.3333333333333333,Android v16
realme,Realme Narzo 90 (8GB RAM +128GB),Mid-Range,0.030928408980785208,0.5333333333333334,0.6666683826183276,Average Value,1,0,0,mediatek,Dimensity 6400 Max,0.7777777777777777,0.3488372093023256,0.2727272727272727,0.24853228962818003,0.5349477581116431,0.004468275245755138,0.19360444907890167,Standard,0.05840909090909091,0.19999999999999996,0.21874999999999997,0.8181818181818181,0.3333333333333333,Android v15
iqoo,iQOO 15 (16GB RAM + 512GB),Flagship,0.154639983009994,0.9466666666666668,0.8444043676799861,Value King,1,1,1,qualcomm,Snapdragon 8 Elite Gen 5,0.7777777777777777,0.959302325581395,0.6363636363636364,1.0,0.5349477581116431,0.00804289544235925,0.11574556830031282,Standard,0.06477272727272726,0.36,0.21874999999999997,0.49090909090909085,0.6666666666666667,Android v16
samsung,Samsung Galaxy S25 FE (8GB RAM + 256GB),Premium,0.11319797686967387,0.7466666666666668,0.7539539879518854,Average Value,1,1,0,samsung,Exynos 2400,1.0,0.5523255813953487,0.2727272727272727,0.49902152641878667,0.374321161406783,0.003127792672028597,0.18062796894913682,Standard,0.06136363636363637,0.19999999999999996,0.21874999999999997,0.12727272727272726,0.6666666666666667,Android v16
motorola,Motorola Moto G96 5G (8GB RAM + 256GB),Mid-Range,0.032681018823029706,0.5733333333333333,0.7380965863429717,Average Value,1,0,0,qualcomm,Snapdragon 7s Gen2,0.7777777777777777,0.3197674418604651,0.2727272727272727,0.49902152641878667,0.42021447475102874,0.002055406613047364,0.2770246784845325,Standard,0.06068181818181817,0.36,0.21874999999999997,0.49090909090909085,0.3333333333333333,Android v15
oppo,Oppo Find X9 5G,Flagship,0.1443325752436643,0.8800000000000001,0.762718922999561,Average Value,1,1,1,mediatek,Dimensity 9500,0.7777777777777777,0.8459302325581393,0.4545454545454545,0.49902152641878667,0.5368599795009867,0.0062555853440571935,0.1454640250260688,Standard,0.05886363636363637,0.19999999999999996,0.21874999999999997,0.49090909090909085,0.6666666666666667,Android v16
iqoo,iQOO Z11x 5G (8GB RAM + 128GB),Mid-Range,0.032990302912837555,0.5733333333333333,0.7380965863429717,Average Value,1,0,1,mediatek,Dimensity 7400 Turbo,0.7777777777777777,0.377906976744186,0.2727272727272727,0.24853228962818003,0.5502455292263917,0.0030384271671134943,0.2719689070054033,Standard,0.06272727272727271,0.19999999999999996,0.21874999999999997,0.49090909090909085,0.3333333333333333,Android v16
oppo,OPPO K15 Pro Plus,Premium,0.09278522694235562,0.7200000000000002,0.7112038497100353,Average Value,1,1,1,mediatek,Dimensity 9500s,0.7777777777777777,0.7063953488372092,0.4545454545454545,0.49902152641878667,0.611436613685386,0.00804289544235925,0.132429614181439,Standard,0.0631818181818182,0.5,0.21874999999999997,0.19999999999999998,0.3333333333333333,Android v16
vivo,Vivo V70e,Premium,0.06390015484823429,0.6400000000000001,0.5829534349844848,Average Value,1,1,1,unknown,Octa Core Processor,0.7777777777777777,0.3488372093023256,0.2727272727272727,0.49902152641878667,0.49670333032477165,0.0071492403932082215,0.11945313405167421,Standard,0.05886363636363637,0.36,0.21874999999999997,0.8181818181818181,0.6666666666666667,Android v16
samsung,Samsung Galaxy S26 Ultra (16GB RAM + 1TB),Flagship,0.38145037742968424,1.0,0.9097527234243261,Value King,1,1,0,qualcomm,Snapdragon 8 Elite Gen 5 for Galaxy,0.7777777777777777,0.9999999999999998,0.6363636363636364,0.0,0.3819700469641573,0.004468275245755138,0.13799096280848105,Standard,0.06590909090909092,0.19999999999999996,0.9999999999999999,0.12727272727272726,1.0,Android v16
oppo,Oppo K15 Turbo,Mid-Range,0.05152879125592021,0.5733333333333333,0.7380965863429717,Average Value,1,0,1,mediatek,Dimensity 8500,0.7777777777777777,0.3488372093023256,0.2727272727272727,0.24853228962818003,0.5655433003411403,0.0062555853440571935,0.15328467153284672,Standard,0.05886363636363637,0.5,0.21874999999999997,0.19999999999999998,0.3333333333333333,Android v16
vivo,Vivo V80 5G,Premium,0.08866143907825093,0.7733333333333334,0.7967041261937355,Average Value,1,1,1,unknown,Octa Core Processor,0.7777777777777777,0.3488372093023256,0.2727272727272727,0.49902152641878667,0.5349477581116431,0.00804289544235925,0.11574556830031282,Standard,0.06068181818181817,0.36,0.21874999999999997,0.8181818181818181,0.6666666666666667,Android v17
realme,Realme P3 5G (8GB RAM + 256GB),Mid-Range,0.027835568082706687,0.5333333333333334,0.6666683826183276,Average Value,1,1,0,qualcomm,Snapdragon 6 Gen4,0.7777777777777777,0.29069767441860456,0.2727272727272727,0.49902152641878667,0.4584589025379002,0.003127792672028597,0.22141119221411193,Standard,0.06068181818181817,0.19999999999999996,0.21874999999999997,0.19999999999999998,0.3333333333333333,Android v15
xiaomi,Xiaomi Redmi 13 5G,Budget,0.015464204490392604,0.46666666666666673,0.8311863500887604,Value King,1,0,1,qualcomm,Snapdragon 4 Gen 2 AE,0.7777777777777777,0.29069767441860456,0.1818181818181818,0.24853228962818003,0.3842647126313696,0.002055406613047364,0.25326255253262553,Standard,0.06340909090909091,0.19999999999999996,0.5208333333333334,0.14545454545454545,0.3333333333333333,Android v14
oppo,OPPO Reno 16 Pro 5G,Flagship,0.1340045485380141,0.8400000000000001,0.7137076561913059,Average Value,1,1,1,unknown,Octa Core Processor,0.7777777777777777,0.3488372093023256,0.4545454545454545,0.49902152641878667,0.5349477581116431,0.00804289544235925,0.11574556830031282,Standard,0.0631818181818182,0.19999999999999996,0.9999999999999999,0.8181818181818181,0.6666666666666667,Android v17
honor,Honor Power 2,Premium,0.06183826091618194,0.6266666666666667,0.5615783658635598,Average Value,1,1,1,mediatek,Dimensity 8500,0.7777777777777777,0.6104651162790697,0.4545454545454545,0.49902152641878667,0.7705334332787712,0.0062555853440571935,0.2091762252346194,Standard,0.06340909090909091,0.19999999999999996,0.21874999999999997,0.19999999999999998,0.3333333333333333,Android v16
poco,Poco M7 Plus 5G (4GB RAM + 128GB),Budget,0.01741269425618207,0.46666666666666673,0.8311863500887604,Value King,1,0,1,qualcomm,Snapdragon 6s Gen3,0.7777777777777777,0.29069767441860456,0.09090909090909091,0.24853228962818003,0.5349477581116431,0.002055406613047364,0.35286125067146956,Slow Charging,0.06590909090909092,0.36,0.21874999999999997,0.054545454545454536,0.0,Android v15
iqoo,iQOO 15R (12GB RAM + 512GB),Premium,0.09896884684458061,0.8666666666666667,0.9463296100402111,Performance Beast,1,1,1,qualcomm,Snapdragon 8 Gen5,0.7777777777777777,0.7267441860465114,0.4545454545454545,1.0,0.5808410714558888,0.00804289544235925,0.12575599582898853,Standard,0.05886363636363637,0.36,0.21874999999999997,0.49090909090909085,0.3333333333333333,Android v16
realme,Realme C83 5G,Budget,0.019587992354497298,0.38666666666666666,0.6886972615021157,Average Value,1,0,0,mediatek,Dimensity 6300,0.7777777777777777,0.3197674418604651,0.09090909090909091,0.1232876712328767,0.5349477581116431,0.0004468275245755139,0.7775460549183177,Slow Charging,0.06363636363636363,0.36,0.026041666666666664,0.0,0.0,Android v16
bluefox,Bluefox NX1,Budget,0.0076290075485936845,0.18666666666666665,0.3324745400355042,Overpriced,0,0,1,mediatek,Helio G81,0.7777777777777777,0.20348837209302323,0.09090909090909091,0.1232876712328767,0.22899233581667153,0.003127792672028597,0.18665276329509906,Slow Charging,0.0,0.19999999999999996,0.20833333333333334,0.0,0.0,Android v15
iqoo,iQOO Z10 Turbo Pro,Mid-Range,0.03915742766360613,0.6266666666666667,0.8333341913091639,Value King,1,1,1,qualcomm,Snapdragon 8s Gen4,0.7777777777777777,0.5523255813953487,0.4545454545454545,0.49902152641878667,0.5349477581116431,0.009830205540661306,0.09628084810566563,Super Fast,0.0631818181818182,0.19999999999999996,0.21874999999999997,0.19999999999999998,0.3333333333333333,Android v15
realme,Realme GT 7T,Premium,0.05668352608605108,0.7066666666666668,0.6898287805891102,Average Value,1,1,1,mediatek,Dimensity 8400-MAX,0.7777777777777777,0.566860465116279,0.2727272727272727,0.49902152641878667,0.5349477581116431,0.009830205540661306,0.09628084810566563,Super Fast,0.06363636363636363,0.19999999999999996,0.21874999999999997,0.49090909090909085,0.3333333333333333,Android v15
samsung,Samsung Galaxy A26 5G,Mid-Range,0.03503363979950143,0.5466666666666666,0.6904777838598756,Average Value,1,1,0,samsung,Exynos 1380,0.7777777777777777,0.3197674418604651,0.2727272727272727,0.24853228962818003,0.3819700469641573,0.0013404825737265416,0.33263816475495306,Standard,0.06136363636363637,0.19999999999999996,0.21874999999999997,0.14545454545454545,0.6666666666666667,Android v15
apple,Apple iPhone Air,Flagship,0.18555189683932277,0.5466666666666666,0.35429169959743545,Overpriced,1,1,0,apple,Apple A19 Pro,0.5555555555555556,0.3488372093023256,0.2727272727272727,0.49902152641878667,0.24038917529715922,0.003127792672028597,0.18665276329509906,Slow Charging,0.05681818181818182,0.19999999999999996,0.20833333333333334,0.23636363636363636,0.0,iOS v26
motorola,Motorola Edge 60 5G,Mid-Range,0.04512454870296562,0.6933333333333334,0.9523811975169041,Performance Beast,1,1,0,mediatek,Dimensity 7400,0.7777777777777777,0.377906976744186,0.4545454545454545,0.49902152641878667,0.42021447475102874,0.00518319928507596,0.13390173587683246,Standard,0.06136363636363637,0.19999999999999996,0.21874999999999997,0.8181818181818181,0.6666666666666667,Android v15
motorola,Motorola Moto G64 5G (12GB RAM + 256GB),Mid-Range,0.024515918852102407,0.52,0.6428589813767795,Average Value,1,0,0,mediatek,Dimensity 7025,0.7777777777777777,0.3488372093023256,0.4545454545454545,0.49902152641878667,0.4584589025379002,0.002055406613047364,0.3023035358801782,Standard,0.05681818181818182,0.19999999999999996,0.21874999999999997,0.19999999999999998,0.3333333333333333,Android v14
xiaomi,Xiaomi Redmi 13C 5G (6GB RAM + 128GB),Budget,0.012989931771929787,0.38666666666666666,0.6886972615021157,Average Value,1,0,0,mediatek,Dimensity 6100 Plus,0.7777777777777777,0.26162790697674415,0.1818181818181818,0.24853228962818003,0.3819700469641573,0.0007149240393208221,0.46240296605260106,Slow Charging,0.062272727272727285,0.0,0.21874999999999997,0.0,0.3333333333333333,Android v13
vivo,Vivo V30 Pro 5G,Mid-Range,0.048444197933569896,0.6266666666666667,0.8333341913091639,Value King,1,0,0,mediatek,Dimensity 8200,0.7777777777777777,0.5232558139534884,0.2727272727272727,0.49902152641878667,0.3819700469641573,0.0062555853440571935,0.1032325338894682,Super Fast,0.0631818181818182,0.19999999999999996,0.21874999999999997,0.8181818181818181,0.6666666666666667,Android v14
apple,Apple iPhone 16 Pro Max,Flagship,0.25256344963102406,0.76,0.6156851225747958,Average Value,1,1,0,apple,Bionic A18 Pro,0.5555555555555556,0.7994186046511627,0.2727272727272727,0.49902152641878667,0.35787605745842826,0.003127792672028597,0.18665276329509906,Slow Charging,0.06590909090909092,0.19999999999999996,0.20833333333333334,0.12727272727272726,0.6666666666666667,iOS v18
google,Google Pixel 8A,Premium,0.06804249975772746,0.5466666666666666,0.4333279511380093,Overpriced,1,1,0,google,Tensor G3,0.8888888888888888,0.49418604651162784,0.2727272727272727,0.24853228962818003,0.3431137083326959,0.003127792672028597,0.18665276329509906,Slow Charging,0.04772727272727273,0.19999999999999996,0.29166666666666663,0.14545454545454545,0.3333333333333333,Android v14
honor,Honor X9d,Premium,0.0556525791200249,0.6000000000000001,0.5188282276217095,Overpriced,1,1,1,qualcomm,Snapdragon 6 Gen4,0.7777777777777777,0.29069767441860456,0.4545454545454545,0.49902152641878667,0.6343832703575089,0.005004468275245755,0.20877176351628907,Standard,0.06340909090909091,0.19999999999999996,0.5208333333333334,0.19999999999999998,0.3333333333333333,Android v15
oppo,Oppo A6 Pro 5G,Mid-Range,0.04536166650515164,0.52,0.6428589813767795,Average Value,1,0,0,mediatek,Dimensity 6300,0.7777777777777777,0.3197674418604651,0.2727272727272727,0.24853228962818003,0.5349477581116431,0.0062555853440571935,0.14494264859228362,Standard,0.0625,0.19999999999999996,0.21874999999999997,0.19999999999999998,0.3333333333333333,Android v15
oneplus,OnePlus Nord 5 (12GB RAM + 256GB),Premium,0.06598060582567511,0.7200000000000002,0.7112038497100353,Average Value,1,1,1,qualcomm,Snapdragon 8s Gen3,0.7777777777777777,0.49418604651162784,0.4545454545454545,0.49902152641878667,0.5196499869968946,0.0062555853440571935,0.14077163712200208,Standard,0.06431818181818183,0.36,0.21874999999999997,0.8181818181818181,0.3333333333333333,Android v15
tecno,Tecno Pova Curve 5G,Mid-Range,0.02268083325257582,0.52,0.6428589813767795,Average Value,1,1,1,mediatek,Dimensity 7300 Ultimate,0.7777777777777777,0.3488372093023256,0.1818181818181818,0.24853228962818003,0.42021447475102874,0.003127792672028597,0.20287336345730508,Standard,0.0631818181818182,0.36,0.29166666666666663,0.14545454545454545,0.3333333333333333,Android v15
infinix,Infinix Note 50s 5G,Mid-Range,0.02886651504873286,0.5333333333333334,0.6666683826183276,Average Value,1,0,1,mediatek,Dimensity 7300 Ultimate,0.7777777777777777,0.3488372093023256,0.2727272727272727,0.24853228962818003,0.42021447475102874,0.003127792672028597,0.20287336345730508,Standard,0.0631818181818182,0.36,0.29166666666666663,0.14545454545454545,0.3333333333333333,Android v15
nothing,Nothing Phone 3a (8GB RAM + 256GB),Mid-Range,0.04536166650515164,0.6000000000000001,0.7857153888260677,Average Value,1,1,0,qualcomm,Snapdragon 7s Gen3,0.7777777777777777,0.3488372093023256,0.2727272727272727,0.49902152641878667,0.3819700469641573,0.0035746201966041107,0.16579770594369134,Standard,0.06295454545454546,0.19999999999999996,0.21874999999999997,0.49090909090909085,0.6666666666666667,Android v15
wobble,Wobble One 5G (12GB RAM + 256GB),Mid-Range,0.05154734830130868,0.6000000000000001,0.7857153888260677,Average Value,1,0,0,mediatek,Dimensity 7400,0.7777777777777777,0.377906976744186,0.4545454545454545,0.49902152641878667,0.3819700469641573,0.002055406613047364,0.25174582108888677,Standard,0.06068181818181817,0.19999999999999996,0.21874999999999997,0.8181818181818181,0.6666666666666667,Android v15
realme,Realme P4 Pro 5G,Mid-Range,0.04948545436925633,0.6400000000000001,0.8571435925507119,Value King,1,0,1,qualcomm,Snapdragon 7 Gen 4,0.7777777777777777,0.3488372093023256,0.2727272727272727,0.24853228962818003,0.5349477581116431,0.0062555853440571935,0.14494264859228362,Standard,0.06363636363636363,0.36,0.21874999999999997,0.8181818181818181,0.3333333333333333,Android v15
infinix,Infinix Hot 60 5G,Budget,0.018557045388471125,0.4533333333333333,0.8074381686576529,Average Value,1,0,0,mediatek,Dimensity 7020,0.7777777777777777,0.26162790697674415,0.1818181818181818,0.24853228962818003,0.3972678180789059,0.0007149240393208221,0.480940794809408,Slow Charging,0.06136363636363637,0.19999999999999996,0.21874999999999997,0.054545454545454536,0.3333333333333333,Android v15
lava,Lava Bold N2 Pro,Budget,0.0061856817961570415,0.3066666666666667,0.5462081729154711,Average Value,0,0,0,unisoc,Unisoc T7250,0.7777777777777777,0.377906976744186,0.09090909090909091,0.24853228962818003,0.3819700469641573,0.003127792672028597,0.18665276329509906,Slow Charging,0.0625,0.19999999999999996,0.21874999999999997,0.054545454545454536,0.6666666666666667,Android v15
oppo,OPPO Reno 14 Pro 5G (12GB RAM + 512GB),Premium,0.09255841860982987,0.8666666666666667,0.9463296100402111,Performance Beast,1,1,1,mediatek,Dimensity 8450,0.7777777777777777,0.566860465116279,0.4545454545454545,1.0,0.4737566736526488,0.0062555853440571935,0.12825860271115747,Standard,0.06431818181818183,0.19999999999999996,0.21874999999999997,0.8181818181818181,0.6666666666666667,Android v15
xiaomi,Xiaomi 17 5G,Flagship,0.17526098422444952,0.8933333333333335,0.779056011935646,Average Value,1,1,1,qualcomm,Snapdragon 8 Elite Gen 5,0.7777777777777777,0.959302325581395,0.4545454545454545,1.0,0.48370022487723535,0.00804289544235925,0.10456725755995828,Super Fast,0.052272727272727276,0.19999999999999996,0.21874999999999997,0.8181818181818181,0.6666666666666667,Android v16
iqoo,iQOO Neo 11R,Mid-Range,0.05152879125592021,0.6400000000000001,0.8571435925507119,Value King,1,1,1,unknown,Octa Core Processor,0.7777777777777777,0.3488372093023256,0.4545454545454545,0.49902152641878667,0.5120011014395203,0.00804289544235925,0.11074035453597497,Super Fast,0.0631818181818182,0.36,0.21874999999999997,0.49090909090909085,0.3333333333333333,Android v16
poco,Poco M8,Mid-Range,0.025755117105265866,0.5066666666666666,0.6190495801352315,Average Value,1,0,1,qualcomm,Snapdragon 6 Gen3,0.7777777777777777,0.3488372093023256,0.1818181818181818,0.24853228962818003,0.42174425186250364,0.003127792672028597,0.20361487660757738,Standard,0.06295454545454546,0.19999999999999996,0.21874999999999997,0.2727272727272727,0.3333333333333333,Android v15
realme,Realme GT 6,Mid-Range,0.047423560437203985,0.6799999999999999,0.9285717962753559,Value King,1,1,1,qualcomm,Snapdragon 8s Gen3,0.7777777777777777,0.49418604651162784,0.2727272727272727,0.49902152641878667,0.42021447475102874,0.009830205540661306,0.07542579075425791,Super Fast,0.0631818181818182,0.19999999999999996,0.21874999999999997,0.49090909090909085,0.6666666666666667,Android v14
motorola,Motorola Edge 60 Fusion 5G (8GB RAM + 128GB),Mid-Range,0.03453672336187682,0.5866666666666667,0.7619059875845198,Average Value,1,0,0,mediatek,Dimensity 7400,0.7777777777777777,0.377906976744186,0.2727272727272727,0.24853228962818003,0.42021447475102874,0.00518319928507596,0.13390173587683246,Standard,0.06136363636363637,0.19999999999999996,0.21874999999999997,0.49090909090909085,0.3333333333333333,Android v15
realme,Realme Narzo 100 Lite,Mid-Range,0.02268083325257582,0.4133333333333334,0.45238377144439523,Overpriced,1,0,0,mediatek,Dimensity 6400,0.7777777777777777,0.3488372093023256,0.09090909090909091,0.24853228962818003,0.5349477581116431,0.002055406613047364,0.35286125067146956,Slow Charging,0.06068181818181817,0.19999999999999996,0.21874999999999997,0.054545454545454536,0.3333333333333333,Android v16
oppo,Oppo A6 5G,Mid-Range,0.0350521968448899,0.46666666666666673,0.5476213764105873,Average Value,1,1,0,mediatek,Dimensity 6300,0.7777777777777777,0.3197674418604651,0.09090909090909091,0.24853228962818003,0.5349477581116431,0.003127792672028597,0.2584868497277256,Standard,0.0625,0.19999999999999996,0.21874999999999997,0.054545454545454536,0.3333333333333333,Android v15
oneplus,OnePlus Nord CE 6 Lite,Mid-Range,0.03711409077694225,0.5333333333333334,0.6666683826183276,Average Value,1,0,1,mediatek,Dimensity 6300,0.7777777777777777,0.3197674418604651,0.1818181818181818,0.24853228962818003,0.5349477581116431,0.0062555853440571935,0.14494264859228362,Standard,0.06136363636363637,0.19999999999999996,0.21874999999999997,0.19999999999999998,0.3333333333333333,Android v16
nothing,Nothing Phone 4a (8GB RAM + 256GB),Premium,0.06149598652346126,0.6533333333333333,0.60432850410541,Average Value,1,1,0,qualcomm,Snapdragon 7s Gen4,0.7777777777777777,0.4069767441860465,0.2727272727272727,0.49902152641878667,0.41256558919365444,0.0035746201966041107,0.1791449426485923,Standard,0.0631818181818182,0.19999999999999996,0.21874999999999997,0.49090909090909085,0.6666666666666667,Android v16
vivo,Vivo Y21 5G,Mid-Range,0.02886651504873286,0.46666666666666673,0.5476213764105873,Average Value,1,1,1,mediatek,Dimensity 6300,0.7777777777777777,0.3197674418604651,0.09090909090909091,0.24853228962818003,0.49670333032477165,0.0030384271671134943,0.24542610673997534,Standard,0.062272727272727285,0.19999999999999996,0.21874999999999997,0.0,0.3333333333333333,Android v16
vivo,Vivo Y31 Pro 5G,Mid-Range,0.030928408980785208,0.4533333333333333,0.5238119751690393,Overpriced,1,0,1,mediatek,Dimensity 7300,0.7777777777777777,0.3488372093023256,0.2727272727272727,0.24853228962818003,0.49670333032477165,0.0030384271671134943,0.24542610673997534,Standard,0.06181818181818183,0.19999999999999996,0.21874999999999997,0.054545454545454536,0.3333333333333333,Android v15
vivo,Vivo V60 5G (12GB RAM + 256GB),Premium,0.06770228725893883,0.7466666666666668,0.7539539879518854,Average Value,1,1,1,qualcomm,Snapdragon 7 Gen4,0.7777777777777777,0.4360465116279069,0.4545454545454545,0.49902152641878667,0.49670333032477165,0.0071492403932082215,0.11945313405167421,Standard,0.06295454545454546,0.19999999999999996,0.21874999999999997,0.8181818181818181,0.6666666666666667,Android v15
realme,Realme 15 Pro 5G (12GB RAM + 256GB),Premium,0.06391871189362276,0.7066666666666668,0.6898287805891102,Average Value,1,0,0,qualcomm,Snapdragon 7 Gen4,0.7777777777777777,0.4360465116279069,0.4545454545454545,0.49902152641878667,0.5349477581116431,0.0062555853440571935,0.14494264859228362,Standard,0.06363636363636363,0.36,0.21874999999999997,0.8181818181818181,0.3333333333333333,Android v15
infinix,Infinix GT 30 5G,Mid-Range,0.028843834215480285,0.5733333333333333,0.7380965863429717,Average Value,1,0,1,mediatek,Dimensity 7400,0.7777777777777777,0.377906976744186,0.2727272727272727,0.24853228962818003,0.42021447475102874,0.003127792672028597,0.20287336345730508,Standard,0.0631818181818182,0.36,0.29166666666666663,0.14545454545454545,0.3333333333333333,Android v15
cmf,CMF Phone 2 Pro 5G (8GB RAM + 256GB),Mid-Range,0.032990302912837555,0.5333333333333334,0.6666683826183276,Average Value,1,0,0,mediatek,Dimensity 7300 Pro,0.7777777777777777,0.3488372093023256,0.2727272727272727,0.49902152641878667,0.3819700469641573,0.002055406613047364,0.25174582108888677,Standard,0.06295454545454546,0.19999999999999996,0.21874999999999997,0.19999999999999998,0.6666666666666667,Android v15
iqoo,iQOO Neo 10R (12GB RAM + 256GB),Premium,0.061856817961570415,0.6933333333333334,0.6684537114681851,Average Value,1,0,1,qualcomm,Snapdragon 8s Gen3,0.7777777777777777,0.49418604651162784,0.4545454545454545,0.49902152641878667,0.48905444476739734,0.0062555853440571935,0.132429614181439,Standard,0.0631818181818182,0.36,0.21874999999999997,0.49090909090909085,0.3333333333333333,Android v15
realme,Realme GT 8 Pro,Flagship,0.1402087873795596,0.9466666666666668,0.8444043676799861,Value King,1,1,1,qualcomm,Snapdragon 8 Elite Gen 5,0.7777777777777777,0.959302325581395,0.4545454545454545,0.49902152641878667,0.5349477581116431,0.009830205540661306,0.09628084810566563,Super Fast,0.06340909090909091,0.36,0.9999999999999999,0.49090909090909085,0.6666666666666667,Android v16
tecno,Tecno Pova 7 Pro 5G,Mid-Range,0.02536129536424387,0.5733333333333333,0.7380965863429717,Average Value,1,1,1,mediatek,Dimensity 7300 Ultimate,0.7777777777777777,0.3488372093023256,0.2727272727272727,0.24853228962818003,0.4584589025379002,0.003127792672028597,0.22141119221411193,Standard,0.0631818181818182,0.36,0.29166666666666663,0.14545454545454545,0.3333333333333333,Android v15
apple,Apple iPhone 16 Plus,Flagship,0.15443791740465287,0.6266666666666667,0.4523142332139456,Overpriced,1,1,0,apple,Bionic A18,0.5555555555555556,0.7965116279069766,0.2727272727272727,0.24853228962818003,0.35703468004711714,0.003127792672028597,0.18665276329509906,Slow Charging,0.06136363636363637,0.19999999999999996,0.20833333333333334,0.12727272727272726,0.3333333333333333,iOS v18
oneplus,OnePlus 12 5G,Premium,0.08659954514619858,0.7466666666666668,0.7539539879518854,Average Value,1,1,1,qualcomm,Snapdragon 8 Gen3,0.7777777777777777,0.5813953488372092,0.4545454545454545,0.49902152641878667,0.41256558919365444,0.00804289544235925,0.08905109489051095,Super Fast,0.06409090909090909,0.19999999999999996,0.29166666666666663,0.49090909090909085,0.6666666666666667,Android v14
realme,Realme P4 Power 5G (12GB RAM + 256GB),Premium,0.05773303009746572,0.6933333333333334,0.6684537114681851,Average Value,1,0,1,mediatek,Dimensity 7400 Ultra,0.7777777777777777,0.377906976744186,0.4545454545454545,0.49902152641878667,0.7644908136884456,0.0062555853440571935,0.2075286757038582,Standard,0.06363636363636363,0.36,0.21874999999999997,0.19999999999999998,0.3333333333333333,Android v16
oneplus,OnePlus 15s 5G,Premium,0.1134041662628791,0.8133333333333335,0.8608293335565108,Value King,1,1,1,qualcomm,Octa Core Processor,0.7777777777777777,0.3488372093023256,0.4545454545454545,0.49902152641878667,0.49670333032477165,0.0062555853440571935,0.13451511991657977,Standard,0.052272727272727276,0.5,0.21874999999999997,0.8181818181818181,0.3333333333333333,Android v16
xiaomi,Xiaomi Redmi Note 15 5G (256GB),Mid-Range,0.047423560437203985,0.6400000000000001,0.8571435925507119,Value King,1,1,1,qualcomm,Snapdragon 6 Gen3,0.7777777777777777,0.3197674418604651,0.2727272727272727,0.49902152641878667,0.42174425186250364,0.003127792672028597,0.20361487660757738,Standard,0.06295454545454546,0.19999999999999996,0.5208333333333334,0.2727272727272727,0.3333333333333333,Android v15
realme,Realme 15T 5G,Mid-Range,0.03503363979950143,0.5733333333333333,0.7380965863429717,Average Value,1,0,1,mediatek,Dimensity 6400 Max,0.7777777777777777,0.3488372093023256,0.2727272727272727,0.24853228962818003,0.5349477581116431,0.004468275245755138,0.19360444907890167,Standard,0.05840909090909091,0.19999999999999996,0.21874999999999997,0.8181818181818181,0.3333333333333333,Android v15
samsung,Samsung Galaxy Z Fold 8,Flagship,0.40206931675020774,0.9466666666666668,0.8444043676799861,Value King,1,1,0,qualcomm,Snapdragon 8 Elite Gen 5,0.7777777777777777,0.959302325581395,0.4545454545454545,0.49902152641878667,0.3666722758494087,0.0013404825737265416,0.3192909280500521,Standard,0.09090909090909091,0.19999999999999996,0.21874999999999997,0.19999999999999998,0.3333333333333333,Android v17
samsung,Samsung Galaxy M56 (8GB RAM + 256GB),Mid-Range,0.04123787864104694,0.48000000000000004,0.5714307776521353,Average Value,1,0,0,samsung,Exynos 1480,0.7777777777777777,0.4069767441860465,0.2727272727272727,0.49902152641878667,0.3819700469641573,0.003127792672028597,0.1843355347004982,Standard,0.062272727272727285,0.19999999999999996,0.21874999999999997,0.12727272727272726,0.6666666666666667,Android v15
tecno,Tecno POP 10 5G,Budget,0.0061856817961570415,0.4133333333333334,0.7361936243643306,Average Value,1,1,1,mediatek,Dimensity 7025,0.7777777777777777,0.3488372093023256,0.09090909090909091,0.24853228962818003,0.38961893252153157,0.003127792672028597,0.18665276329509906,Slow Charging,0.06068181818181817,0.19999999999999996,0.21874999999999997,0.054545454545454536,0.3333333333333333,Android v15
motorola,Motorola Edge 50 Ultra 5G,Premium,0.06761156392592851,0.7733333333333334,0.7967041261937355,Average Value,1,1,0,qualcomm,Snapdragon 8s Gen3,0.7777777777777777,0.49418604651162784,0.4545454545454545,1.0,0.34372561917728583,0.010277033065236819,0.05901981230448384,Super Fast,0.06136363636363637,0.36,0.29166666666666663,0.8181818181818181,0.6666666666666667,Android v14
poco,Poco X8 Pro Max 5G (12GB RAM + 512GB),Premium,0.08659954514619858,0.8133333333333335,0.8608293335565108,Value King,1,0,1,mediatek,Dimensity 9500s,0.7777777777777777,0.7063953488372092,0.4545454545454545,1.0,0.6879254692591289,0.00804289544235925,0.14911366006256516,Standard,0.06431818181818183,0.19999999999999996,0.21874999999999997,0.2727272727272727,0.3333333333333333,Android v16
samsung,Samsung Galaxy F70e 5G (6GB RAM + 128GB),Mid-Range,0.022662276207187346,0.46666666666666673,0.5476213764105873,Average Value,1,0,0,mediatek,Dimensity 6300,0.7777777777777777,0.3197674418604651,0.1818181818181818,0.24853228962818003,0.4584589025379002,0.0013404825737265416,0.3993743482794578,Slow Charging,0.06136363636363637,0.19999999999999996,0.21874999999999997,0.054545454545454536,0.3333333333333333,Android v16
realme,Realme 17 Pro 5G,Premium,0.059776366984129595,0.6933333333333334,0.6684537114681851,Average Value,1,0,0,unknown,Octa Core Processor,0.7777777777777777,0.3488372093023256,0.2727272727272727,0.24853228962818003,0.5731921858985146,0.00804289544235925,0.1240875912408759,Standard,0.06431818181818183,0.36,0.9999999999999999,0.8181818181818181,0.3333333333333333,Android v17
xiaomi,Xiaomi Redmi 15 5G (8GB RAM + 256GB),Mid-Range,0.029897462014759034,0.52,0.6428589813767795,Average Value,1,0,1,qualcomm,Snapdragon 6s Gen3,0.7777777777777777,0.29069767441860456,0.2727272727272727,0.49902152641878667,0.5349477581116431,0.002055406613047364,0.35286125067146956,Slow Charging,0.06590909090909092,0.36,0.21874999999999997,0.054545454545454536,0.3333333333333333,Android v15
oppo,OPPO K13x 5G (8GB RAM +128GB),Mid-Range,0.026559255738766288,0.4266666666666667,0.4761931726859432,Overpriced,1,0,0,mediatek,Dimensity 6300,0.7777777777777777,0.3197674418604651,0.2727272727272727,0.24853228962818003,0.4584589025379002,0.003127792672028597,0.22141119221411193,Standard,0.06068181818181817,0.19999999999999996,0.21874999999999997,0.054545454545454536,0.3333333333333333,Android v15
lava,Lava Storm Play 5G (8GB RAM + 256GB),Budget,0.01752609842244495,0.4533333333333333,0.8074381686576529,Average Value,1,0,0,mediatek,Dimensity 7060,0.7777777777777777,0.377906976744186,0.2727272727272727,0.49902152641878667,0.3819700469641573,0.0007149240393208221,0.46240296605260106,Slow Charging,0.0625,0.19999999999999996,0.21874999999999997,0.054545454545454536,0.3333333333333333,Android v15
realme,Realme GT 8T,Premium,0.06598060582567511,0.6933333333333334,0.6684537114681851,Average Value,1,1,0,unknown,Octa Core Processor,0.7777777777777777,0.3488372093023256,0.2727272727272727,0.49902152641878667,0.5349477581116431,0.009830205540661306,0.09628084810566563,Super Fast,0.06363636363636363,0.19999999999999996,0.21874999999999997,0.49090909090909085,0.3333333333333333,Android v16
samsung,Samsung Galaxy M16 5G (8GB RAM + 128GB),Mid-Range,0.021649886286549645,0.4533333333333333,0.5238119751690393,Overpriced,1,1,0,mediatek,Dimensity 6300,0.7777777777777777,0.3197674418604651,0.2727272727272727,0.24853228962818003,0.3819700469641573,0.0013404825737265416,0.33263816475495306,Standard,0.06136363636363637,0.0,0.21874999999999997,0.14545454545454545,0.6666666666666667,Android v14
xiaomi,Xiaomi Redmi 14C 5G (6GB RAM + 128GB),Budget,0.01443325752436643,0.39999999999999997,0.7124454429332232,Average Value,1,0,0,qualcomm,Snapdragon 4 Gen2,0.7777777777777777,0.26162790697674415,0.1818181818181818,0.24853228962818003,0.39420826385595614,0.0007149240393208221,0.4772332290580466,Slow Charging,0.06545454545454546,0.19999999999999996,0.21874999999999997,0.054545454545454536,0.3333333333333333,Android v14
realme,Realme P3 Pro 5G,Mid-Range,0.032990302912837555,0.5333333333333334,0.6666683826183276,Average Value,1,0,0,qualcomm,Snapdragon 7s Gen3,0.7777777777777777,0.3488372093023256,0.2727272727272727,0.24853228962818003,0.4584589025379002,0.0062555853440571935,0.1240875912408759,Standard,0.06431818181818183,0.19999999999999996,0.21874999999999997,0.19999999999999998,0.3333333333333333,Android v15
xiaomi,Xiaomi Redmi Note 14 Pro Plus,Mid-Range,0.04536166650515164,0.6000000000000001,0.7857153888260677,Average Value,1,0,1,qualcomm,Snapdragon 7s Gen3,0.7777777777777777,0.3488372093023256,0.2727272727272727,0.24853228962818003,0.4737566736526488,0.0071492403932082215,0.11389178542463213,Super Fast,0.06068181818181817,0.19999999999999996,0.21874999999999997,0.2727272727272727,0.6666666666666667,Android v14
apple,Apple iPhone 14,Premium,0.09730283654748233,0.46666666666666673,0.3050775364124589,Overpriced,1,1,0,apple,Bionic A15,0.5555555555555556,0.5581395348837208,0.1818181818181818,0.24853228962818003,0.25033272652174576,0.003127792672028597,0.18665276329509906,Slow Charging,0.04772727272727273,0.19999999999999996,0.020833333333333336,0.12727272727272726,0.3333333333333333,iOS v16
poco,Poco X8 Pro Iron Man Edition,Premium,0.06804249975772746,0.7200000000000002,0.7112038497100353,Average Value,1,0,1,mediatek,Dimensity 8500 Ultra,0.7777777777777777,0.6104651162790697,0.4545454545454545,0.49902152641878667,0.49670333032477165,0.00804289544235925,0.10740354535974973,Super Fast,0.05886363636363637,0.19999999999999996,0.21874999999999997,0.2727272727272727,0.3333333333333333,Android v16
oppo,OPPO Reno 16 5G,Premium,0.08866143907825093,0.7200000000000002,0.7112038497100353,Average Value,1,0,1,unknown,Octa Core Processor,0.7777777777777777,0.3488372093023256,0.2727272727272727,0.49902152641878667,0.5349477581116431,0.00804289544235925,0.11574556830031282,Standard,0.06068181818181817,0.19999999999999996,0.9999999999999999,0.8181818181818181,0.6666666666666667,Android v17
motorola,Motorola Signature (16GB RAM + 1TB),Flagship,0.13402310558340258,0.8933333333333335,0.779056011935646,Average Value,1,1,0,qualcomm,Snapdragon 8 Gen5,0.7777777777777777,0.7267441860465114,0.6363636363636364,0.0,0.3972678180789059,0.0071492403932082215,0.09535395666782528,Super Fast,0.06363636363636363,0.5,0.21874999999999997,0.8181818181818181,0.6666666666666667,Android v16
xiaomi,Xiaomi Redmi Turbo 5 Max,Premium,0.07216628762183215,0.7200000000000002,0.7112038497100353,Average Value,1,1,1,mediatek,Dimensity 9500s,0.7777777777777777,0.7063953488372092,0.4545454545454545,0.49902152641878667,0.6879254692591289,0.00804289544235925,0.14911366006256516,Standard,0.06431818181818183,0.19999999999999996,0.21874999999999997,0.2727272727272727,0.3333333333333333,Android v16
samsung,Samsung Galaxy A08,Budget,0.010290912614873266,0.27999999999999997,0.49871181005325627,Overpriced,0,0,0,mediatek,Helio G100,0.7777777777777777,0.3488372093023256,0.09090909090909091,0.24853228962818003,0.3819700469641573,0.003127792672028597,0.18665276329509906,Slow Charging,0.06068181818181817,0.0,0.21874999999999997,0.054545454545454536,0.3333333333333333,Android v16
motorola,Motorola Moto G35 5G (8GB RAM + 128GB),Budget,0.017713730770261716,0.46666666666666673,0.8311863500887604,Value King,1,0,0,unisoc,Unisoc T760,0.7777777777777777,0.26162790697674415,0.2727272727272727,0.24853228962818003,0.3819700469641573,0.0007149240393208221,0.46240296605260106,Slow Charging,0.06181818181818183,0.19999999999999996,0.21874999999999997,0.19999999999999998,0.3333333333333333,Android v14
tecno,Tecno Pova Slim 5G,Mid-Range,0.03099232769267883,0.46666666666666673,0.5476213764105873,Average Value,1,0,1,mediatek,Dimensity 6400,0.7777777777777777,0.3488372093023256,0.2727272727272727,0.24853228962818003,0.39420826385595614,0.003127792672028597,0.19026763990267642,Standard,0.0631818181818182,0.36,0.21874999999999997,0.14545454545454545,0.3333333333333333,Android v15
vivo,Vivo T4 Pro 5G (12GB RAM + 256GB),Premium,0.0556525791200249,0.6799999999999999,0.6470786423472601,Average Value,1,0,1,qualcomm,Snapdragon 7 Gen4,0.7777777777777777,0.4360465116279069,0.4545454545454545,0.49902152641878667,0.49670333032477165,0.0071492403932082215,0.11945313405167421,Standard,0.06295454545454546,0.19999999999999996,0.21874999999999997,0.49090909090909085,0.6666666666666667,Android v15
vivo,Vivo T4 Lite 5G (6 GB RAM +128 GB),Budget,0.02061893932052347,0.39999999999999997,0.7124454429332232,Average Value,1,0,0,mediatek,Dimensity 6300,0.7777777777777777,0.3197674418604651,0.1818181818181818,0.24853228962818003,0.4584589025379002,0.0004468275245755139,0.6663190823774765,Slow Charging,0.062272727272727285,0.0,0.21874999999999997,0.0,0.3333333333333333,Android v15
realme,Realme 15x 5G,Mid-Range,0.02886651504873286,0.5066666666666666,0.6190495801352315,Average Value,1,0,0,mediatek,Dimensity 6300,0.7777777777777777,0.3197674418604651,0.1818181818181818,0.24853228962818003,0.5349477581116431,0.004468275245755138,0.19360444907890167,Standard,0.06386363636363634,0.36,0.21874999999999997,0.8181818181818181,0.3333333333333333,Android v15
realme,Realme 14 Pro Plus 5G,Mid-Range,0.04123787864104694,0.5866666666666667,0.7619059875845198,Average Value,1,0,0,qualcomm,Snapdragon 7s Gen3,0.7777777777777777,0.3488372093023256,0.2727272727272727,0.24853228962818003,0.4584589025379002,0.0062555853440571935,0.1240875912408759,Standard,0.06431818181818183,0.19999999999999996,0.21874999999999997,0.49090909090909085,0.6666666666666667,Android v15
oppo,OPPO Reno 13 5G,Premium,0.061856817961570415,0.6400000000000001,0.5829534349844848,Average Value,1,1,1,mediatek,Dimensity 8350,0.7777777777777777,0.5959302325581395,0.2727272727272727,0.24853228962818003,0.42786336030840305,0.0062555853440571935,0.11574556830031282,Standard,0.05886363636363637,0.19999999999999996,0.21874999999999997,0.8181818181818181,0.6666666666666667,Android v15
apple,Apple iPhone 15 (256GB),Flagship,0.1338189780841294,0.5466666666666666,0.35429169959743545,Overpriced,1,1,0,apple,Bionic A16,0.5555555555555556,0.6279069767441858,0.1818181818181818,0.49902152641878667,0.25568694641190776,0.003127792672028597,0.18665276329509906,Slow Charging,0.04772727272727273,0.19999999999999996,0.20833333333333334,0.12727272727272726,0.3333333333333333,iOS v17
vivo,Vivo V70 5G (12GB RAM + 512GB),Premium,0.10309469660261736,0.8133333333333335,0.8608293335565108,Value King,1,1,1,qualcomm,Snapdragon 7 Gen4,0.7777777777777777,0.4360465116279069,0.4545454545454545,1.0,0.49670333032477165,0.0071492403932082215,0.11945313405167421,Standard,0.05886363636363637,0.19999999999999996,0.21874999999999997,0.8181818181818181,0.6666666666666667,Android v16
samaung,Samaung Galaxy F70e,Budget,0.016909592136761298,0.46666666666666673,0.8311863500887604,Value King,1,0,0,mediatek,Dimensity 6300,0.7777777777777777,0.3197674418604651,0.09090909090909091,0.24853228962818003,0.4584589025379002,0.0013404825737265416,0.3993743482794578,Slow Charging,0.06136363636363637,0.19999999999999996,0.21874999999999997,0.054545454545454536,0.3333333333333333,Android v16
realme,Realme P4x 5G (8GB RAM + 128GB),Mid-Range,0.026536574905513706,0.52,0.6428589813767795,Average Value,1,0,0,mediatek,Dimensity 7400 Ultra,0.7777777777777777,0.377906976744186,0.2727272727272727,0.24853228962818003,0.5349477581116431,0.003127792672028597,0.2584868497277256,Standard,0.06181818181818183,0.36,0.21874999999999997,0.054545454545454536,0.3333333333333333,Android v15
tecno,Tecno Camon 50 Ultra,Premium,0.06183826091618194,0.5733333333333333,0.4760780893798594,Overpriced,1,1,1,mediatek,Dimensity 7400 Ultimate,0.7777777777777777,0.377906976744186,0.2727272727272727,0.49902152641878667,0.49670333032477165,0.003127792672028597,0.18665276329509906,Slow Charging,0.0631818181818182,0.36,0.21874999999999997,0.8181818181818181,0.6666666666666667,Android v16
motorola,Motorola Moto G06 Power,Budget,0.010309469660261736,0.3333333333333333,0.593704535777686,Average Value,0,0,0,mediatek,Helio G81,0.7777777777777777,0.20348837209302323,0.09090909090909091,0.1232876712328767,0.5349477581116431,0.003127792672028597,0.18665276329509906,Slow Charging,0.06545454545454546,0.19999999999999996,0.21874999999999997,0.054545454545454536,0.0,Android v15
vivo,Vivo V70 Lite,Mid-Range,0.03297174586744908,0.5466666666666666,0.6904777838598756,Average Value,1,1,0,unknown,Octa Core Processor,0.7777777777777777,0.3488372093023256,0.2727272727272727,0.49902152641878667,0.5349477581116431,0.00804289544235925,0.11574556830031282,Standard,0.0631818181818182,0.19999999999999996,0.21874999999999997,0.49090909090909085,0.3333333333333333,Android v16
realme,Realme 16T 5G,Mid-Range,0.03503363979950143,0.5466666666666666,0.6904777838598756,Average Value,1,0,1,mediatek,Dimensity,0.7777777777777777,0.3488372093023256,0.2727272727272727,0.24853228962818003,0.5731921858985146,0.0062555853440571935,0.1553701772679875,Standard,0.05840909090909091,0.19999999999999996,0.21874999999999997,0.8181818181818181,0.3333333333333333,Android v16
ai+,Ai+ Nova 5G,Budget,0.012371363592314083,0.39999999999999997,0.7124454429332232,Average Value,1,0,0,unisoc,Unisoc T8200,0.7777777777777777,0.3488372093023256,0.1818181818181818,0.24853228962818003,0.3819700469641573,0.0007149240393208221,0.46240296605260106,Slow Charging,0.0625,0.19999999999999996,0.21874999999999997,0.0,0.3333333333333333,Android v15
realme,Realme GT 7 (12GB RAM + 512GB),Premium,0.07629007548593685,0.8266666666666667,0.8822044026774358,Value King,1,1,1,mediatek,Dimensity 9400e,0.7777777777777777,0.6104651162790697,0.4545454545454545,1.0,0.5349477581116431,0.009830205540661306,0.09628084810566563,Super Fast,0.0631818181818182,0.19999999999999996,0.21874999999999997,0.49090909090909085,0.6666666666666667,Android v15
iqoo,iQOO Neo 10R (8GB RAM + 256GB),Premium,0.05973925289335266,0.6799999999999999,0.6470786423472601,Average Value,1,0,1,qualcomm,Snapdragon 8s Gen3,0.7777777777777777,0.49418604651162784,0.2727272727272727,0.49902152641878667,0.48905444476739734,0.0062555853440571935,0.132429614181439,Standard,0.0631818181818182,0.36,0.21874999999999997,0.49090909090909085,0.3333333333333333,Android v15
poco,Poco X7 5G (8GB RAM + 256GB),Mid-Range,0.030928408980785208,0.5733333333333333,0.7380965863429717,Average Value,1,1,1,mediatek,Dimensity 7300 Ultra,0.7777777777777777,0.3488372093023256,0.2727272727272727,0.49902152641878667,0.42021447475102874,0.003127792672028597,0.20287336345730508,Standard,0.06068181818181817,0.19999999999999996,0.21874999999999997,0.2727272727272727,0.6666666666666667,Android v14
samsung,Samsung Galaxy A06 5G,Budget,0.012371363592314083,0.38666666666666666,0.6886972615021157,Average Value,1,0,0,mediatek,Dimensity 6300,0.7777777777777777,0.3197674418604651,0.09090909090909091,0.1232876712328767,0.3819700469641573,0.0013404825737265416,0.33263816475495306,Standard,0.06136363636363637,0.0,0.21874999999999997,0.054545454545454536,0.3333333333333333,Android v15
samsung,Samsung Galaxy M15 5G Prime Edition (8GB RAM +128GB),Budget,0.01711165774210243,0.4133333333333334,0.7361936243643306,Average Value,1,0,0,mediatek,Dimensity 6100 Plus,0.7777777777777777,0.26162790697674415,0.2727272727272727,0.24853228962818003,0.4584589025379002,0.0013404825737265416,0.3993743482794578,Slow Charging,0.05681818181818182,0.0,0.21874999999999997,0.14545454545454545,0.6666666666666667,Android v14
google,Google Pixel 10 Pro XL,Flagship,0.2474272718462817,0.8,0.6646963893830509,Average Value,1,1,0,google,Tensor G5,0.7777777777777777,0.7209302325581393,0.6363636363636364,0.49902152641878667,0.3972678180789059,0.003127792672028597,0.19175066620322095,Standard,0.06363636363636363,0.19999999999999996,0.21874999999999997,0.6727272727272726,0.6666666666666667,Android v16
google,Google Pixel 7 Pro 5G,Premium,0.06598060582567511,0.6533333333333333,0.60432850410541,Average Value,1,1,0,google,Google  Tensor G2,0.7777777777777777,0.4505813953488372,0.4545454545454545,0.24853228962818003,0.3819700469641573,0.0017873100983020556,0.2770246784845325,Standard,0.06136363636363637,0.19999999999999996,0.21874999999999997,0.10545454545454547,0.6666666666666667,Android v13
vivo,Vivo Y11 5G,Budget,0.02061893932052347,0.3466666666666666,0.6174527172087935,Average Value,1,0,1,mediatek,Dimensity 6300,0.7777777777777777,0.3197674418604651,0.09090909090909091,0.1232876712328767,0.49670333032477165,0.0004468275245755139,0.7219325686478971,Slow Charging,0.062272727272727285,0.19999999999999996,0.026041666666666664,0.0,0.3333333333333333,Android v16
tecno,Tecno Pova Curve 2,Mid-Range,0.043918340752714995,0.5333333333333334,0.6666683826183276,Average Value,1,0,1,mediatek,Dimensity 7100,0.7777777777777777,0.3197674418604651,0.2727272727272727,0.24853228962818003,0.611436613685386,0.003127792672028597,0.29556250724133937,Standard,0.0631818181818182,0.36,0.21874999999999997,0.14545454545454545,0.3333333333333333,Android v16
nothing,Nothing Phone 3a Lite (8GB RAM + 256GB),Mid-Range,0.03874504887719566,0.5466666666666666,0.6904777838598756,Average Value,1,1,0,mediatek,Dimensity 7300 Pro,0.7777777777777777,0.3488372093023256,0.2727272727272727,0.49902152641878667,0.3819700469641573,0.002055406613047364,0.25174582108888677,Standard,0.06295454545454546,0.19999999999999996,0.21874999999999997,0.19999999999999998,0.6666666666666667,Android v15
samsung,Samsung Galaxy M17 5G (6GB RAM + 128GB),Mid-Range,0.021649886286549645,0.4266666666666667,0.4761931726859432,Overpriced,1,1,0,samsung,Exynos 1330,0.7777777777777777,0.3197674418604651,0.1818181818181818,0.24853228962818003,0.3819700469641573,0.0013404825737265416,0.33263816475495306,Standard,0.06136363636363637,0.0,0.21874999999999997,0.14545454545454545,0.6666666666666667,Android v15
nothing,Nothing Phone (4a) Pro (8GB RAM + 256GB),Premium,0.07787979570754922,0.7066666666666668,0.6898287805891102,Average Value,1,1,0,qualcomm,Snapdragon 7 Gen 4,0.7777777777777777,0.4360465116279069,0.2727272727272727,0.49902152641878667,0.41256558919365444,0.0035746201966041107,0.1791449426485923,Standard,0.06431818181818183,0.36,0.21874999999999997,0.49090909090909085,0.6666666666666667,Android v16
itel,itel Super 26 Ultra,Budget,0.010309469660261736,0.3466666666666666,0.6174527172087935,Average Value,0,1,1,unisoc,Unisoc T7300,0.7777777777777777,0.26162790697674415,0.2727272727272727,0.24853228962818003,0.4584589025379002,0.0007149240393208221,0.5550921098366354,Slow Charging,0.06363636363636363,0.36,0.21874999999999997,0.19999999999999998,0.3333333333333333,Android v15
samsung,Samsung Galaxy A17 5G (8GB RAM + 128GB),Mid-Range,0.030928408980785208,0.48000000000000004,0.5714307776521353,Average Value,1,1,0,samsung,Exynos 1330,0.7777777777777777,0.3197674418604651,0.2727272727272727,0.24853228962818003,0.3819700469641573,0.0013404825737265416,0.33263816475495306,Standard,0.06136363636363637,0.0,0.21874999999999997,0.14545454545454545,0.6666666666666667,Android v15
samsung,Samsung Galaxy F36 5G,Mid-Range,0.028662387549459677,0.52,0.6428589813767795,Average Value,1,1,0,samsung,Exynos 1380,0.7777777777777777,0.3197674418604651,0.1818181818181818,0.24853228962818003,0.3819700469641573,0.0013404825737265416,0.33263816475495306,Standard,0.06136363636363637,0.19999999999999996,0.21874999999999997,0.14545454545454545,0.6666666666666667,Android v15
xiaomi,Xiaomi Redmi A5 4G,Budget,0.0061856817961570415,0.2933333333333334,0.5224599914843637,Overpriced,0,0,0,unisoc,Unisoc T7250,0.7777777777777777,0.1453488372093023,0.04545454545454544,0.1232876712328767,0.3972678180789059,0.0004468275245755139,0.5773375043448037,Slow Charging,0.06545454545454546,0.19999999999999996,0.125,0.054545454545454536,0.0,Android v15
realme,Realme P3 5G (8GB RAM + 128GB),Mid-Range,0.024742727184628166,0.5333333333333334,0.6666683826183276,Average Value,1,1,0,qualcomm,Snapdragon 6 Gen4,0.7777777777777777,0.29069767441860456,0.2727272727272727,0.24853228962818003,0.4584589025379002,0.003127792672028597,0.22141119221411193,Standard,0.06068181818181817,0.19999999999999996,0.21874999999999997,0.19999999999999998,0.3333333333333333,Android v15
vivo,Vivo T4x 5G (8GB RAM + 256GB),Mid-Range,0.03278411351963232,0.46666666666666673,0.5476213764105873,Average Value,1,0,1,mediatek,Dimensity 7300,0.7777777777777777,0.3488372093023256,0.2727272727272727,0.49902152641878667,0.49670333032477165,0.0030384271671134943,0.24542610673997534,Standard,0.06181818181818183,0.19999999999999996,0.21874999999999997,0.054545454545454536,0.3333333333333333,Android v15
realme,Realme P1 5G (8GB RAM+ 128GB),Budget,0.02061893932052347,0.46666666666666673,0.8311863500887604,Value King,1,0,0,mediatek,Dimensity 7050,0.7777777777777777,0.377906976744186,0.2727272727272727,0.24853228962818003,0.3819700469641573,0.003127792672028597,0.1843355347004982,Standard,0.06068181818181817,0.19999999999999996,0.21874999999999997,0.19999999999999998,0.3333333333333333,Android v14
vivo,Vivo V40 5G,Premium,0.061856817961570415,0.6266666666666667,0.5615783658635598,Average Value,1,0,0,qualcomm,Snapdragon 7 Gen3,0.7777777777777777,0.38662790697674415,0.2727272727272727,0.24853228962818003,0.42021447475102874,0.0062555853440571935,0.11366006256517205,Super Fast,0.0631818181818182,0.19999999999999996,0.21874999999999997,0.8181818181818181,0.3333333333333333,Android v14
nothing,Nothing Phone 2a (8GB RAM + 256GB),Mid-Range,0.04123787864104694,0.6266666666666667,0.8333341913091639,Value King,1,1,0,mediatek,Dimensity 7200 Pro,0.7777777777777777,0.4360465116279069,0.2727272727272727,0.49902152641878667,0.3819700469641573,0.003127792672028597,0.1843355347004982,Standard,0.06136363636363637,0.19999999999999996,0.21874999999999997,0.49090909090909085,0.3333333333333333,Android v14
xiaomi,Xiaomi Redmi Note 13 5G (8GB RAM + 256GB),Mid-Range,0.024742727184628166,0.5333333333333334,0.6666683826183276,Average Value,1,0,1,mediatek,Dimensity 6080,0.7777777777777777,0.3197674418604651,0.2727272727272727,0.49902152641878667,0.3819700469641573,0.002055406613047364,0.25174582108888677,Standard,0.06068181818181817,0.19999999999999996,0.5208333333333334,0.19999999999999998,0.6666666666666667,Android v13
motorola,Motorola Moto Edge 50 Neo,Mid-Range,0.032990302912837555,0.5733333333333333,0.7380965863429717,Average Value,1,1,0,mediatek,Dimensity 7300,0.7777777777777777,0.3488372093023256,0.2727272727272727,0.49902152641878667,0.3291927366182747,0.00518319928507596,0.10470465558486168,Super Fast,0.054545454545454564,0.19999999999999996,0.21874999999999997,0.49090909090909085,0.6666666666666667,Android v14
nothing,Nothing Phone 3 5G,Flagship,0.15464204490392605,0.8,0.6646963893830509,Average Value,1,1,0,qualcomm,Snapdragon 8s Gen4,0.7777777777777777,0.5523255813953487,0.4545454545454545,0.49902152641878667,0.42021447475102874,0.004915102770330652,0.14012994304965107,Standard,0.06068181818181817,0.19999999999999996,0.21874999999999997,0.8181818181818181,0.6666666666666667,Android v15
oneplus,OnePlus Nord CE 4 Lite 5G,Mid-Range,0.030928408980785208,0.5333333333333334,0.6666683826183276,Average Value,1,0,0,qualcomm,Snapdragon 695,0.7777777777777777,0.26162790697674415,0.2727272727272727,0.24853228962818003,0.42021447475102874,0.0062555853440571935,0.11366006256517205,Super Fast,0.06068181818181817,0.19999999999999996,0.21874999999999997,0.19999999999999998,0.3333333333333333,Android v14
samsung,Samsung Galaxy M35 5G,Mid-Range,0.030928408980785208,0.5066666666666666,0.6190495801352315,Average Value,1,1,0,samsung,Exynos 1380,0.7777777777777777,0.3197674418604651,0.1818181818181818,0.24853228962818003,0.4584589025379002,0.0013404825737265416,0.3993743482794578,Slow Charging,0.05909090909090908,0.19999999999999996,0.21874999999999997,0.14545454545454545,0.6666666666666667,Android v14
vivo,Vivo V70 Elite 5G (12GB RAM + 512GB),Flagship,0.1175279541269838,0.8400000000000001,0.7137076561913059,Average Value,1,1,1,qualcomm,Snapdragon 8s Gen3,0.7777777777777777,0.49418604651162784,0.4545454545454545,1.0,0.49670333032477165,0.0071492403932082215,0.11945313405167421,Standard,0.05886363636363637,0.19999999999999996,0.21874999999999997,0.8181818181818181,0.6666666666666667,Android v16
realme,Realme 16 Pro 5G (8GB RAM + 256GB),Premium,0.06804249975772746,0.7200000000000002,0.7112038497100353,Average Value,1,0,0,mediatek,Dimensity 7300 Max,0.7777777777777777,0.3488372093023256,0.2727272727272727,0.49902152641878667,0.5349477581116431,0.0062555853440571935,0.14494264859228362,Standard,0.0631818181818182,0.36,0.9999999999999999,0.8181818181818181,0.3333333333333333,Android v16
infinix,Infinix Note Edge 5G,Mid-Range,0.03711409077694225,0.5733333333333333,0.7380965863429717,Average Value,1,1,1,mediatek,Dimensity 7100,0.7777777777777777,0.3197674418604651,0.1818181818181818,0.24853228962818003,0.49670333032477165,0.003127792672028597,0.2399490209709188,Standard,0.0631818181818182,0.19999999999999996,0.21874999999999997,0.14545454545454545,0.3333333333333333,Android v16
oneplus,OnePlus 16R 5G,Premium,0.09484712087440797,0.76,0.7753290570728105,Average Value,1,1,1,qualcomm,Octa Core Processor,0.7777777777777777,0.3488372093023256,0.4545454545454545,0.49902152641878667,0.5731921858985146,0.009830205540661306,0.1032325338894682,Super Fast,0.06409090909090909,0.5,0.21874999999999997,0.49090909090909085,0.6666666666666667,Android v17
oppo,Oppo Find X9s,Premium,0.09482856382901951,0.8,0.8394542644355857,Value King,1,1,1,mediatek,Dimensity 9500s,0.7777777777777777,0.3488372093023256,0.4545454545454545,0.49902152641878667,0.7644143248328719,0.0062555853440571935,0.20750782064650677,Standard,0.052272727272727276,0.19999999999999996,0.9999999999999999,0.49090909090909085,0.6666666666666667,Android v15
xiaomi,Xiaomi 17 Pro Max,Flagship,0.2082327300918986,0.9466666666666668,0.8444043676799861,Value King,1,1,1,qualcomm,Snapdragon 8 Elite Gen 5,0.7777777777777777,0.959302325581395,0.4545454545454545,1.0,0.5731921858985146,0.00804289544235925,0.1240875912408759,Standard,0.06590909090909092,0.19999999999999996,0.21874999999999997,0.19999999999999998,0.3333333333333333,Android v16
nothing,Nothing Phone 4a (12GB RAM + 256GB),Premium,0.06429603848318835,0.6799999999999999,0.6470786423472601,Average Value,1,1,0,qualcomm,Snapdragon 7s Gen4,0.7777777777777777,0.4069767441860465,0.4545454545454545,0.49902152641878667,0.41256558919365444,0.0035746201966041107,0.1791449426485923,Standard,0.0631818181818182,0.19999999999999996,0.21874999999999997,0.49090909090909085,0.6666666666666667,Android v16
oppo,Oppo K13 Turbo (8GB RAM + 256GB),Mid-Range,0.05154734830130868,0.6266666666666667,0.8333341913091639,Value King,1,0,1,mediatek,Dimensity 8450,0.7777777777777777,0.566860465116279,0.2727272727272727,0.49902152641878667,0.5349477581116431,0.0062555853440571935,0.14494264859228362,Standard,0.06363636363636363,0.19999999999999996,0.21874999999999997,0.19999999999999998,0.3333333333333333,Android v15
iqoo,iQOO 15 Ultra,Flagship,0.19586136649958452,0.8666666666666667,0.7463818340634759,Average Value,1,1,1,qualcomm,Snapdragon 8 Elite Gen 5,0.7777777777777777,0.959302325581395,0.6363636363636364,0.49902152641878667,0.5655433003411403,0.00804289544235925,0.12241918665276329,Standard,0.06477272727272726,0.36,0.21874999999999997,0.49090909090909085,0.6666666666666667,Android v16
iqoo,iQOO Neo 10 (8GB RAM + 256GB),Premium,0.06597854393174306,0.76,0.7753290570728105,Average Value,1,1,1,qualcomm,Snapdragon 8s Gen4,0.7777777777777777,0.5523255813953487,0.2727272727272727,0.49902152641878667,0.5349477581116431,0.009830205540661306,0.09628084810566563,Super Fast,0.0631818181818182,0.36,0.21874999999999997,0.49090909090909085,0.3333333333333333,Android v15
realme,Realme C100,Mid-Range,0.022662276207187346,0.46666666666666673,0.5476213764105873,Average Value,1,0,0,unknown,Octa Core Processor,0.7777777777777777,0.3488372093023256,0.2727272727272727,0.24853228962818003,0.5731921858985146,0.0030384271671134943,0.2833443928334439,Standard,0.06068181818181817,0.36,0.21874999999999997,0.19999999999999998,0.3333333333333333,Android v16
vivo,Vivo X300s,Flagship,0.13194265460596175,0.8666666666666667,0.7463818340634759,Average Value,1,1,1,mediatek,Dimensity 9500,0.7777777777777777,0.8459302325581393,0.4545454545454545,0.49902152641878667,0.5425966436690174,0.0071492403932082215,0.1305758313057583,Standard,0.0631818181818182,0.36,0.9999999999999999,0.8181818181818181,0.6666666666666667,Android v16
lava,Lava Agni 4 5G,Mid-Range,0.04123787864104694,0.6266666666666667,0.8333341913091639,Value King,1,0,0,mediatek,Dimensity 8350,0.7777777777777777,0.5959302325581395,0.2727272727272727,0.49902152641878667,0.3819700469641573,0.005004468275245755,0.1253515341106582,Standard,0.06068181818181817,0.19999999999999996,0.21874999999999997,0.8181818181818181,0.3333333333333333,Android v15
vivo,Vivo Y04,Budget,0.008229018682820919,0.24000000000000005,0.42746726575993393,Overpriced,0,0,0,unisoc,Unisoc T7225,0.7777777777777777,0.20348837209302323,0.09090909090909091,0.1232876712328767,0.3819700469641573,0.0007149240393208221,0.46240296605260106,Slow Charging,0.062272727272727285,0.0,0.026041666666666664,0.0,0.3333333333333333,Android v14
nubia,Nubia Z70 Ultra,Premium,0.10101424562517655,0.76,0.7753290570728105,Average Value,1,1,1,qualcomm,Snapdragon 8 Elite,0.7777777777777777,0.877906976744186,0.4545454545454545,0.49902152641878667,0.46993223087396163,0.0062555853440571935,0.12721584984358708,Standard,0.06477272727272726,0.36,0.29166666666666663,0.19999999999999998,0.6666666666666667,Android v15
iqoo,iQOO Z10 Turbo,Mid-Range,0.03503363979950143,0.6266666666666667,0.8333341913091639,Value King,1,1,1,mediatek,Dimensity 8400,0.7777777777777777,0.566860465116279,0.4545454545454545,0.49902152641878667,0.5823708485673638,0.0071492403932082215,0.14021550225929788,Standard,0.0631818181818182,0.36,0.21874999999999997,0.19999999999999998,0.3333333333333333,Android v15
infinix,Infinix Hot 50 5G (8 GB RAM + 128 GB),Budget,0.012371363592314083,0.4133333333333334,0.7361936243643306,Average Value,1,0,0,mediatek,Dimensity 6300,0.7777777777777777,0.3197674418604651,0.2727272727272727,0.24853228962818003,0.3819700469641573,0.0007149240393208221,0.46240296605260106,Slow Charging,0.06136363636363637,0.19999999999999996,0.20833333333333334,0.054545454545454536,0.3333333333333333,Android v14
vivo,Vivo X200 5G,Premium,0.11338560921749063,0.76,0.7753290570728105,Average Value,1,1,1,mediatek,Dimensity 9400,0.7777777777777777,0.6773255813953487,0.4545454545454545,0.49902152641878667,0.4431611314231516,0.0071492403932082215,0.10647665392190939,Super Fast,0.06068181818181817,0.19999999999999996,0.21874999999999997,0.49090909090909085,0.6666666666666667,Android v15
oppo,OPPO Reno 11,Mid-Range,0.04948545436925633,0.6266666666666667,0.8333341913091639,Value King,1,1,1,mediatek,Dimensity 7050,0.7777777777777777,0.377906976744186,0.2727272727272727,0.24853228962818003,0.3819700469641573,0.005093833780160858,0.12346505221546077,Standard,0.06136363636363637,0.19999999999999996,0.21874999999999997,0.49090909090909085,0.6666666666666667,Android v14
vivo,Vivo T2x 5G,Budget,0.01443325752436643,0.36000000000000004,0.6412008986399009,Average Value,1,0,0,mediatek,Dimensity 6020,0.7777777777777777,0.26162790697674415,0.09090909090909091,0.24853228962818003,0.3819700469641573,0.0007149240393208221,0.46240296605260106,Slow Charging,0.05863636363636365,0.19999999999999996,0.21874999999999997,0.054545454545454536,0.3333333333333333,Android v13
honor,Honor X80i,Mid-Range,0.04121932159565848,0.5066666666666666,0.6190495801352315,Average Value,1,1,1,mediatek,Dimensity 6500  Elite,0.7777777777777777,0.377906976744186,0.2727272727272727,0.24853228962818003,0.5349477581116431,0.003127792672028597,0.2584868497277256,Standard,0.05909090909090908,0.19999999999999996,0.21874999999999997,0.054545454545454536,0.0,Android v16
samsung,Samsung Galaxy A57 (12GB RAM + 256GB),Flagship,0.11855890109300996,0.6933333333333334,0.5339996778943706,Overpriced,1,1,0,samsung,Exynos 1680,0.7777777777777777,0.4651162790697673,0.4545454545454545,0.49902152641878667,0.3819700469641573,0.003127792672028597,0.1843355347004982,Standard,0.06136363636363637,0.19999999999999996,0.21874999999999997,0.12727272727272726,0.6666666666666667,Android v16
red,Red Magic 11 Air,Premium,0.08658098810081011,0.6933333333333334,0.6684537114681851,Average Value,1,1,1,qualcomm,Snapdragon 8 Elite,0.7777777777777777,0.877906976744186,0.4545454545454545,0.49902152641878667,0.5349477581116431,0.009830205540661306,0.09628084810566563,Super Fast,0.06477272727272726,0.36,0.21874999999999997,0.19999999999999998,0.3333333333333333,Android v16
realme,Realme GT 8 Pro (16GB RAM + 512GB),Flagship,0.1525801509718737,0.9600000000000002,0.860741456616071,Value King,1,1,1,qualcomm,Snapdragon 8 Elite Gen 5,0.7777777777777777,0.959302325581395,0.6363636363636364,1.0,0.5349477581116431,0.009830205540661306,0.09628084810566563,Super Fast,0.06340909090909091,0.36,0.9999999999999999,0.49090909090909085,0.6666666666666667,Android v16
xiaomi,Xiaomi Redmi K90 Pro Max,Premium,0.09482856382901951,0.8400000000000001,0.903579471798361,Value King,1,1,1,qualcomm,Snapdragon 8 Elite Gen 5,0.7777777777777777,0.959302325581395,0.4545454545454545,0.49902152641878667,0.5731921858985146,0.00804289544235925,0.1240875912408759,Standard,0.06590909090909092,0.19999999999999996,0.21874999999999997,0.49090909090909085,0.6666666666666667,Android v16
infinix,Infinix GT 30 Pro 5G (12GB RAM + 256GB),Mid-Range,0.05154734830130868,0.7200000000000002,1.0,Performance Beast,1,1,1,mediatek,Dimensity 8350 Ultimate,0.7777777777777777,0.5959302325581395,0.4545454545454545,0.49902152641878667,0.42021447475102874,0.003127792672028597,0.20287336345730508,Standard,0.0631818181818182,0.36,0.5208333333333334,0.14545454545454545,0.3333333333333333,Android v15
vivo,Vivo T4 5G (8GB RAM + 256GB),Mid-Range,0.0440956636308715,0.5866666666666667,0.7619059875845198,Average Value,1,0,1,qualcomm,Snapdragon 7s Gen3,0.7777777777777777,0.3488372093023256,0.2727272727272727,0.49902152641878667,0.557894414783766,0.0071492403932082215,0.1342833970571197,Standard,0.06295454545454546,0.19999999999999996,0.21874999999999997,0.49090909090909085,0.3333333333333333,Android v15
samsung,Samsung Galaxy S25 Ultra (12GB RAM + 512GB),Flagship,0.2762896631071504,0.8933333333333335,0.779056011935646,Average Value,1,1,0,qualcomm,Snapdragon 8 Elite for Galaxy,0.7777777777777777,0.9215116279069764,0.4545454545454545,1.0,0.3819700469641573,0.003127792672028597,0.1843355347004982,Standard,0.06590909090909092,0.19999999999999996,0.9999999999999999,0.12727272727272726,1.0,Android v15
tecno,Tecno Pop 9 5G (8GB RAM + 128GB),Budget,0.012371363592314083,0.4266666666666667,0.759941805795438,Average Value,1,1,1,mediatek,Dimensity 6300,0.7777777777777777,0.3197674418604651,0.2727272727272727,0.24853228962818003,0.3819700469641573,0.0007149240393208221,0.46240296605260106,Slow Charging,0.06068181818181817,0.19999999999999996,0.20833333333333334,0.054545454545454536,0.3333333333333333,Android v14
xiaomi,Xiaomi Redmi 14C 5G (4GB RAM + 128GB),Budget,0.01134041662628791,0.39999999999999997,0.7124454429332232,Average Value,1,0,0,qualcomm,Snapdragon 4 Gen2,0.7777777777777777,0.26162790697674415,0.09090909090909091,0.24853228962818003,0.39420826385595614,0.0007149240393208221,0.4772332290580466,Slow Charging,0.06545454545454546,0.19999999999999996,0.21874999999999997,0.054545454545454536,0.3333333333333333,Android v14
poco,Poco C85 5G,Budget,0.016383809184087952,0.4533333333333333,0.8074381686576529,Average Value,1,1,0,mediatek,Dimensity 6300,0.7777777777777777,0.3197674418604651,0.09090909090909091,0.24853228962818003,0.4584589025379002,0.002055406613047364,0.3023035358801782,Standard,0.06590909090909092,0.19999999999999996,0.21874999999999997,0.054545454545454536,0.3333333333333333,Android v15
poco,Poco M7 Pro 5G (8GB RAM + 256GB),Mid-Range,0.026804621116680513,0.52,0.6428589813767795,Average Value,1,0,1,mediatek,Dimensity 7025 Ultra,0.7777777777777777,0.3488372093023256,0.2727272727272727,0.49902152641878667,0.39038382107726904,0.003127792672028597,0.1884138570269957,Standard,0.06068181818181817,0.19999999999999996,0.21874999999999997,0.2727272727272727,0.3333333333333333,Android v14
poco,Poco C75 5G,Budget,0.012284764047167884,0.36000000000000004,0.6412008986399009,Average Value,1,0,0,qualcomm,Snapdragon 4s Gen2,0.7777777777777777,0.20348837209302323,0.09090909090909091,0.1232876712328767,0.39420826385595614,0.0007149240393208221,0.4772332290580466,Slow Charging,0.06545454545454546,0.19999999999999996,0.21874999999999997,0.0,0.3333333333333333,Android v14
apple,Apple iPhone 16 (256GB),Flagship,0.15443791740465287,0.6266666666666667,0.4523142332139456,Overpriced,1,1,0,apple,Bionic A18,0.5555555555555556,0.7965116279069766,0.2727272727272727,0.49902152641878667,0.27190258379354126,0.003127792672028597,0.18665276329509906,Slow Charging,0.04772727272727273,0.19999999999999996,0.20833333333333334,0.12727272727272726,0.3333333333333333,iOS v18
samsung,Samsung Galaxy A55 5G (12GB RAM + 256GB),Premium,0.07216628762183215,0.5733333333333333,0.4760780893798594,Overpriced,1,1,0,samsung,Exynos 1480,0.7777777777777777,0.4069767441860465,0.4545454545454545,0.49902152641878667,0.3819700469641573,0.0013404825737265416,0.33263816475495306,Standard,0.05909090909090908,0.19999999999999996,0.21874999999999997,0.49090909090909085,0.6666666666666667,Android v14
google,Google Pixel 8 5G,Premium,0.09897090873851266,0.5466666666666666,0.4333279511380093,Overpriced,1,1,0,google,Tensor G3,0.8888888888888888,0.49418604651162784,0.2727272727272727,0.24853228962818003,0.3494622833453166,0.0017873100983020556,0.2533889468196037,Standard,0.05000000000000002,0.19999999999999996,0.21874999999999997,0.09999999999999998,0.3333333333333333,Android v14
xiaomi,Xiaomi Redmi 15A 5G (4GB RAM + 128GB),Budget,0.019587992354497298,0.46666666666666673,0.8311863500887604,Value King,1,0,1,unisoc,Unisoc T8300,0.7777777777777777,0.26162790697674415,0.09090909090909091,0.24853228962818003,0.4814055592100231,0.002055406613047364,0.3174708503175656,Standard,0.06590909090909092,0.19999999999999996,0.125,0.054545454545454536,0.0,Android v16
poco,Poco X8 Pro 5G (12GB RAM + 256GB),Premium,0.06391871189362276,0.7200000000000002,0.7112038497100353,Average Value,1,0,1,mediatek,Dimensity 8500 Ultra,0.7777777777777777,0.6104651162790697,0.4545454545454545,0.49902152641878667,0.49670333032477165,0.00804289544235925,0.10740354535974973,Super Fast,0.05886363636363637,0.19999999999999996,0.21874999999999997,0.2727272727272727,0.3333333333333333,Android v16
oppo,OPPO K14x 5G  (6GB RAM + 128GB),Mid-Range,0.026761321344107414,0.4266666666666667,0.4761931726859432,Overpriced,1,0,0,mediatek,Dimensity 6300,0.7777777777777777,0.3197674418604651,0.1818181818181818,0.24853228962818003,0.49670333032477165,0.003127792672028597,0.2399490209709188,Standard,0.0625,0.19999999999999996,0.21874999999999997,0.0,0.3333333333333333,Android v15
realme,Realme 17 Pro Plus 5G,Premium,0.07833341237260072,0.7466666666666668,0.7539539879518854,Average Value,1,1,1,unknown,Octa Core Processor,0.7777777777777777,0.3488372093023256,0.2727272727272727,0.24853228962818003,0.611436613685386,0.0062555853440571935,0.16579770594369134,Standard,0.06363636363636363,0.36,0.9999999999999999,0.8181818181818181,0.6666666666666667,Android v17
xiaomi,Xiaomi Redmi Note 15 Pro 5G (8GB RAM + 256GB),Premium,0.053609242233361026,0.6799999999999999,0.6470786423472601,Average Value,1,0,1,mediatek,Dimensity 7400 Ultra,0.7777777777777777,0.377906976744186,0.2727272727272727,0.49902152641878667,0.5028224387706711,0.003127792672028597,0.2429150735720079,Standard,0.06431818181818183,0.19999999999999996,0.9999999999999999,0.2727272727272727,0.3333333333333333,Android v15
xiaomi,Xiaomi Redmi 16C 5G,Budget,0.018557045388471125,0.4133333333333334,0.7361936243643306,Average Value,1,0,0,unknown,Octa Core Processor,0.7777777777777777,0.3488372093023256,0.09090909090909091,0.24853228962818003,0.49670333032477165,0.002055406613047364,0.32758239327582395,Standard,0.06613636363636363,0.19999999999999996,0.21874999999999997,0.19999999999999998,0.3333333333333333,Android v16
vivo,Vivo Y51 Pro 5G (256GB),Mid-Range,0.047423560437203985,0.52,0.6428589813767795,Average Value,1,0,1,mediatek,Dimensity 7360 Turbo,0.7777777777777777,0.3488372093023256,0.2727272727272727,0.49902152641878667,0.5502455292263917,0.0030384271671134943,0.2719689070054033,Standard,0.0625,0.19999999999999996,0.21874999999999997,0.054545454545454536,0.3333333333333333,Android v16
vivo,Vivo S50 Pro Mini,Premium,0.0907047759649148,0.7733333333333334,0.7967041261937355,Average Value,1,1,1,qualcomm,Snapdragon 8 Gen5,0.7777777777777777,0.7383720930232556,0.4545454545454545,0.49902152641878667,0.49670333032477165,0.0071492403932082215,0.11945313405167421,Standard,0.05249999999999999,0.19999999999999996,0.21874999999999997,0.8181818181818181,0.6666666666666667,Android v16
vivo,Vivo Y31 5G (6GB RAM + 128GB),Mid-Range,0.032990302912837555,0.46666666666666673,0.5476213764105873,Average Value,1,0,0,qualcomm,Snapdragon 4 Gen2,0.7777777777777777,0.26162790697674415,0.1818181818181818,0.24853228962818003,0.49670333032477165,0.0030384271671134943,0.24542610673997534,Standard,0.06090909090909091,0.19999999999999996,0.21874999999999997,0.054545454545454536,0.0,Android v15
infinix,Infinix Hot 60i 5G,Budget,0.013402310558340257,0.4533333333333333,0.8074381686576529,Average Value,1,0,1,mediatek,Dimensity 6400,0.7777777777777777,0.3488372093023256,0.09090909090909091,0.24853228962818003,0.4584589025379002,0.003127792672028597,0.22141119221411193,Standard,0.0625,0.19999999999999996,0.21874999999999997,0.0,0.0,Android v15
tecno,Tecno Pova 7 5G (8GB RAM + 256GB),Mid-Range,0.02268083325257582,0.52,0.6428589813767795,Average Value,1,1,1,mediatek,Dimensity 7300 Ultimate,0.7777777777777777,0.3488372093023256,0.2727272727272727,0.49902152641878667,0.4584589025379002,0.003127792672028597,0.22141119221411193,Standard,0.0631818181818182,0.36,0.21874999999999997,0.14545454545454545,0.3333333333333333,Android v15
vivo,Vivo X200 FE (16GB RAM + 512GB),Premium,0.1134041662628791,0.8400000000000001,0.903579471798361,Value King,1,1,1,mediatek,Dimensity 9300 Plus,0.7777777777777777,0.566860465116279,0.6363636363636364,1.0,0.49670333032477165,0.0071492403932082215,0.11945313405167421,Standard,0.05249999999999999,0.19999999999999996,0.21874999999999997,0.8181818181818181,0.6666666666666667,Android v15
iqoo,iQOO Z10 Lite 5G (6GB RAM + 128GB),Budget,0.02061893932052347,0.38666666666666666,0.6886972615021157,Average Value,1,0,0,mediatek,Dimensity 6300,0.7777777777777777,0.3197674418604651,0.1818181818181818,0.24853228962818003,0.4584589025379002,0.0004468275245755139,0.6663190823774765,Slow Charging,0.062272727272727285,0.0,0.21874999999999997,0.0,0.3333333333333333,Android v15
acer,Acer Super ZX 5G  (6GB RAM + 128GB),Budget,0.015464204490392604,0.39999999999999997,0.7124454429332232,Average Value,1,0,0,mediatek,Dimensity 6300,0.7777777777777777,0.3197674418604651,0.1818181818181818,0.24853228962818003,0.3819700469641573,0.002055406613047364,0.25174582108888677,Standard,0.06363636363636363,0.19999999999999996,0.29166666666666663,0.14545454545454545,0.6666666666666667,Android v15
oneplus,OnePlus 13T,Premium,0.07214773057644368,0.7466666666666668,0.7539539879518854,Average Value,1,1,1,qualcomm,Snapdragon 8 Elite,0.7777777777777777,0.877906976744186,0.4545454545454545,0.49902152641878667,0.47834600498707336,0.0062555853440571935,0.12950990615224192,Standard,0.052727272727272734,0.19999999999999996,0.21874999999999997,0.19999999999999998,0.3333333333333333,Android v15
apple,Apple iPhone 16 Pro (256GB),Flagship,0.2236969345822912,0.7066666666666668,0.5503367668304557,Average Value,1,1,0,apple,Bionic A18 Pro,0.5555555555555556,0.7994186046511627,0.2727272727272727,0.49902152641878667,0.27350884976058987,0.003127792672028597,0.18665276329509906,Slow Charging,0.052272727272727276,0.19999999999999996,0.20833333333333334,0.12727272727272726,0.6666666666666667,iOS v18
xiaomi,Xiaomi Redmi A4 5G,Budget,0.012371363592314083,0.36000000000000004,0.6412008986399009,Average Value,1,0,0,qualcomm,Snapdragon 4s Gen2,0.7777777777777777,0.20348837209302323,0.09090909090909091,0.1232876712328767,0.39420826385595614,0.0007149240393208221,0.4772332290580466,Slow Charging,0.06545454545454546,0.19999999999999996,0.21874999999999997,0.0,0.3333333333333333,Android v14
samsung,Samsung Galaxy S24 5G,Flagship,0.11544750314954297,0.6933333333333334,0.5339996778943706,Overpriced,1,1,0,samsung,Exynos 2400,1.0,0.5523255813953487,0.2727272727272727,0.49902152641878667,0.3054811913904144,0.0013404825737265416,0.2659019812304484,Standard,0.05000000000000002,0.19999999999999996,0.21874999999999997,0.12727272727272726,0.6666666666666667,Android v14
oneplus,OnePlus 11R 5G,Premium,0.06391871189362276,0.5733333333333333,0.4760780893798594,Overpriced,1,1,1,qualcomm,Snapdragon 8+ Gen1,0.7777777777777777,0.5523255813953487,0.2727272727272727,0.24853228962818003,0.3819700469641573,0.00804289544235925,0.08237747653806048,Super Fast,0.062272727272727285,0.19999999999999996,0.21874999999999997,0.19999999999999998,0.6666666666666667,Android v13
xiaomi,Xiaomi Redmi Note 15 Pro Plus (12GB RAM + 512GB),Premium,0.07835196941798919,0.7733333333333334,0.7967041261937355,Average Value,1,1,1,qualcomm,Snapdragon 7s Gen4,0.7777777777777777,0.4069767441860465,0.4545454545454545,1.0,0.49670333032477165,0.00804289544235925,0.10740354535974973,Super Fast,0.06431818181818183,0.19999999999999996,0.9999999999999999,0.49090909090909085,0.3333333333333333,Android v15
poco,Poco F8 Ultra,Flagship,0.12369507887775236,0.8933333333333335,0.779056011935646,Average Value,1,1,1,qualcomm,Snapdragon 8 Elite Gen 5,0.7777777777777777,0.959302325581395,0.4545454545454545,0.49902152641878667,0.49670333032477165,0.00804289544235925,0.10740354535974973,Super Fast,0.06590909090909092,0.19999999999999996,0.21874999999999997,0.49090909090909085,0.6666666666666667,Android v16
apple,Apple iPhone 17 Pro Max (2TB),Flagship,0.44947432014202326,0.8133333333333335,0.6810334783191359,Average Value,1,1,0,apple,Apple A19 Pro,0.5555555555555556,0.3488372093023256,0.4545454545454545,0.0019569471624266144,0.3691199192277685,0.003127792672028597,0.18665276329509906,Slow Charging,0.06590909090909092,0.19999999999999996,0.20833333333333334,0.23636363636363636,0.6666666666666667,iOS v26
samsung,Samsung Galaxy M07 4G,Budget,0.009278522694235562,0.3066666666666667,0.5462081729154711,Average Value,0,0,0,mediatek,Helio G99,0.7777777777777777,0.26162790697674415,0.09090909090909091,0.1232876712328767,0.3819700469641573,0.0013404825737265416,0.33263816475495306,Standard,0.06136363636363637,0.19999999999999996,0.21874999999999997,0.054545454545454536,0.3333333333333333,Android v15
samsung,Samsung Galaxy A17 5G (8GB RAM + 256GB),Mid-Range,0.044330719539125464,0.5066666666666666,0.6190495801352315,Average Value,1,1,0,samsung,Exynos 1330,0.7777777777777777,0.3197674418604651,0.2727272727272727,0.49902152641878667,0.3819700469641573,0.0013404825737265416,0.33263816475495306,Standard,0.06136363636363637,0.0,0.21874999999999997,0.14545454545454545,0.6666666666666667,Android v15
tecno,Tecno Spark 40 Pro Plus,Mid-Range,0.026804621116680513,0.48000000000000004,0.5714307776521353,Average Value,0,1,1,mediatek,Helio G200,0.7777777777777777,0.26162790697674415,0.2727272727272727,0.24853228962818003,0.3972678180789059,0.003127792672028597,0.19175066620322095,Standard,0.0631818181818182,0.36,0.21874999999999997,0.14545454545454545,0.0,Android v15
realme,Realme Narzo 80 Lite 5G,Budget,0.01694670622753824,0.39999999999999997,0.7124454429332232,Average Value,1,0,0,mediatek,Dimensity 6300,0.7777777777777777,0.3197674418604651,0.09090909090909091,0.24853228962818003,0.4584589025379002,0.0004468275245755139,0.6663190823774765,Slow Charging,0.06068181818181817,0.19999999999999996,0.125,0.054545454545454536,0.3333333333333333,Android v15
iqoo,iQOO Neo 10 (12GB RAM + 256GB),Premium,0.07010233179584775,0.76,0.7753290570728105,Average Value,1,1,1,qualcomm,Snapdragon 8s Gen4,0.7777777777777777,0.5523255813953487,0.4545454545454545,0.49902152641878667,0.5349477581116431,0.009830205540661306,0.09628084810566563,Super Fast,0.0631818181818182,0.36,0.21874999999999997,0.49090909090909085,0.3333333333333333,Android v15
oneplus,OnePlus 13R (16GB RAM + 512GB),Premium,0.08453765121414623,0.7733333333333334,0.7967041261937355,Average Value,1,1,1,qualcomm,Snapdragon 8 Gen3,0.7777777777777777,0.5813953488372092,0.6363636363636364,1.0,0.4584589025379002,0.0062555853440571935,0.1240875912408759,Standard,0.0631818181818182,0.19999999999999996,0.21874999999999997,0.19999999999999998,0.6666666666666667,Android v15
infinix,Infinix Smart 9 HD,Budget,0.00350521968448899,0.26666666666666666,0.4749636286221488,Overpriced,0,0,1,mediatek,Helio G50,0.7777777777777777,0.26162790697674415,0.04545454545454544,0.1232876712328767,0.3819700469641573,0.0,0.8331595411887383,Slow Charging,0.06136363636363637,0.0,0.026041666666666664,0.054545454545454536,0.0,Android v14
honor,Honor X9c,Mid-Range,0.03711409077694225,0.5333333333333334,0.6666683826183276,Average Value,1,1,1,qualcomm,Snapdragon 6 Gen1,0.7777777777777777,0.26162790697674415,0.2727272727272727,0.49902152641878667,0.504352215882146,0.005004468275245755,0.16579770594369134,Standard,0.0631818181818182,0.19999999999999996,0.5208333333333334,0.19999999999999998,0.3333333333333333,Android v14
samsung,Samsung Galaxy S24 FE (256GB),Premium,0.08453765121414623,0.6400000000000001,0.5829534349844848,Average Value,1,1,0,samsung,Exynos 2400e,1.0,0.5261627906976742,0.2727272727272727,0.49902152641878667,0.35902339029203445,0.0013404825737265416,0.31261730969760165,Standard,0.06136363636363637,0.19999999999999996,0.21874999999999997,0.09090909090909091,0.6666666666666667,Android v14
oneplus,OnePlus Nord 4 5G (8GB RAM + 256GB),Mid-Range,0.05154734830130868,0.6266666666666667,0.8333341913091639,Value King,1,1,1,qualcomm,Snapdragon 7+ Gen3,0.7777777777777777,0.4360465116279069,0.2727272727272727,0.49902152641878667,0.42021447475102874,0.00804289544235925,0.09071949947862357,Super Fast,0.062272727272727285,0.19999999999999996,0.21874999999999997,0.19999999999999998,0.3333333333333333,Android v14
xiaomi,Xiaomi 14 Civi,Premium,0.05771447305207725,0.6533333333333333,0.60432850410541,Average Value,1,1,1,qualcomm,Snapdragon 8s Gen3,0.7777777777777777,0.49418604651162784,0.2727272727272727,0.49902152641878667,0.35902339029203445,0.005093833780160858,0.11599458391047889,Standard,0.05795454545454545,0.19999999999999996,0.21874999999999997,0.49090909090909085,0.6666666666666667,Android v14
honor,Honor 200,Mid-Range,0.05154734830130868,0.5466666666666666,0.6904777838598756,Average Value,1,1,0,qualcomm,Snapdragon 7 Gen3,0.7777777777777777,0.38662790697674415,0.2727272727272727,0.49902152641878667,0.3972678180789059,0.00804289544235925,0.08571428571428572,Super Fast,0.06136363636363637,0.19999999999999996,0.21874999999999997,0.8181818181818181,0.6666666666666667,Android v14
vivo,Vivo Y03,Budget,0.004105230818716223,0.22666666666666663,0.40371908432882647,Overpriced,0,0,0,mediatek,Helio G85,0.7777777777777777,0.20348837209302323,0.09090909090909091,0.1232876712328767,0.3819700469641573,0.0004468275245755139,0.5550921098366354,Slow Charging,0.05818181818181817,0.0,0.026041666666666664,0.0,0.3333333333333333,Android v14
oneplus,OnePlus 9R (12GB RAM + 256GB),Premium,0.05360305655156487,0.5466666666666666,0.4333279511380093,Overpriced,1,1,0,qualcomm,Snapdragon 870,0.7777777777777777,0.5523255813953487,0.4545454545454545,0.49902152641878667,0.34372561917728583,0.004915102770330652,0.1144621801556108,Super Fast,0.05795454545454545,0.19999999999999996,0.20833333333333334,0.19999999999999998,1.0,Android v11
realme,Realme Narzo 90x (4GB+128GB),Mid-Range,0.02268083325257582,0.4533333333333333,0.5238119751690393,Overpriced,1,0,0,mediatek,Dimensity 6300,0.7777777777777777,0.3197674418604651,0.09090909090909091,0.24853228962818003,0.5349477581116431,0.004468275245755138,0.19360444907890167,Standard,0.06363636363636363,0.36,0.21874999999999997,0.054545454545454536,0.3333333333333333,Android v15
lava,Lava Bold N2,Budget,0.006598060582567511,0.27999999999999997,0.49871181005325627,Overpriced,1,0,0,unisoc,UNISOC 9863a,0.7777777777777777,0.3488372093023256,0.09090909090909091,0.1232876712328767,0.3819700469641573,0.0,0.8331595411887383,Slow Charging,0.0625,0.0,0.026041666666666664,0.0,0.3333333333333333,Android 15 Go
realme,Realme 16 Pro 5G (12GB RAM + 256GB),Premium,0.0742281815538845,0.7466666666666668,0.7539539879518854,Average Value,1,0,0,mediatek,Dimensity 7300 Max,0.7777777777777777,0.3488372093023256,0.4545454545454545,0.49902152641878667,0.5349477581116431,0.0062555853440571935,0.14494264859228362,Standard,0.0631818181818182,0.36,0.9999999999999999,0.8181818181818181,0.3333333333333333,Android v16
vivo,Vivo Y19s 5G,Mid-Range,0.021649886286549645,0.36000000000000004,0.357146166478203,Overpriced,1,0,0,mediatek,Dimensity 6300,0.7777777777777777,0.3197674418604651,0.1818181818181818,0.24853228962818003,0.4584589025379002,0.0004468275245755139,0.6663190823774765,Slow Charging,0.062272727272727285,0.0,0.026041666666666664,0.0,0.3333333333333333,Android v15
xiaomi,Xiaomi 18 Pro Max,Flagship,0.17524242717906105,0.8800000000000001,0.762718922999561,Average Value,1,1,1,qualcomm,Snapdragon 8 Elite Gen 6,0.7777777777777777,0.3488372093023256,0.4545454545454545,1.0,0.611436613685386,0.009830205540661306,0.11018421967327077,Super Fast,0.06590909090909092,0.19999999999999996,0.9999999999999999,0.8181818181818181,0.6666666666666667,Android v17
iqoo,iQOO 16,Flagship,0.14431401819827583,0.8266666666666667,0.6973705672552208,Average Value,1,1,1,qualcomm,Snapdragon 8 Elite Gen 6,0.7777777777777777,0.3488372093023256,0.4545454545454545,0.49902152641878667,0.5731921858985146,0.012511170688114387,0.08237747653806048,Super Fast,0.06568181818181817,0.5,0.21874999999999997,0.8181818181818181,1.0,Android v16
vivo,Vivo V60e (8GB RAM + 256GB),Premium,0.05979492402951807,0.7066666666666668,0.6898287805891102,Average Value,1,1,1,mediatek,Dimensity 7360 Turbo,0.7777777777777777,0.3488372093023256,0.2727272727272727,0.49902152641878667,0.49670333032477165,0.0071492403932082215,0.11945313405167421,Standard,0.06295454545454546,0.19999999999999996,0.9999999999999999,0.8181818181818181,0.3333333333333333,Android v15
samsung,Samsung Galaxy F17 5G (6GB RAM + 128GB),Mid-Range,0.026493275132940607,0.4533333333333333,0.5238119751690393,Overpriced,1,1,0,samsung,Exynos 1330,0.7777777777777777,0.3197674418604651,0.1818181818181818,0.24853228962818003,0.3819700469641573,0.0013404825737265416,0.33263816475495306,Standard,0.06136363636363637,0.0,0.21874999999999997,0.14545454545454545,0.6666666666666667,Android v15
vivo,Vivo V60 5G (8GB RAM + 256GB),Premium,0.0701043936897798,0.7200000000000002,0.7112038497100353,Average Value,1,1,1,qualcomm,Snapdragon 7 Gen4,0.7777777777777777,0.4360465116279069,0.2727272727272727,0.49902152641878667,0.49670333032477165,0.0071492403932082215,0.11945313405167421,Standard,0.06295454545454546,0.19999999999999996,0.21874999999999997,0.8181818181818181,0.6666666666666667,Android v15
realme,Realme C71,Budget,0.0061856817961570415,0.26666666666666666,0.4749636286221488,Overpriced,0,0,0,unisoc,Unisoc UMS9230E,0.7777777777777777,0.1453488372093023,0.09090909090909091,0.1232876712328767,0.4814055592100231,0.0004468275245755139,0.6996871741397289,Slow Charging,0.0625,0.0,0.026041666666666664,0.0,0.0,Android v15
oneplus,OnePlus Ace 6,Premium,0.0556525791200249,0.6933333333333334,0.6684537114681851,Average Value,1,1,1,qualcomm,Snapdragon 8 Elite,0.7777777777777777,0.877906976744186,0.4545454545454545,0.49902152641878667,0.5961388425706374,0.009830205540661306,0.10740354535974973,Super Fast,0.06431818181818183,0.5,0.21874999999999997,0.19999999999999998,0.3333333333333333,Android v16
nothing,Nothing Phone 3a Pro (8GB RAM + 256GB),Mid-Range,0.05154734830130868,0.5866666666666667,0.7619059875845198,Average Value,1,1,0,qualcomm,Snapdragon 7s Gen 3,0.7777777777777777,0.3488372093023256,0.2727272727272727,0.49902152641878667,0.3819700469641573,0.0035746201966041107,0.16579770594369134,Standard,0.06295454545454546,0.19999999999999996,0.21874999999999997,0.8181818181818181,0.6666666666666667,Android v15
samsung,Samsung Galaxy A36 5G (8GB RAM + 256GB),Premium,0.05771447305207725,0.5733333333333333,0.4760780893798594,Overpriced,1,1,0,qualcomm,Snapdragon 6 Gen3,0.7777777777777777,0.3197674418604651,0.2727272727272727,0.49902152641878667,0.3819700469641573,0.003127792672028597,0.1843355347004982,Standard,0.06136363636363637,0.19999999999999996,0.21874999999999997,0.12727272727272726,0.6666666666666667,Android v15
iqoo,iQOO Z9s (8GB RAM + 256GB),Mid-Range,0.03251194352060141,0.5333333333333334,0.6666683826183276,Average Value,1,0,0,mediatek,Dimensity 7300,0.7777777777777777,0.3488372093023256,0.2727272727272727,0.49902152641878667,0.42021447475102874,0.0030384271671134943,0.20750782064650677,Standard,0.06295454545454546,0.19999999999999996,0.21874999999999997,0.19999999999999998,0.3333333333333333,Android v14
xiaomi,Xiaomi Redmi 13 5G (8GB RAM + 128GB),Budget,0.018557045388471125,0.48000000000000004,0.8549345315198678,Value King,1,0,1,qualcomm,Snapdragon 4 Gen 2 AE,0.7777777777777777,0.29069767441860456,0.2727272727272727,0.24853228962818003,0.3842647126313696,0.002055406613047364,0.25326255253262553,Standard,0.06340909090909091,0.19999999999999996,0.5208333333333334,0.14545454545454545,0.3333333333333333,Android v14
cmf,CMF Phone (1),Mid-Range,0.02268083325257582,0.46666666666666673,0.5476213764105873,Average Value,1,0,0,mediatek,Dimensity 7300,0.7777777777777777,0.3488372093023256,0.1818181818181818,0.24853228962818003,0.3819700469641573,0.002055406613047364,0.25174582108888677,Standard,0.06068181818181817,0.19999999999999996,0.21874999999999997,0.19999999999999998,0.3333333333333333,Android v14
vivo,Vivo T3x 5G (6GB RAM + 128GB),Mid-Range,0.024703551199919176,0.4266666666666667,0.4761931726859432,Overpriced,1,0,0,qualcomm,Snapdragon 6 Gen1,0.7777777777777777,0.26162790697674415,0.1818181818181818,0.24853228962818003,0.4584589025379002,0.0030384271671134943,0.22646696369324107,Standard,0.06181818181818183,0.19999999999999996,0.21874999999999997,0.054545454545454536,0.3333333333333333,Android v14
motorola,Motorola Edge 50 Pro (12GB RAM + 256GB),Mid-Range,0.04534310945976317,0.6933333333333334,0.9523811975169041,Performance Beast,1,1,0,qualcomm,Snapdragon 7 Gen3,0.7777777777777777,0.38662790697674415,0.4545454545454545,0.49902152641878667,0.34372561917728583,0.010277033065236819,0.05901981230448384,Super Fast,0.06136363636363637,0.36,0.21874999999999997,0.8181818181818181,0.6666666666666667,Android v14
nothing,Nothing Phone 2a,Mid-Range,0.039175984708994596,0.6266666666666667,0.8333341913091639,Value King,1,1,0,mediatek,Dimensity 7200 Pro,0.7777777777777777,0.4360465116279069,0.2727272727272727,0.24853228962818003,0.3819700469641573,0.003127792672028597,0.1843355347004982,Standard,0.06136363636363637,0.19999999999999996,0.21874999999999997,0.49090909090909085,0.3333333333333333,Android v14
vivo,Vivo T3 5G,Mid-Range,0.027835568082706687,0.5066666666666666,0.6190495801352315,Average Value,1,0,0,mediatek,Dimensity 7200,0.7777777777777777,0.4360465116279069,0.2727272727272727,0.24853228962818003,0.3819700469641573,0.0030384271671134943,0.18854867759977248,Standard,0.06068181818181817,0.19999999999999996,0.21874999999999997,0.19999999999999998,0.6666666666666667,Android v14
google,Google Pixel 9,Flagship,0.15464204490392605,0.6933333333333334,0.5339996778943706,Overpriced,1,1,0,google,Tensor G4,0.7777777777777777,0.5232558139534884,0.4545454545454545,0.49902152641878667,0.35902339029203445,0.001519213583556747,0.28938323098907043,Standard,0.052272727272727276,0.19999999999999996,0.21874999999999997,0.09999999999999998,0.3333333333333333,Android v14
motorola,Motorola Edge 30 Pro 5G,Premium,0.06183826091618194,0.6400000000000001,0.5829534349844848,Average Value,1,1,0,qualcomm,Snapdragon 8 Gen1,0.7777777777777777,0.49418604651162784,0.2727272727272727,0.24853228962818003,0.3666722758494087,0.00518319928507596,0.11672698276390849,Standard,0.06136363636363637,0.36,0.21874999999999997,0.9999999999999999,0.6666666666666667,Android v12
ai+,Ai+ Pulse 2 (6GB RAM + 128GB),Budget,0.008247575728209389,0.3333333333333333,0.593704535777686,Average Value,0,0,0,unisoc,Unisoc T7250,0.7777777777777777,0.1453488372093023,0.1818181818181818,0.24853228962818003,0.4584589025379002,0.0,0.9999999999999999,Slow Charging,0.0625,0.19999999999999996,0.21874999999999997,0.054545454545454536,0.3333333333333333,Android v16
realme,Realme P4 Lite 5G (6GB RAM + 128GB),Mid-Range,0.023711780218601992,0.36000000000000004,0.357146166478203,Overpriced,1,0,0,mediatek,Dimensity 6300,0.7777777777777777,0.3197674418604651,0.1818181818181818,0.24853228962818003,0.5349477581116431,0.0004468275245755139,0.7775460549183177,Slow Charging,0.06386363636363634,0.36,0.026041666666666664,0.0,0.0,Android v16
samsung,Samsung Galaxy M47 5G,Mid-Range,0.03709553373155378,0.52,0.6428589813767795,Average Value,1,1,0,samsung,Octa Core Processor,0.7777777777777777,0.3488372093023256,0.2727272727272727,0.24853228962818003,0.4584589025379002,0.0013404825737265416,0.3993743482794578,Slow Charging,0.06068181818181817,0.19999999999999996,0.21874999999999997,0.49090909090909085,0.6666666666666667,Android v16
motorola,Motorola Signature (16GB RAM + 512GB),Flagship,0.11853828215368944,0.8800000000000001,0.762718922999561,Average Value,1,1,0,qualcomm,Snapdragon 8 Gen5,0.7777777777777777,0.7267441860465114,0.6363636363636364,1.0,0.3972678180789059,0.0071492403932082215,0.09535395666782528,Super Fast,0.06363636363636363,0.5,0.21874999999999997,0.8181818181818181,0.6666666666666667,Android v16
oppo,Oppo Reno 15 Pro Mini (12GB RAM + 512GB),Flagship,0.12371363592314083,0.8266666666666667,0.6973705672552208,Average Value,1,0,1,mediatek,Dimensity 8450,0.7777777777777777,0.566860465116279,0.4545454545454545,1.0,0.4737566736526488,0.0062555853440571935,0.12825860271115747,Standard,0.052727272727272734,0.19999999999999996,0.9999999999999999,0.8181818181818181,0.6666666666666667,Android v16
oppo,OPPO A6x 5G (6GB RAM + 128GB),Mid-Range,0.026804621116680513,0.39999999999999997,0.42857437020284717,Overpriced,1,0,0,mediatek,Dimensity 6300,0.7777777777777777,0.3197674418604651,0.1818181818181818,0.24853228962818003,0.49670333032477165,0.003127792672028597,0.2399490209709188,Standard,0.0625,0.19999999999999996,0.026041666666666664,0.0,0.0,Android v15
honor,Honor 500 Pro,Premium,0.09276666989696715,0.7733333333333334,0.7967041261937355,Average Value,1,1,1,qualcomm,Snapdragon 8 Elite,0.7777777777777777,0.877906976744186,0.4545454545454545,0.49902152641878667,0.611436613685386,0.0062555853440571935,0.16579770594369134,Standard,0.05795454545454545,0.19999999999999996,0.9999999999999999,0.8181818181818181,0.6666666666666667,Android v16
itel,itel A100C,Budget,0.010309469660261736,0.18666666666666665,0.3324745400355042,Overpriced,0,0,1,unisoc,Unisoc T7100,0.7777777777777777,0.3488372093023256,0.0,0.1232876712328767,0.3819700469641573,0.003127792672028597,0.18665276329509906,Slow Charging,0.05909090909090908,0.0,0.0,0.0,0.0,Android v15
lava,Lava Play Ultra 5G,Mid-Range,0.02222515469359225,0.5466666666666666,0.6904777838598756,Average Value,1,0,0,mediatek,Dimensity 7300,0.7777777777777777,0.3488372093023256,0.1818181818181818,0.24853228962818003,0.3819700469641573,0.002055406613047364,0.25174582108888677,Standard,0.06068181818181817,0.19999999999999996,0.29166666666666663,0.14545454545454545,0.3333333333333333,Android v15
oppo,Oppo K13 Turbo Pro,Premium,0.061856817961570415,0.6400000000000001,0.5829534349844848,Average Value,1,0,1,qualcomm,Snapdragon 8s Gen4,0.7777777777777777,0.5523255813953487,0.2727272727272727,0.49902152641878667,0.5349477581116431,0.0062555853440571935,0.14494264859228362,Standard,0.06363636363636363,0.19999999999999996,0.21874999999999997,0.19999999999999998,0.3333333333333333,Android v15
poco,Poco C85x 5G (4GB RAM + 128GB),Budget,0.01443325752436643,0.39999999999999997,0.7124454429332232,Average Value,1,0,0,unisoc,Unisoc T8300,0.7777777777777777,0.26162790697674415,0.09090909090909091,0.24853228962818003,0.4814055592100231,0.0004468275245755139,0.6996871741397289,Slow Charging,0.06590909090909092,0.19999999999999996,0.125,0.054545454545454536,0.0,Android v16
tecno,Tecno Spark Go 2,Budget,0.005154734830130868,0.27999999999999997,0.49871181005325627,Overpriced,0,0,1,unisoc,Unisoc T7250,0.7777777777777777,0.1453488372093023,0.09090909090909091,0.1232876712328767,0.3819700469641573,0.0004468275245755139,0.5550921098366354,Slow Charging,0.06068181818181817,0.19999999999999996,0.026041666666666664,0.054545454545454536,0.0,Android v15
vivo,Vivo T4 Ultra (12GB RAM+ 512GB),Premium,0.07216628762183215,0.7066666666666668,0.6898287805891102,Average Value,1,1,0,mediatek,Dimensity 9300 Plus,0.7777777777777777,0.566860465116279,0.4545454545454545,1.0,0.42021447475102874,0.0071492403932082215,0.10091530529486735,Super Fast,0.06068181818181817,0.19999999999999996,0.21874999999999997,0.49090909090909085,0.6666666666666667,Android v15
oppo,Oppo A5x 5G,Budget,0.015464204490392604,0.38666666666666666,0.6886972615021157,Average Value,1,0,0,mediatek,Dimensity 6300,0.7777777777777777,0.3197674418604651,0.09090909090909091,0.24853228962818003,0.4584589025379002,0.003127792672028597,0.22141119221411193,Standard,0.06068181818181817,0.19999999999999996,0.125,0.0,0.0,Android v15
samsung,Samsung Galaxy M06 (4GB RAM + 64GB),Budget,0.013402310558340257,0.3466666666666666,0.6174527172087935,Average Value,1,0,0,mediatek,Dimensity 6300,0.7777777777777777,0.3197674418604651,0.09090909090909091,0.1232876712328767,0.3819700469641573,0.0013404825737265416,0.33263816475495306,Standard,0.062272727272727285,0.0,0.21874999999999997,0.054545454545454536,0.3333333333333333,Android v15
vivo,Vivo Y29s 5G,Mid-Range,0.022662276207187346,0.39999999999999997,0.42857437020284717,Overpriced,1,0,0,mediatek,Dimensity 6300,0.7777777777777777,0.3197674418604651,0.2727272727272727,0.49902152641878667,0.42021447475102874,0.0004468275245755139,0.610705596107056,Slow Charging,0.062272727272727285,0.0,0.21874999999999997,0.0,0.3333333333333333,Android v15
iqoo,iQOO 13 (16GB RAM + 512GB),Flagship,0.12763329628797235,0.8800000000000001,0.762718922999561,Average Value,1,1,1,qualcomm,Snapdragon 8 Elite,0.7777777777777777,0.877906976744186,0.6363636363636364,1.0,0.4584589025379002,0.009830205540661306,0.08237747653806048,Super Fast,0.06409090909090909,0.36,0.21874999999999997,0.49090909090909085,0.6666666666666667,Android v15
vivo,Vivo Y19e,Budget,0.010309469660261736,0.22666666666666663,0.40371908432882647,Overpriced,0,0,0,unisoc,Unisoc T7225,0.7777777777777777,0.1453488372093023,0.09090909090909091,0.1232876712328767,0.42021447475102874,0.0004468275245755139,0.610705596107056,Slow Charging,0.062272727272727285,0.19999999999999996,0.026041666666666664,0.0,0.3333333333333333,Android v14
tecno,Tecno Pop 9 5G,Budget,0.009259965648847093,0.39999999999999997,0.7124454429332232,Average Value,1,1,1,mediatek,Dimensity 6300,0.7777777777777777,0.3197674418604651,0.09090909090909091,0.1232876712328767,0.3819700469641573,0.0007149240393208221,0.46240296605260106,Slow Charging,0.06068181818181817,0.19999999999999996,0.20833333333333334,0.054545454545454536,0.3333333333333333,Android v14
tecno,Tecno Pova 6 Neo 5G (8GB RAM + 256GB),Budget,0.018557045388471125,0.46666666666666673,0.8311863500887604,Value King,1,1,1,mediatek,Dimensity 6300,0.7777777777777777,0.3197674418604651,0.2727272727272727,0.49902152641878667,0.3819700469641573,0.0007149240393208221,0.46240296605260106,Slow Charging,0.06068181818181817,0.19999999999999996,0.5208333333333334,0.054545454545454536,0.3333333333333333,Android v14
peace,Peace Honor 10 (4GB RAM + 64GB),Budget,0.0018577664327791635,0.0,0.0,Overpriced,0,0,0,mediatek,Helio,0.0,0.0,0.09090909090909091,0.1232876712328767,0.22899233581667153,0.003127792672028597,0.18665276329509906,Slow Charging,0.011363636363636367,0.19999999999999996,0.0,0.19999999999999998,0.0,Android v14.0
infinix,Infinix Note 40 Pro Plus Racing Edition,Mid-Range,0.04123787864104694,0.6533333333333333,0.88095299379226,Value King,1,1,1,mediatek,Dimensity 7020,0.7777777777777777,0.26162790697674415,0.4545454545454545,0.49902152641878667,0.35137450473466014,0.00804289544235925,0.07570385818561001,Super Fast,0.0631818181818182,0.19999999999999996,0.5208333333333334,0.49090909090909085,0.6666666666666667,Android v14
infinix,Infinix Note 40X 5G,Budget,0.02061893932052347,0.5066666666666666,0.9024308943820827,Value King,1,1,0,mediatek,Dimensity 6300,0.7777777777777777,0.3197674418604651,0.2727272727272727,0.49902152641878667,0.3819700469641573,0.0007149240393208221,0.46240296605260106,Slow Charging,0.0631818181818182,0.19999999999999996,0.5208333333333334,0.054545454545454536,0.6666666666666667,Android v14
samsung,Samsung Galaxy A35 5G (8GB RAM + 256GB),Premium,0.06598060582567511,0.5466666666666666,0.4333279511380093,Overpriced,1,1,0,samsung,Exynos 1380,0.7777777777777777,0.3197674418604651,0.2727272727272727,0.49902152641878667,0.3819700469641573,0.0013404825737265416,0.33263816475495306,Standard,0.05909090909090908,0.19999999999999996,0.21874999999999997,0.14545454545454545,0.6666666666666667,Android v14
samsung,Samsung Galaxy F16 5G,Budget,0.015464204490392604,0.4133333333333334,0.7361936243643306,Average Value,1,1,0,mediatek,Dimensity 6300,0.7777777777777777,0.3197674418604651,0.09090909090909091,0.24853228962818003,0.3819700469641573,0.0013404825737265416,0.33263816475495306,Standard,0.06136363636363637,0.0,0.21874999999999997,0.14545454545454545,0.6666666666666667,Android v15
xiaomi,Xiaomi 15,Flagship,0.148456363107769,0.8800000000000001,0.762718922999561,Average Value,1,1,1,qualcomm,Snapdragon 8 Elite,0.7777777777777777,0.877906976744186,0.4545454545454545,1.0,0.4003273723018556,0.0071492403932082215,0.09609546981809755,Super Fast,0.05363636363636365,0.19999999999999996,0.21874999999999997,0.49090909090909085,0.6666666666666667,Android v15
samsung,Samsung Galaxy S24 Plus,Premium,0.1134041662628791,0.7200000000000002,0.7112038497100353,Average Value,1,1,0,samsung,Exynos 2400,1.0,0.5523255813953487,0.4545454545454545,0.49902152641878667,0.374321161406783,0.003127792672028597,0.18062796894913682,Standard,0.06136363636363637,0.19999999999999996,0.21874999999999997,0.12727272727272726,0.6666666666666667,Android v14
google,Google Pixel 6A,Mid-Range,0.0350521968448899,0.3466666666666666,0.333336765236655,Overpriced,1,1,0,google,Google  Tensor,0.7777777777777777,0.3488372093023256,0.1818181818181818,0.24853228962818003,0.336841622175649,0.003127792672028597,0.18665276329509906,Slow Charging,0.048636363636363644,0.19999999999999996,0.021875,0.054545454545454536,0.3333333333333333,Android v12
samsung,Samsung Galaxy S26 (12GB RAM + 512GB),Flagship,0.17526098422444952,0.7466666666666668,0.5993480336387107,Average Value,1,1,0,samsung,Exynos 2600,1.0,0.7267441860465114,0.4545454545454545,1.0,0.3284278480625373,0.0013404825737265416,0.2859228362877998,Standard,0.052272727272727276,0.19999999999999996,0.21874999999999997,0.12727272727272726,0.6666666666666667,Android v16
sony,Sony Xperia 1 VIII,Flagship,0.2989560631022019,0.8,0.6646963893830509,Average Value,1,1,0,qualcomm,Snapdragon 8 Elite Gen 5,0.7777777777777777,0.959302325581395,0.4545454545454545,0.49902152641878667,0.3819700469641573,0.003127792672028597,0.1843355347004982,Standard,0.05681818181818182,0.19999999999999996,0.20833333333333334,0.12727272727272726,0.6666666666666667,Android v16
oppo,OPPO F33 Pro 5G,Premium,0.053609242233361026,0.6000000000000001,0.5188282276217095,Overpriced,1,0,0,mediatek,Dimensity 6360 Max,0.7777777777777777,0.377906976744186,0.2727272727272727,0.24853228962818003,0.5731921858985146,0.0062555853440571935,0.1553701772679875,Standard,0.05840909090909091,0.19999999999999996,0.21874999999999997,0.8181818181818181,0.3333333333333333,Android v16
vivo,Vivo T6x 5G,Mid-Range,0.032990302912837555,0.5066666666666666,0.6190495801352315,Average Value,1,0,1,unknown,Octa Core Processor,0.7777777777777777,0.3488372093023256,0.1818181818181818,0.24853228962818003,0.5731921858985146,0.005093833780160858,0.18571895475697633,Standard,0.0631818181818182,0.36,0.21874999999999997,0.8181818181818181,0.3333333333333333,Android v17
oppo,OPPO Reno 15 5G (12GB RAM + 256GB),Premium,0.08659954514619858,0.76,0.7753290570728105,Average Value,1,0,1,qualcomm,Snapdragon 7 Gen4,0.7777777777777777,0.4360465116279069,0.4545454545454545,0.49902152641878667,0.49670333032477165,0.0062555853440571935,0.13451511991657977,Standard,0.05886363636363637,0.19999999999999996,0.21874999999999997,0.8181818181818181,0.6666666666666667,Android v16
honor,Honor Win,Premium,0.09276666989696715,0.8133333333333335,0.8608293335565108,Value King,1,1,1,qualcomm,Snapdragon 8 Elite Gen 5,0.7777777777777777,0.959302325581395,0.4545454545454545,0.49902152641878667,0.7644143248328719,0.00804289544235925,0.16579770594369134,Standard,0.06431818181818183,0.6333333333333333,0.21874999999999997,0.8181818181818181,0.6666666666666667,Android v16
samsung,Samsung Galaxy A77 5G,Premium,0.08247575728209389,0.5733333333333333,0.4760780893798594,Overpriced,1,1,0,samsung,Exynos 2400,0.7777777777777777,0.3488372093023256,0.2727272727272727,0.24853228962818003,0.3819700469641573,0.0013404825737265416,0.33263816475495306,Standard,0.06136363636363637,0.19999999999999996,0.21874999999999997,0.8181818181818181,0.6666666666666667,Android v16
realme,Realme P3 Lite 5G (6GB RAM+ 128GB),Budget,0.018557045388471125,0.4266666666666667,0.759941805795438,Average Value,1,1,0,mediatek,Dimensity 6300,0.7777777777777777,0.3197674418604651,0.1818181818181818,0.24853228962818003,0.4584589025379002,0.003127792672028597,0.22141119221411193,Standard,0.06068181818181817,0.19999999999999996,0.125,0.054545454545454536,0.3333333333333333,Android v15
realme,Realme 15 Pro 5G (8GB RAM + 256GB),Premium,0.05773303009746572,0.6799999999999999,0.6470786423472601,Average Value,1,0,0,qualcomm,Snapdragon 7 Gen4,0.7777777777777777,0.4360465116279069,0.2727272727272727,0.49902152641878667,0.5349477581116431,0.0062555853440571935,0.14494264859228362,Standard,0.06363636363636363,0.36,0.21874999999999997,0.8181818181818181,0.3333333333333333,Android v15
tecno,Tecno Pova 7 Ultra,Mid-Range,0.03709553373155378,0.6000000000000001,0.7857153888260677,Average Value,1,1,1,mediatek,Dimensity 8350,0.7777777777777777,0.5959302325581395,0.2727272727272727,0.49902152641878667,0.4584589025379002,0.0053619302949061655,0.14196335468493965,Standard,0.06068181818181817,0.36,0.5208333333333334,0.14545454545454545,0.3333333333333333,Android v15
infinix,Infinix Smart 10 HD,Budget,0.0,0.24000000000000005,0.42746726575993393,Overpriced,0,0,1,mediatek,12nm,0.7777777777777777,0.08720930232558138,0.0,0.1232876712328767,0.3819700469641573,0.0,0.8331595411887383,Slow Charging,0.05909090909090908,0.0,0.026041666666666664,0.054545454545454536,0.0,Android v14
samsung,Samsung Galaxy F57 5G,Mid-Range,0.05152879125592021,0.5066666666666666,0.6190495801352315,Average Value,1,1,0,samsung,Octa Core Processor,0.7777777777777777,0.3488372093023256,0.2727272727272727,0.24853228962818003,0.3819700469641573,0.004915102770330652,0.12729606160263093,Standard,0.062272727272727285,0.19999999999999996,0.21874999999999997,0.8181818181818181,0.6666666666666667,Android v15
realme,Realme Narzo 90x,Mid-Range,0.023711780218601992,0.46666666666666673,0.5476213764105873,Average Value,1,0,0,mediatek,Dimensity 6300,0.7777777777777777,0.3197674418604651,0.1818181818181818,0.24853228962818003,0.5349477581116431,0.004468275245755138,0.19360444907890167,Standard,0.06363636363636363,0.36,0.21874999999999997,0.054545454545454536,0.3333333333333333,Android v15
vivo,Vivo T4 5G (12GB RAM + 256GB),Mid-Range,0.0472153091500667,0.6000000000000001,0.7857153888260677,Average Value,1,0,1,qualcomm,Snapdragon 7s Gen3,0.7777777777777777,0.3488372093023256,0.4545454545454545,0.49902152641878667,0.557894414783766,0.0071492403932082215,0.1342833970571197,Standard,0.06295454545454546,0.19999999999999996,0.21874999999999997,0.49090909090909085,0.3333333333333333,Android v15
poco,POCO C71 (6GB RAM + 128GB),Budget,0.010290912614873266,0.3066666666666667,0.5462081729154711,Average Value,0,0,0,unisoc,Unisoc T7250,0.7777777777777777,0.1453488372093023,0.1818181818181818,0.24853228962818003,0.3972678180789059,0.0004468275245755139,0.5773375043448037,Slow Charging,0.06545454545454546,0.19999999999999996,0.125,0.054545454545454536,0.3333333333333333,Android v15
infinix,Infinix Note 50X 5G (8GB RAM + 128 GB),Budget,0.02061893932052347,0.4533333333333333,0.8074381686576529,Average Value,1,0,1,mediatek,Dimensity 7300 Ultimate,0.7777777777777777,0.3488372093023256,0.2727272727272727,0.24853228962818003,0.42021447475102874,0.003127792672028597,0.20287336345730508,Standard,0.06068181818181817,0.19999999999999996,0.21874999999999997,0.054545454545454536,0.3333333333333333,Android v15
vivo,Vivo T4x 5G (8GB RAM + 128GB),Mid-Range,0.027320094599693603,0.4533333333333333,0.5238119751690393,Overpriced,1,0,1,mediatek,Dimensity 7300,0.7777777777777777,0.3488372093023256,0.2727272727272727,0.24853228962818003,0.49670333032477165,0.0030384271671134943,0.24542610673997534,Standard,0.06181818181818183,0.19999999999999996,0.21874999999999997,0.054545454545454536,0.3333333333333333,Android v15
xiaomi,Xiaomi Redmi Note 14 (8GB RAM + 256GB),Mid-Range,0.027835568082706687,0.5333333333333334,0.6666683826183276,Average Value,1,0,1,mediatek,Dimensity 7025 Ultra,0.7777777777777777,0.3488372093023256,0.2727272727272727,0.49902152641878667,0.39038382107726904,0.003127792672028597,0.1884138570269957,Standard,0.06068181818181817,0.19999999999999996,0.21874999999999997,0.2727272727272727,0.6666666666666667,Android v14
philips,Philips S7710 Omni 10,Budget,0.01441470047897796,0.3466666666666666,0.6174527172087935,Average Value,0,0,0,mediatek,Helio G91,0.7777777777777777,0.20348837209302323,0.2727272727272727,0.49902152641878667,0.3819700469641573,0.0007149240393208221,0.46240296605260106,Slow Charging,0.05909090909090908,0.19999999999999996,0.5208333333333334,0.054545454545454536,0.3333333333333333,Android v13
oneplus,OnePlus 13 (24GB RAM+ 1TB),Flagship,0.15670393883597838,0.8933333333333335,0.779056011935646,Average Value,1,1,1,qualcomm,Snapdragon 8 Elite,0.7777777777777777,0.877906976744186,0.9999999999999999,0.0,0.4584589025379002,0.00804289544235925,0.09906152241918666,Super Fast,0.06409090909090909,0.19999999999999996,0.21874999999999997,0.49090909090909085,0.6666666666666667,Android v15
realme,Realme P2 Pro (12GB RAM + 512GB),Mid-Range,0.039175984708994596,0.5733333333333333,0.7380965863429717,Average Value,1,0,0,qualcomm,Snapdragon 7s Gen 2,0.7777777777777777,0.3197674418604651,0.4545454545454545,1.0,0.3972678180789059,0.0062555853440571935,0.10740354535974973,Super Fast,0.06136363636363637,0.19999999999999996,0.21874999999999997,0.49090909090909085,0.3333333333333333,Android v14
realme,Realme 15 5G,Mid-Range,0.05154734830130868,0.5466666666666666,0.6904777838598756,Average Value,1,0,0,mediatek,Dimensity 7300 Plus,0.7777777777777777,0.3488372093023256,0.2727272727272727,0.24853228962818003,0.5349477581116431,0.0062555853440571935,0.14494264859228362,Standard,0.06363636363636363,0.36,0.21874999999999997,0.8181818181818181,0.3333333333333333,Android v15
samsung,Samsung Galaxy M55s,Mid-Range,0.02886445315480081,0.52,0.6428589813767795,Average Value,1,1,0,qualcomm,Snapdragon 7 Gen1,0.7777777777777777,0.3197674418604651,0.2727272727272727,0.24853228962818003,0.3819700469641573,0.003127792672028597,0.1843355347004982,Standard,0.06136363636363637,0.19999999999999996,0.21874999999999997,0.8181818181818181,0.6666666666666667,Android v14
vivo,Vivo X200 Pro 5G,Flagship,0.1606235992008099,0.9333333333333333,0.828067278743901,Value King,1,1,1,mediatek,Dimensity 9400,0.7777777777777777,0.6773255813953487,0.6363636363636364,1.0,0.4584589025379002,0.0071492403932082215,0.11018421967327077,Super Fast,0.0631818181818182,0.19999999999999996,0.9999999999999999,0.49090909090909085,0.6666666666666667,Android v15
motorola,Motorola Edge 50 Fusion (12GB RAM + 256GB),Mid-Range,0.03668315494514331,0.6000000000000001,0.7857153888260677,Average Value,1,1,0,qualcomm,Snapdragon 7s Gen2,0.7777777777777777,0.3197674418604651,0.4545454545454545,0.49902152641878667,0.3819700469641573,0.00518319928507596,0.12163405508188677,Standard,0.06068181818181817,0.36,0.21874999999999997,0.49090909090909085,0.3333333333333333,Android v14
realme,Realme Narzo 80x 5G,Budget,0.018557045388471125,0.4533333333333333,0.8074381686576529,Average Value,1,0,0,mediatek,Dimensity 6400,0.7777777777777777,0.3488372093023256,0.1818181818181818,0.24853228962818003,0.4584589025379002,0.003127792672028597,0.22141119221411193,Standard,0.06181818181818183,0.19999999999999996,0.21874999999999997,0.054545454545454536,0.3333333333333333,Android v15
samsung,Samsung Galaxy A55 5G (8GB RAM + 256GB),Premium,0.06598060582567511,0.5466666666666666,0.4333279511380093,Overpriced,1,1,0,samsung,Exynos 1480,0.7777777777777777,0.4069767441860465,0.2727272727272727,0.49902152641878667,0.3819700469641573,0.0013404825737265416,0.33263816475495306,Standard,0.05909090909090908,0.19999999999999996,0.21874999999999997,0.49090909090909085,0.6666666666666667,Android v14
realme,Realme 13 Pro Plus 5G,Mid-Range,0.04329977257309929,0.5866666666666667,0.7619059875845198,Average Value,1,0,0,qualcomm,Snapdragon 7s Gen2,0.7777777777777777,0.3197674418604651,0.2727272727272727,0.49902152641878667,0.3972678180789059,0.0062555853440571935,0.10740354535974973,Super Fast,0.06136363636363637,0.19999999999999996,0.21874999999999997,0.49090909090909085,0.6666666666666667,Android v14
samsung,Samsung Galaxy F55 5G,Mid-Range,0.0451554771119464,0.5466666666666666,0.6904777838598756,Average Value,1,1,0,qualcomm,Snapdragon 7 Gen1,0.7777777777777777,0.3197674418604651,0.2727272727272727,0.24853228962818003,0.3819700469641573,0.003127792672028597,0.1843355347004982,Standard,0.06136363636363637,0.19999999999999996,0.21874999999999997,0.8181818181818181,0.6666666666666667,Android v14
samsung,Samsung Galaxy S23 FE 5G (8GB RAM + 256GB),Premium,0.08246544781243363,0.6266666666666667,0.5615783658635598,Average Value,1,1,0,samsung,Exynos 2200,0.7777777777777777,0.4360465116279069,0.2727272727272727,0.49902152641878667,0.34372561917728583,0.0013404825737265416,0.2992700729927007,Standard,0.054545454545454564,0.19999999999999996,0.21874999999999997,0.09090909090909091,0.6666666666666667,Android v13
xiaomi,Xiaomi Redmi Note 12 (6GB RAM + 128GB),Budget,0.014928112068058993,0.46666666666666673,0.8311863500887604,Value King,1,0,1,qualcomm,Snapdragon 4 Gen 1,0.7777777777777777,0.20348837209302323,0.1818181818181818,0.24853228962818003,0.3819700469641573,0.002055406613047364,0.25174582108888677,Standard,0.06068181818181817,0.19999999999999996,0.20833333333333334,0.14545454545454545,0.6666666666666667,Android v12
vivo,Vivo T3 Pro 5G,Mid-Range,0.03711409077694225,0.5333333333333334,0.6666683826183276,Average Value,1,0,0,qualcomm,Snapdragon 7 Gen3,0.7777777777777777,0.38662790697674415,0.2727272727272727,0.24853228962818003,0.42021447475102874,0.0062555853440571935,0.11366006256517205,Super Fast,0.06295454545454546,0.19999999999999996,0.21874999999999997,0.19999999999999998,0.3333333333333333,Android v14
oneplus,OnePlus 11 5G,Premium,0.05855778767028666,0.6400000000000001,0.5829534349844848,Average Value,1,1,0,qualcomm,Snapdragon 8 Gen2,0.7777777777777777,0.5523255813953487,0.2727272727272727,0.24853228962818003,0.3819700469641573,0.00804289544235925,0.08237747653806048,Super Fast,0.06136363636363637,0.19999999999999996,0.21874999999999997,0.19999999999999998,0.6666666666666667,Android v13
samsung,Samsung Galaxy S23 Ultra 5G,Flagship,0.29897462014759035,0.8,0.6646963893830509,Average Value,1,1,0,qualcomm,Snapdragon 8 Gen 2,0.7777777777777777,0.5988372093023255,0.4545454545454545,0.49902152641878667,0.3819700469641573,0.003127792672028597,0.1843355347004982,Standard,0.06363636363636363,0.19999999999999996,0.9999999999999999,0.12727272727272726,1.0,Android v13
oneplus,OnePlus 8 Pro (12GB RAM + 256GB),Premium,0.07216628762183215,0.6400000000000001,0.5829534349844848,Average Value,1,1,0,qualcomm,Snapdragon 865,0.7777777777777777,0.447674418604651,0.4545454545454545,0.49902152641878667,0.34449050773302325,0.003127792672028597,0.18665276329509906,Slow Charging,0.0631818181818182,0.19999999999999996,0.20833333333333334,0.19999999999999998,1.0,Android v10.0
realme,Realme P4 Lite 5G (4GB RAM + 128GB),Budget,0.019587992354497298,0.36000000000000004,0.6412008986399009,Average Value,1,0,0,mediatek,Dimensity 6300,0.7777777777777777,0.3197674418604651,0.09090909090909091,0.24853228962818003,0.5349477581116431,0.0004468275245755139,0.7775460549183177,Slow Charging,0.06386363636363634,0.36,0.026041666666666664,0.0,0.0,Android v16
realme,Realme Narzo 100,Mid-Range,0.028847958003344387,0.52,0.6428589813767795,Average Value,1,0,0,unknown,Octa Core Processor,0.7777777777777777,0.3488372093023256,0.2727272727272727,0.24853228962818003,0.5731921858985146,0.0062555853440571935,0.1553701772679875,Standard,0.05840909090909091,0.36,0.21874999999999997,0.8181818181818181,0.3333333333333333,Android v16
ai+,Ai+ Nova Flip,Premium,0.07216628762183215,0.7066666666666668,0.6898287805891102,Average Value,1,1,0,mediatek,Dimensity 7300X,0.7777777777777777,0.3488372093023256,0.2727272727272727,0.49902152641878667,0.3303400694518808,0.003127792672028597,0.15930946587880895,Standard,0.0631818181818182,0.36,0.21874999999999997,0.19999999999999998,0.3333333333333333,Android v15
tecno,Tecno Spark 50 5G (6GB RAM + 128GB),Mid-Range,0.02886651504873286,0.4266666666666667,0.4761931726859432,Overpriced,1,0,1,mediatek,Dimensity 6400,0.7777777777777777,0.3488372093023256,0.1818181818181818,0.24853228962818003,0.49670333032477165,0.003127792672028597,0.2399490209709188,Standard,0.0631818181818182,0.19999999999999996,0.21874999999999997,0.054545454545454536,0.0,Android v16
lava,Lava Agni 5,Mid-Range,0.047423560437203985,0.6400000000000001,0.8571435925507119,Value King,1,0,0,unknown,Octa Core Processor,0.7777777777777777,0.3488372093023256,0.2727272727272727,0.49902152641878667,0.5349477581116431,0.0062555853440571935,0.14494264859228362,Standard,0.0631818181818182,0.36,0.21874999999999997,0.8181818181818181,0.6666666666666667,Android v16
realme,Realme C85 5G,Mid-Range,0.023711780218601992,0.4133333333333334,0.45238377144439523,Overpriced,1,1,0,mediatek,Dimensity 6300,0.7777777777777777,0.3197674418604651,0.09090909090909091,0.24853228962818003,0.5349477581116431,0.003127792672028597,0.2584868497277256,Standard,0.06363636363636363,0.36,0.21874999999999997,0.054545454545454536,0.0,Android v15
google,Google Pixel 11 Pro,Flagship,0.22062265072960116,0.76,0.6156851225747958,Average Value,1,1,0,google,Tensor G6,0.7777777777777777,0.3488372093023256,0.6363636363636364,0.49902152641878667,0.3819700469641573,0.002234137622877569,0.23730075971994638,Standard,0.05249999999999999,0.36,0.21874999999999997,0.7818181818181817,0.6666666666666667,Android v17
honor,Honor X7d 5G,Budget,0.02061893932052347,0.38666666666666666,0.6886972615021157,Average Value,1,1,0,qualcomm,Snapdragon 6s Gen3,0.7777777777777777,0.29069767441860456,0.1818181818181818,0.24853228962818003,0.49670333032477165,0.002234137622877569,0.30880381349620134,Standard,0.06295454545454546,0.19999999999999996,0.21874999999999997,0.0,0.3333333333333333,Android v15
oppo,Oppo A5x 5G (4GB RAM + 64GB),Budget,0.013402310558340257,0.38666666666666666,0.6886972615021157,Average Value,1,0,0,mediatek,Dimensity 6300,0.7777777777777777,0.3197674418604651,0.09090909090909091,0.1232876712328767,0.4584589025379002,0.003127792672028597,0.22141119221411193,Standard,0.06068181818181817,0.19999999999999996,0.125,0.0,0.0,Android v15
vivo,Vivo Y500 Pro 5G,Mid-Range,0.05152879125592021,0.6533333333333333,0.88095299379226,Value King,1,1,1,mediatek,Dimensity 7400,0.7777777777777777,0.377906976744186,0.2727272727272727,0.24853228962818003,0.5349477581116431,0.0071492403932082215,0.12872204843007762,Standard,0.06068181818181817,0.19999999999999996,0.9999999999999999,0.49090909090909085,0.3333333333333333,Android v16
vivo,Vivo T4R 5G (8GB RAM + 256GB),Mid-Range,0.04067910538546076,0.5733333333333333,0.7380965863429717,Average Value,1,0,0,mediatek,Dimensity 7400,0.7777777777777777,0.377906976744186,0.2727272727272727,0.49902152641878667,0.43551224586577736,0.0030384271671134943,0.21509147786520047,Standard,0.06295454545454546,0.19999999999999996,0.21874999999999997,0.49090909090909085,0.3333333333333333,Android v15
iqoo,iQOO Z10 Turbo Plus,Mid-Range,0.04329977257309929,0.6400000000000001,0.8571435925507119,Value King,1,1,1,mediatek,Dimensity 9400 Plus,0.7777777777777777,0.6773255813953487,0.4545454545454545,0.49902152641878667,0.611436613685386,0.0062555853440571935,0.16579770594369134,Standard,0.0631818181818182,0.36,0.21874999999999997,0.19999999999999998,0.3333333333333333,Android v15
oneplus,OnePlus Ace 6 Ultra,Premium,0.07214773057644368,0.6799999999999999,0.6470786423472601,Average Value,1,1,1,mediatek,Dimensity 9500,0.7777777777777777,0.3488372093023256,0.4545454545454545,0.49902152641878667,0.6496810414722575,0.00804289544235925,0.14077163712200208,Standard,0.0631818181818182,0.19999999999999996,0.21874999999999997,0.49090909090909085,0.3333333333333333,Android v15
infinix,Infinix Hot 60 Pro Plus,Mid-Range,0.030909851935396734,0.4533333333333333,0.5238119751690393,Overpriced,0,1,1,mediatek,Helio G200,0.7777777777777777,0.26162790697674415,0.2727272727272727,0.24853228962818003,0.39420826385595614,0.003127792672028597,0.19026763990267642,Standard,0.0631818181818182,0.36,0.21874999999999997,0.14545454545454545,0.0,Android v15
poco,Poco F7 5G (12GB RAM + 512GB),Premium,0.06804249975772746,0.7066666666666668,0.6898287805891102,Average Value,1,1,1,qualcomm,Snapdragon 8s Gen4,0.7777777777777777,0.5523255813953487,0.4545454545454545,1.0,0.5770166286772017,0.0071492403932082215,0.1389178542463214,Standard,0.06431818181818183,0.19999999999999996,0.21874999999999997,0.2727272727272727,0.3333333333333333,Android v15
vivo,Vivo Y19 5G,Budget,0.016495151456418777,0.3333333333333333,0.593704535777686,Average Value,1,0,0,mediatek,Dimensity 6300,0.7777777777777777,0.3197674418604651,0.09090909090909091,0.1232876712328767,0.42021447475102874,0.0004468275245755139,0.610705596107056,Slow Charging,0.062272727272727285,0.0,0.026041666666666664,0.0,0.3333333333333333,Android v15
lava,Lava Bold 5G (8GB RAM + 128GB),Mid-Range,0.02369322317321352,0.5066666666666666,0.6190495801352315,Average Value,1,0,0,mediatek,Dimensity 6300,0.7777777777777777,0.3197674418604651,0.2727272727272727,0.24853228962818003,0.3819700469641573,0.002055406613047364,0.25174582108888677,Standard,0.06068181818181817,0.19999999999999996,0.29166666666666663,0.19999999999999998,0.3333333333333333,Android v14
samsung,Samsung Galaxy A14 4G (6GB RAM + 128 GB),Budget,0.009690901480646032,0.3066666666666667,0.5462081729154711,Average Value,0,0,0,samsung,Exynos 850,0.7777777777777777,0.20348837209302323,0.1818181818181818,0.24853228962818003,0.3819700469641573,0.0004468275245755139,0.5550921098366354,Slow Charging,0.05909090909090908,0.19999999999999996,0.21874999999999997,0.14545454545454545,0.6666666666666667,Android v13
realme,Realme 14x 5G,Budget,0.02061893932052347,0.4266666666666667,0.759941805795438,Average Value,1,0,0,mediatek,Dimensity 6300,0.7777777777777777,0.3197674418604651,0.1818181818181818,0.24853228962818003,0.4584589025379002,0.003127792672028597,0.22141119221411193,Standard,0.06068181818181817,0.19999999999999996,0.21874999999999997,0.054545454545454536,0.3333333333333333,Android v14
vivo,Vivo Y29 5G,Budget,0.018557045388471125,0.39999999999999997,0.7124454429332232,Average Value,1,0,0,mediatek,Dimensity 6300,0.7777777777777777,0.3197674418604651,0.09090909090909091,0.24853228962818003,0.42021447475102874,0.0030384271671134943,0.20750782064650677,Standard,0.06090909090909091,0.19999999999999996,0.21874999999999997,0.054545454545454536,0.3333333333333333,Android v14
huawei,Huawei Mate 80 Pro,Flagship,0.1463759121303282,0.7733333333333334,0.6320222115108808,Average Value,1,1,1,hisilicon,Kirin 9030,0.7777777777777777,0.3488372093023256,0.4545454545454545,0.49902152641878667,0.43933668864446446,0.00804289544235925,0.0948905109489051,Super Fast,0.0625,0.36,0.21874999999999997,0.14545454545454545,0.6666666666666667,Android v15
samsung,Samsung Galaxy Z Fold 7,Flagship,0.35052196844889905,0.9600000000000002,0.860741456616071,Value King,1,1,0,qualcomm,Snapdragon 8 Elite for Galaxy,0.7777777777777777,0.9215116279069764,0.4545454545454545,0.49902152641878667,0.3360767336199116,0.0013404825737265416,0.29259645464025025,Standard,0.09090909090909091,0.19999999999999996,0.21874999999999997,0.19999999999999998,0.3333333333333333,Android v16
oneplus,OnePlus 12R (16GB RAM + 256GB),Premium,0.06484656416304632,0.6400000000000001,0.5829534349844848,Average Value,1,1,1,qualcomm,Snapdragon 8 Gen2,0.7777777777777777,0.5523255813953487,0.6363636363636364,0.49902152641878667,0.42021447475102874,0.00804289544235925,0.09071949947862357,Super Fast,0.0631818181818182,0.19999999999999996,0.21874999999999997,0.19999999999999998,0.6666666666666667,Android v14
realme,Realme C65 5G,Budget,0.01134041662628791,0.39999999999999997,0.7124454429332232,Average Value,1,0,0,mediatek,Dimensity 6300,0.7777777777777777,0.3197674418604651,0.09090909090909091,0.1232876712328767,0.3819700469641573,0.0004468275245755139,0.5550921098366354,Slow Charging,0.06068181818181817,0.19999999999999996,0.21874999999999997,0.054545454545454536,0.0,Android v14
samsung,Samsung Galaxy Z Flip 4 (8GB RAM + 256GB),Premium,0.06876622452787784,0.6533333333333333,0.60432850410541,Average Value,1,1,0,qualcomm,Snapdragon  8+ Gen1,0.7777777777777777,0.5523255813953487,0.2727272727272727,0.49902152641878667,0.28253453471829154,0.0013404825737265416,0.24588112617309696,Standard,0.06136363636363637,0.19999999999999996,0.020833333333333336,0.09090909090909091,0.3333333333333333,Android v15
samsung,Samsung Galaxy S23 5G,Flagship,0.1402087873795596,0.6533333333333333,0.4849884110861156,Overpriced,1,1,0,qualcomm,Snapdragon 8 Gen 2,0.7777777777777777,0.5988372093023255,0.2727272727272727,0.24853228962818003,0.2978323058330401,0.0013404825737265416,0.2592283628779979,Standard,0.04772727272727273,0.19999999999999996,0.21874999999999997,0.12727272727272726,0.6666666666666667,Android v13
google,Google Pixel 7A,Premium,0.053609242233361026,0.52,0.39057781289615917,Overpriced,1,1,0,google,Tensor G2,0.7777777777777777,0.4505813953488372,0.2727272727272727,0.24853228962818003,0.3349294007863054,0.0007149240393208221,0.40539914262542,Slow Charging,0.04772727272727273,0.0,0.29166666666666663,0.14545454545454545,0.3333333333333333,Android v13
poco,Poco X6 Pro 5G,Mid-Range,0.04536166650515164,0.6266666666666667,0.8333341913091639,Value King,1,1,1,mediatek,Dimensity 8300 Ultra,0.7777777777777777,0.5959302325581395,0.2727272727272727,0.49902152641878667,0.3819700469641573,0.005093833780160858,0.12346505221546077,Standard,0.06068181818181817,0.19999999999999996,0.29166666666666663,0.19999999999999998,0.6666666666666667,Android v14
xiaomi,Xiaomi Redmi Note 13 Pro 5G,Mid-Range,0.049466897323867866,0.5866666666666667,0.7619059875845198,Average Value,1,0,1,qualcomm,Snapdragon 7s Gen 2,0.7777777777777777,0.3197674418604651,0.2727272727272727,0.24853228962818003,0.38961893252153157,0.005093833780160858,0.12595520831712137,Standard,0.06068181818181817,0.19999999999999996,0.9999999999999999,0.19999999999999998,0.6666666666666667,Android v13
oppo,OPPO K14x 5G (4GB RAM + 64GB),Budget,0.01948489765789468,0.4133333333333334,0.7361936243643306,Average Value,1,0,0,mediatek,Dimensity 6300,0.7777777777777777,0.3197674418604651,0.09090909090909091,0.1232876712328767,0.49670333032477165,0.003127792672028597,0.2399490209709188,Standard,0.0625,0.19999999999999996,0.21874999999999997,0.0,0.3333333333333333,Android v15
oppo,Oppo A6s 5G,Mid-Range,0.032990302912837555,0.4266666666666667,0.4761931726859432,Overpriced,1,0,0,mediatek,Dimensity 6300,0.7777777777777777,0.3197674418604651,0.09090909090909091,0.24853228962818003,0.49670333032477165,0.003127792672028597,0.2399490209709188,Standard,0.0625,0.19999999999999996,0.21874999999999997,0.0,0.3333333333333333,Android v15
motorola,Motorola Razr Fold,Flagship,0.27835568082706685,0.8666666666666667,0.7463818340634759,Average Value,1,1,1,qualcomm,Snapdragon 8 Gen 5,0.7777777777777777,0.7267441860465114,0.4545454545454545,0.49902152641878667,0.3972678180789059,0.003127792672028597,0.18665276329509906,Slow Charging,0.09295454545454546,0.19999999999999996,0.21874999999999997,0.19999999999999998,0.3333333333333333,Android v15
realme,Realme GT 8 Pro Dream Edition,Flagship,0.15464204490392605,0.9600000000000002,0.860741456616071,Value King,1,1,1,qualcomm,Snapdragon 8 Elite Gen 5,0.7777777777777777,0.959302325581395,0.6363636363636364,1.0,0.5349477581116431,0.009830205540661306,0.09628084810566563,Super Fast,0.06340909090909091,0.36,0.9999999999999999,0.49090909090909085,0.6666666666666667,Android v16
oppo,Oppo F31 5G (8GB RAM + 256GB),Mid-Range,0.04948545436925633,0.5733333333333333,0.7380965863429717,Average Value,1,0,1,mediatek,Dimensity 6300,0.7777777777777777,0.3197674418604651,0.2727272727272727,0.49902152641878667,0.5349477581116431,0.0062555853440571935,0.14494264859228362,Standard,0.05840909090909091,0.19999999999999996,0.21874999999999997,0.19999999999999998,0.3333333333333333,Android v15
apple,Apple iPhone 17 (512GB),Flagship,0.20186147784185685,0.7200000000000002,0.5666738557665407,Average Value,1,1,0,apple,Apple A19,0.5555555555555556,0.3488372093023256,0.2727272727272727,1.0,0.2819226238737016,0.003127792672028597,0.18665276329509906,Slow Charging,0.052272727272727276,0.19999999999999996,0.20833333333333334,0.23636363636363636,0.3333333333333333,iOS v26
xiaomi,Xiaomi Redmi 15 5G (8GB RAM + 128GB),Mid-Range,0.026804621116680513,0.52,0.6428589813767795,Average Value,1,0,1,qualcomm,Snapdragon 6s Gen3,0.7777777777777777,0.29069767441860456,0.2727272727272727,0.24853228962818003,0.5349477581116431,0.002055406613047364,0.35286125067146956,Slow Charging,0.06590909090909092,0.36,0.21874999999999997,0.054545454545454536,0.3333333333333333,Android v15
samsung,Samsung Galaxy A07 4G,Budget,0.008662016408551909,0.3066666666666667,0.5462081729154711,Average Value,0,0,0,mediatek,Helio G99,0.7777777777777777,0.26162790697674415,0.09090909090909091,0.1232876712328767,0.3819700469641573,0.0013404825737265416,0.33263816475495306,Standard,0.06136363636363637,0.0,0.21874999999999997,0.054545454545454536,0.3333333333333333,Android v15
lava,Lava Blaze AMOLED 2,Budget,0.019278708264689446,0.48000000000000004,0.8549345315198678,Value King,1,0,0,mediatek,Dimensity 7060,0.7777777777777777,0.377906976744186,0.1818181818181818,0.24853228962818003,0.3819700469641573,0.003127792672028597,0.18665276329509906,Slow Charging,0.06068181818181817,0.19999999999999996,0.21874999999999997,0.054545454545454536,0.3333333333333333,Android v15
vivo,Vivo Y400 Pro 5G (8GB RAM + 256GB),Mid-Range,0.047423560437203985,0.5466666666666666,0.6904777838598756,Average Value,1,0,1,mediatek,Dimensity 7300,0.7777777777777777,0.3488372093023256,0.2727272727272727,0.49902152641878667,0.42021447475102874,0.0071492403932082215,0.10091530529486735,Super Fast,0.06295454545454546,0.19999999999999996,0.21874999999999997,0.49090909090909085,0.3333333333333333,Android v15
infinix,Infinix Smart 10,Budget,0.007216628762183215,0.26666666666666666,0.4749636286221488,Overpriced,0,0,0,unisoc,Unisoc T7250,0.7777777777777777,0.1453488372093023,0.09090909090909091,0.1232876712328767,0.3819700469641573,0.0004468275245755139,0.5550921098366354,Slow Charging,0.06068181818181817,0.19999999999999996,0.0,0.054545454545454536,0.0,Android v15
acer,Acer Super ZX 5G  (8GB RAM + 128GB),Mid-Range,0.022662276207187346,0.39999999999999997,0.42857437020284717,Overpriced,1,0,0,mediatek,Dimensity 6300,0.7777777777777777,0.3197674418604651,0.2727272727272727,0.24853228962818003,0.3819700469641573,0.002055406613047364,0.25174582108888677,Standard,0.06363636363636363,0.19999999999999996,0.29166666666666663,0.14545454545454545,0.6666666666666667,Android v15
vivo,Vivo Y19 5G (6GB RAM + 128GB),Budget,0.016495151456418777,0.3466666666666666,0.6174527172087935,Average Value,1,0,0,mediatek,Dimensity 6300,0.7777777777777777,0.3197674418604651,0.1818181818181818,0.24853228962818003,0.42021447475102874,0.0004468275245755139,0.610705596107056,Slow Charging,0.062272727272727285,0.0,0.026041666666666664,0.0,0.3333333333333333,Android v15
samsung,Samsung Galaxy F06 5G (4GB RAM + 64GB),Budget,0.014103354495238054,0.3333333333333333,0.593704535777686,Average Value,1,0,0,mediatek,Dimensity 6300,0.7777777777777777,0.3197674418604651,0.09090909090909091,0.1232876712328767,0.3819700469641573,0.0013404825737265416,0.33263816475495306,Standard,0.06136363636363637,0.19999999999999996,0.21874999999999997,0.054545454545454536,0.3333333333333333,Android v15
realme,Realme P3 Ultra (8GB RAM + 256GB),Mid-Range,0.04948545436925633,0.5866666666666667,0.7619059875845198,Average Value,1,0,1,mediatek,Dimensity 8350 Ultra,0.7777777777777777,0.5959302325581395,0.2727272727272727,0.49902152641878667,0.4584589025379002,0.0062555853440571935,0.1240875912408759,Standard,0.06431818181818183,0.19999999999999996,0.21874999999999997,0.19999999999999998,0.3333333333333333,Android v15
itel,itel Power 70,Budget,0.0047423560437203985,0.26666666666666666,0.4749636286221488,Overpriced,0,0,0,mediatek,Helio G50,0.7777777777777777,0.26162790697674415,0.09090909090909091,0.24853228962818003,0.4584589025379002,0.0007149240393208221,0.5550921098366354,Slow Charging,0.06068181818181817,0.19999999999999996,0.026041666666666664,0.054545454545454536,0.0,Android v14
iqoo,iQOO Z10x 5G (8GB RAM + 256GB),Mid-Range,0.03195729405287933,0.48000000000000004,0.5714307776521353,Average Value,1,0,1,mediatek,Dimensity 7300,0.7777777777777777,0.3488372093023256,0.2727272727272727,0.49902152641878667,0.49670333032477165,0.0030384271671134943,0.24542610673997534,Standard,0.06181818181818183,0.19999999999999996,0.21874999999999997,0.054545454545454536,0.3333333333333333,Android v15
vivo,Vivo V50e 5G,Mid-Range,0.04536166650515164,0.5733333333333333,0.7380965863429717,Average Value,1,0,0,mediatek,Dimensity 7300,0.7777777777777777,0.3488372093023256,0.2727272727272727,0.24853228962818003,0.42786336030840305,0.0071492403932082215,0.10276908817054803,Super Fast,0.06295454545454546,0.19999999999999996,0.21874999999999997,0.8181818181818181,0.3333333333333333,Android v15
sony,Sony Xperia 1 VII,Flagship,0.28039901771373077,0.8,0.6646963893830509,Average Value,1,1,0,qualcomm,Snapdragon 8 Elite,0.7777777777777777,0.877906976744186,0.4545454545454545,0.49902152641878667,0.3819700469641573,0.0017873100983020556,0.2770246784845325,Standard,0.05681818181818182,0.19999999999999996,0.20833333333333334,0.12727272727272726,0.6666666666666667,Android v15
oppo,Oppo F29 Pro 5G,Mid-Range,0.05152879125592021,0.5333333333333334,0.6666683826183276,Average Value,1,0,0,mediatek,Dimensity 7300,0.7777777777777777,0.3488372093023256,0.2727272727272727,0.24853228962818003,0.4584589025379002,0.0062555853440571935,0.1240875912408759,Standard,0.06136363636363637,0.19999999999999996,0.21874999999999997,0.19999999999999998,0.3333333333333333,Android v14
realme,Realme GT 7 Pro 5G,Premium,0.09072333301030328,0.7466666666666668,0.7539539879518854,Average Value,1,1,1,qualcomm,Snapdragon 8 Elite,0.7777777777777777,0.877906976744186,0.4545454545454545,0.49902152641878667,0.4431611314231516,0.009830205540661306,0.07959680222453945,Super Fast,0.0631818181818182,0.19999999999999996,0.21874999999999997,0.19999999999999998,0.6666666666666667,Android v15
vertu,Vertu Metavertu 2,Flagship,0.8680573453940382,0.6799999999999999,0.5176625889582857,Overpriced,1,1,0,qualcomm,Snapdragon 8 Gen2,0.7777777777777777,0.5523255813953487,0.4545454545454545,1.0,0.38961893252153157,0.004915102770330652,0.12986283789203498,Standard,0.0631818181818182,0.19999999999999996,0.21874999999999997,0.19999999999999998,0.6666666666666667,Android v13
google,Google Pixel 8A (8GB RAM + 256GB),Premium,0.06596204878028664,0.5466666666666666,0.4333279511380093,Overpriced,1,1,0,google,Tensor G3,0.8888888888888888,0.49418604651162784,0.2727272727272727,0.49902152641878667,0.3431137083326959,0.003127792672028597,0.18665276329509906,Slow Charging,0.04772727272727273,0.19999999999999996,0.29166666666666663,0.14545454545454545,0.3333333333333333,Android v14
huawei,Huawei Pura 80 Ultra,Flagship,0.23503735120857913,0.8,0.6646963893830509,Average Value,1,1,1,hisilicon,Kirin 9020,0.7777777777777777,0.3488372093023256,0.6363636363636364,1.0,0.43551224586577736,0.00804289544235925,0.0940563086548488,Super Fast,0.06363636363636363,0.19999999999999996,0.21874999999999997,0.14545454545454545,0.6666666666666667,HarmonyOS v5.1
vivo,Vivo T3x 5G (8GB RAM + 128GB),Mid-Range,0.021649886286549645,0.4533333333333333,0.5238119751690393,Overpriced,1,0,0,qualcomm,Snapdragon 6 Gen1,0.7777777777777777,0.26162790697674415,0.2727272727272727,0.24853228962818003,0.4584589025379002,0.0030384271671134943,0.22646696369324107,Standard,0.06181818181818183,0.19999999999999996,0.21874999999999997,0.054545454545454536,0.3333333333333333,Android v14
motorola,Motorola Moto G56 5G,Mid-Range,0.022662276207187346,0.5066666666666666,0.6190495801352315,Average Value,1,0,0,mediatek,Dimensity 7060,0.7777777777777777,0.377906976744186,0.2727272727272727,0.49902152641878667,0.3972678180789059,0.0017873100983020556,0.28814737573861665,Standard,0.06181818181818183,0.19999999999999996,0.21874999999999997,0.49090909090909085,0.3333333333333333,Android v15
vivo,Vivo V40 Pro,Premium,0.07629007548593685,0.6933333333333334,0.6684537114681851,Average Value,1,0,0,mediatek,Dimensity 9200 Plus,0.7777777777777777,0.5959302325581395,0.2727272727272727,0.49902152641878667,0.42021447475102874,0.0062555853440571935,0.11366006256517205,Super Fast,0.0631818181818182,0.19999999999999996,0.21874999999999997,0.8181818181818181,0.6666666666666667,Android v14
samsung,Samsung Galaxy F15 5G (6GB RAM + 128GB),Budget,0.02061893932052347,0.4133333333333334,0.7361936243643306,Average Value,1,0,0,mediatek,Dimensity 6100 Plus,0.7777777777777777,0.26162790697674415,0.1818181818181818,0.24853228962818003,0.4584589025379002,0.0013404825737265416,0.3993743482794578,Slow Charging,0.05568181818181819,0.0,0.21874999999999997,0.14545454545454545,0.6666666666666667,Android v14
oppo,OPPO Reno 12 Pro 5G,Premium,0.0742281815538845,0.6799999999999999,0.6470786423472601,Average Value,1,1,1,mediatek,Dimensity 7300 Energy,0.7777777777777777,0.3488372093023256,0.4545454545454545,0.49902152641878667,0.3819700469641573,0.0062555853440571935,0.1032325338894682,Super Fast,0.06136363636363637,0.19999999999999996,0.21874999999999997,0.8181818181818181,0.6666666666666667,Android v14
xiaomi,Xiaomi Redmi 12 5G (8GB RAM + 256GB),Budget,0.019587992354497298,0.4133333333333334,0.7361936243643306,Average Value,1,0,1,qualcomm,Snapdragon 4 Gen2,0.7777777777777777,0.26162790697674415,0.2727272727272727,0.49902152641878667,0.3819700469641573,0.0007149240393208221,0.46240296605260106,Slow Charging,0.06340909090909091,0.0,0.21874999999999997,0.054545454545454536,0.3333333333333333,Android v13
samsung,Samsung Galaxy S21 FE (Snapdragon),Premium,0.0701043936897798,0.5733333333333333,0.4760780893798594,Overpriced,1,1,0,qualcomm,Snapdragon 888,0.7777777777777777,0.447674418604651,0.2727272727272727,0.49902152641878667,0.34372561917728583,0.0013404825737265416,0.2992700729927007,Standard,0.054545454545454564,0.19999999999999996,0.020833333333333336,0.49090909090909085,0.6666666666666667,Android v13
motorola,Motorola Edge 50 5G,Mid-Range,0.03709553373155378,0.6266666666666667,0.8333341913091639,Value King,1,1,0,qualcomm,Snapdragon 7 Gen1 AE,0.7777777777777777,0.3488372093023256,0.2727272727272727,0.49902152641878667,0.3819700469641573,0.00518319928507596,0.12163405508188677,Standard,0.06068181818181817,0.19999999999999996,0.21874999999999997,0.49090909090909085,0.6666666666666667,Android v14
xiaomi,Xiaomi Redmi A7 Pro 5G,Mid-Range,0.02268083325257582,0.3066666666666667,0.26190856151201086,Overpriced,0,0,0,unknown,Octa Core Processor,0.7777777777777777,0.3488372093023256,0.09090909090909091,0.1232876712328767,0.4814055592100231,0.0004468275245755139,0.6996871741397289,Slow Charging,0.06590909090909092,0.19999999999999996,0.125,0.054545454545454536,0.3333333333333333,Android v16
nubia,Nubia Neo 5 GT,Mid-Range,0.0350521968448899,0.5466666666666666,0.6904777838598756,Average Value,1,1,0,mediatek,Dimensity 7400,0.7777777777777777,0.377906976744186,0.4545454545454545,0.49902152641878667,0.4584589025379002,0.0062555853440571935,0.1240875912408759,Standard,0.06363636363636363,0.19999999999999996,0.21874999999999997,0.19999999999999998,0.0,Android v16
realme,Realme Narzo Power 5G,Mid-Range,0.04034301667453623,0.6799999999999999,0.9285717962753559,Value King,1,0,1,mediatek,Dimensity 7400 Ultra,0.7777777777777777,0.377906976744186,0.2727272727272727,0.24853228962818003,0.7644908136884456,0.0062555853440571935,0.2075286757038582,Standard,0.06363636363636363,0.36,0.21874999999999997,0.19999999999999998,0.3333333333333333,Android v16
xiaomi,Xiaomi Redmi Note 15 Pro Plus (12GB RAM + 256GB),Premium,0.0701043936897798,0.76,0.7753290570728105,Average Value,1,1,1,qualcomm,Snapdragon 7s Gen4,0.7777777777777777,0.4069767441860465,0.4545454545454545,0.49902152641878667,0.49670333032477165,0.00804289544235925,0.10740354535974973,Super Fast,0.06431818181818183,0.19999999999999996,0.9999999999999999,0.49090909090909085,0.3333333333333333,Android v15
realme,Realme 16 Pro Plus 5G (12GB+256GB),Premium,0.09072333301030328,0.8,0.8394542644355857,Value King,1,1,1,qualcomm,Snapdragon 7 Gen4,0.7777777777777777,0.4360465116279069,0.4545454545454545,0.49902152641878667,0.5349477581116431,0.0062555853440571935,0.14494264859228362,Standard,0.06363636363636363,0.36,0.9999999999999999,0.8181818181818181,0.6666666666666667,Android v16
oppo,Oppo Reno 15F,Premium,0.07216628762183215,0.6000000000000001,0.5188282276217095,Overpriced,1,1,0,qualcomm,Snapdragon 6 Gen1,0.7777777777777777,0.26162790697674415,0.2727272727272727,0.24853228962818003,0.5349477581116431,0.0062555853440571935,0.14494264859228362,Standard,0.05840909090909091,0.19999999999999996,0.21874999999999997,0.8181818181818181,0.6666666666666667,Android v16
vivo,Vivo X300 (16GB RAM + 512GB),Flagship,0.16701340849624013,0.8666666666666667,0.7463818340634759,Average Value,1,1,1,mediatek,Dimensity 9500,0.7777777777777777,0.8459302325581393,0.6363636363636364,1.0,0.4615184567608499,0.0071492403932082215,0.11092573282354305,Super Fast,0.05249999999999999,0.19999999999999996,0.9999999999999999,0.8181818181818181,0.6666666666666667,Android v16
oppo,OPPO K14 5G (8GB RAM + 256GB),Mid-Range,0.039175984708994596,0.5333333333333334,0.6666683826183276,Average Value,1,1,1,mediatek,Dimensity 6300,0.7777777777777777,0.3197674418604651,0.2727272727272727,0.49902152641878667,0.5349477581116431,0.003127792672028597,0.2584868497277256,Standard,0.0625,0.19999999999999996,0.21874999999999997,0.054545454545454536,0.3333333333333333,Android v15
poco,Poco F8 Pro,Premium,0.08245720023670541,0.7733333333333334,0.7967041261937355,Average Value,1,1,1,qualcomm,Snapdragon 8 Elite,0.7777777777777777,0.877906976744186,0.4545454545454545,0.49902152641878667,0.4745215622083862,0.00804289544235925,0.10256517205422315,Super Fast,0.05886363636363637,0.19999999999999996,0.21874999999999997,0.2727272727272727,0.6666666666666667,Android v16
xiaomi,Xiaomi Redmi 16,Mid-Range,0.022662276207187346,0.4533333333333333,0.5238119751690393,Overpriced,1,0,1,qualcomm,Snapdragon 6s Gen4,0.7777777777777777,0.3488372093023256,0.1818181818181818,0.24853228962818003,0.5731921858985146,0.002055406613047364,0.37814010806711534,Slow Charging,0.06590909090909092,0.36,0.21874999999999997,0.19999999999999998,0.3333333333333333,Android v16
oppo,OPPO Reno 15 Pro Max,Premium,0.11338560921749063,0.8133333333333335,0.8608293335565108,Value King,1,1,1,mediatek,Dimensity 8450,0.7777777777777777,0.566860465116279,0.4545454545454545,0.49902152641878667,0.49670333032477165,0.0062555853440571935,0.13451511991657977,Standard,0.0631818181818182,0.19999999999999996,0.9999999999999999,0.8181818181818181,0.6666666666666667,Android v16
huawei,Huawei Enjoy 90 Pro Max,Mid-Range,0.03915742766360613,0.5733333333333333,0.7380965863429717,Average Value,1,1,1,hisilicon,Octa Core Processor,0.7777777777777777,0.3488372093023256,0.2727272727272727,0.24853228962818003,0.6496810414722575,0.002680965147453083,0.3534932221063608,Slow Charging,0.06454545454545454,0.19999999999999996,0.21874999999999997,0.054545454545454536,0.0,HarmonyOS v6.0
hmd,HMD Fuse,Budget,0.008229018682820919,0.46666666666666673,0.8311863500887604,Value King,1,1,0,qualcomm,Snapdragon 4 Gen2,0.7777777777777777,0.26162790697674415,0.1818181818181818,0.24853228962818003,0.3819700469641573,0.002055406613047364,0.25174582108888677,Standard,0.05818181818181817,0.0,0.5208333333333334,0.8181818181818181,0.3333333333333333,Android v14
wobble,Wobble One 5G (8GB RAM + 256GB),Mid-Range,0.047423560437203985,0.5733333333333333,0.7380965863429717,Average Value,1,0,0,mediatek,Dimensity 7400,0.7777777777777777,0.377906976744186,0.2727272727272727,0.49902152641878667,0.3819700469641573,0.002055406613047364,0.25174582108888677,Standard,0.06068181818181817,0.19999999999999996,0.21874999999999997,0.8181818181818181,0.6666666666666667,Android v15
tecno,Tecno Spark 40,Budget,0.012371363592314083,0.36000000000000004,0.6412008986399009,Average Value,0,0,1,mediatek,Helio G81,0.7777777777777777,0.20348837209302323,0.09090909090909091,0.24853228962818003,0.3972678180789059,0.003127792672028597,0.19175066620322095,Standard,0.06068181818181817,0.19999999999999996,0.21874999999999997,0.054545454545454536,0.0,Android v15
vivo,Vivo S30 Pro Mini,Premium,0.07420962450849602,0.7200000000000002,0.7112038497100353,Average Value,1,1,1,mediatek,Dimensity 9300 Plus,0.7777777777777777,0.6104651162790697,0.4545454545454545,0.49902152641878667,0.49670333032477165,0.0071492403932082215,0.11945313405167421,Standard,0.05249999999999999,0.19999999999999996,0.21874999999999997,0.8181818181818181,0.6666666666666667,Android v15
iqoo,iQOO Z10 5G (8GB RAM + 256GB),Mid-Range,0.04535960461121959,0.6000000000000001,0.7857153888260677,Average Value,1,0,1,qualcomm,Snapdragon 7s Gen3,0.7777777777777777,0.3488372093023256,0.2727272727272727,0.49902152641878667,0.557894414783766,0.0071492403932082215,0.1342833970571197,Standard,0.06295454545454546,0.19999999999999996,0.21874999999999997,0.49090909090909085,0.3333333333333333,Android v15
realme,Realme Narzo 80 Pro 5G (8GB RAM + 256GB),Mid-Range,0.0350521968448899,0.5466666666666666,0.6904777838598756,Average Value,1,0,0,mediatek,Dimensity 7400,0.7777777777777777,0.377906976744186,0.2727272727272727,0.49902152641878667,0.4584589025379002,0.0062555853440571935,0.1240875912408759,Standard,0.06181818181818183,0.19999999999999996,0.21874999999999997,0.19999999999999998,0.3333333333333333,Android v15
realme,Realme C73,Budget,0.01443325752436643,0.38666666666666666,0.6886972615021157,Average Value,1,0,0,mediatek,Dimensity 6300,0.7777777777777777,0.3197674418604651,0.09090909090909091,0.1232876712328767,0.4584589025379002,0.0004468275245755139,0.6663190823774765,Slow Charging,0.06068181818181817,0.19999999999999996,0.125,0.054545454545454536,0.3333333333333333,Android v15
samsung,Samsung Galaxy A56 5G (8GB RAM + 256GB),Premium,0.08041386335004154,0.5733333333333333,0.4760780893798594,Overpriced,1,1,0,samsung,Exynos 1580,0.7777777777777777,0.4651162790697673,0.2727272727272727,0.49902152641878667,0.3819700469641573,0.003127792672028597,0.1843355347004982,Standard,0.06136363636363637,0.19999999999999996,0.21874999999999997,0.12727272727272726,0.6666666666666667,Android v15
samsung,Samsung Galaxy A06 5G (4GB RAM + 128GB),Budget,0.014002321692567491,0.38666666666666666,0.6886972615021157,Average Value,1,0,0,mediatek,Dimensity 6300,0.7777777777777777,0.3197674418604651,0.09090909090909091,0.24853228962818003,0.3819700469641573,0.0013404825737265416,0.33263816475495306,Standard,0.06136363636363637,0.0,0.21874999999999997,0.054545454545454536,0.3333333333333333,Android v15
honor,Honor 400 Lite,Premium,0.06183826091618194,0.5333333333333334,0.4119528820170842,Overpriced,1,1,0,mediatek,Dimensity 7025 Ultra,0.7777777777777777,0.3488372093023256,0.2727272727272727,0.49902152641878667,0.3995624837461182,0.002234137622877569,0.24826456129897212,Standard,0.06136363636363637,0.19999999999999996,0.5208333333333334,0.19999999999999998,0.3333333333333333,Android v15
poco,Poco F8,Premium,0.06802394271233898,0.7066666666666668,0.6898287805891102,Average Value,1,1,1,qualcomm,Snapdragon 8s Elite,0.7777777777777777,0.3488372093023256,0.4545454545454545,0.49902152641878667,0.5884899570132631,0.00804289544235925,0.12742440041710115,Standard,0.0631818181818182,0.36,0.21874999999999997,0.49090909090909085,0.6666666666666667,Android v16
xiaomi,Xiaomi Redmi A5 5G,Budget,0.010290912614873266,0.38666666666666666,0.6886972615021157,Average Value,1,1,0,qualcomm,Snapdragon 4 Gen3,0.7777777777777777,0.3488372093023256,0.09090909090909091,0.24853228962818003,0.42021447475102874,0.002055406613047364,0.2770246784845325,Standard,0.0631818181818182,0.19999999999999996,0.21874999999999997,0.054545454545454536,0.6666666666666667,Android v14
xiaomi,Xiaomi Redmi Turbo 4,Mid-Range,0.03915742766360613,0.6400000000000001,0.8571435925507119,Value King,1,1,1,mediatek,Dimensity 8400 Ultra,0.7777777777777777,0.566860465116279,0.4545454545454545,0.49902152641878667,0.5005277731034588,0.0071492403932082215,0.12038002548951453,Standard,0.06068181818181817,0.19999999999999996,0.21874999999999997,0.2727272727272727,0.3333333333333333,Android v15
vivo,Vivo X200 Ultra,Flagship,0.14843780606238052,0.8666666666666667,0.7463818340634759,Average Value,1,1,1,qualcomm,Snapdragon 8 Elite,0.7777777777777777,0.877906976744186,0.4545454545454545,0.49902152641878667,0.4584589025379002,0.0071492403932082215,0.11018421967327077,Super Fast,0.06409090909090909,0.19999999999999996,0.9999999999999999,0.8181818181818181,0.6666666666666667,Android v15
realme,Realme P2 Pro 5G,Mid-Range,0.026804621116680513,0.5333333333333334,0.6666683826183276,Average Value,1,0,0,qualcomm,Snapdragon 7s Gen 2,0.7777777777777777,0.3197674418604651,0.2727272727272727,0.24853228962818003,0.3972678180789059,0.0062555853440571935,0.10740354535974973,Super Fast,0.06136363636363637,0.19999999999999996,0.21874999999999997,0.49090909090909085,0.3333333333333333,Android v14
realme,Realme P1 Pro 5G (8GB RAM + 256GB),Mid-Range,0.024742727184628166,0.48000000000000004,0.5714307776521353,Average Value,1,0,0,qualcomm,Snapdragon 6 Gen1,0.7777777777777777,0.26162790697674415,0.2727272727272727,0.49902152641878667,0.3819700469641573,0.003127792672028597,0.1843355347004982,Standard,0.06136363636363637,0.19999999999999996,0.21874999999999997,0.19999999999999998,0.3333333333333333,Android v14
oneplus,OnePlus 12R (8GB RAM + 256GB),Premium,0.0628877649275966,0.5733333333333333,0.4760780893798594,Overpriced,1,1,1,qualcomm,Snapdragon 8 Gen2,0.7777777777777777,0.5523255813953487,0.2727272727272727,0.49902152641878667,0.42021447475102874,0.00804289544235925,0.09071949947862357,Super Fast,0.0631818181818182,0.19999999999999996,0.21874999999999997,0.19999999999999998,0.6666666666666667,Android v14
infinix,Infinix Note 50,Budget,0.020600382275135002,0.5333333333333334,0.9499272572442976,Performance Beast,0,1,1,mediatek,Helio G100,0.7777777777777777,0.26162790697674415,0.2727272727272727,0.49902152641878667,0.3972678180789059,0.003127792672028597,0.19175066620322095,Standard,0.0631818181818182,0.36,0.21874999999999997,0.14545454545454545,0.3333333333333333,Android v15
nokia,Nokia X200,Mid-Range,0.04123787864104694,0.52,0.6428589813767795,Average Value,1,1,0,qualcomm,Snapdragon 6 Gen 4,0.7777777777777777,0.26162790697674415,0.2727272727272727,0.49902152641878667,0.4584589025379002,0.002055406613047364,0.3023035358801782,Standard,0.06136363636363637,0.19999999999999996,0.21874999999999997,0.49090909090909085,0.6666666666666667,Android v15
samsung,Samsung Galaxy A76,Premium,0.07833341237260072,0.6533333333333333,0.60432850410541,Average Value,1,1,0,qualcomm,Snapdragon 7+ Gen2,0.7777777777777777,0.4680232558139535,0.2727272727272727,0.24853228962818003,0.3819700469641573,0.003127792672028597,0.1843355347004982,Standard,0.0631818181818182,0.19999999999999996,0.5208333333333334,0.49090909090909085,1.0,Android v14
honor,Honor 90 5G,Mid-Range,0.04329977257309929,0.5466666666666666,0.6904777838598756,Average Value,1,1,0,qualcomm,Snapdragon 7 Gen 1 Accelerated Edition,0.7777777777777777,0.30813953488372087,0.2727272727272727,0.49902152641878667,0.3819700469641573,0.005004468275245755,0.1253515341106582,Standard,0.06136363636363637,0.19999999999999996,0.9999999999999999,0.8181818181818181,0.6666666666666667,Android v13
apple,Apple iPhone 15 Pro,Flagship,0.2678420836675319,0.6266666666666667,0.4523142332139456,Overpriced,1,1,0,apple,Bionic A17 Pro,0.5555555555555556,0.7209302325581393,0.2727272727272727,0.24853228962818003,0.24995028224387708,0.003127792672028597,0.18665276329509906,Slow Charging,0.04772727272727273,0.19999999999999996,0.20833333333333334,0.12727272727272726,0.6666666666666667,iOS v17
realme,Realme C83 5G (4GB RAM + 128GB),Mid-Range,0.023711780218601992,0.38666666666666666,0.4047649689612991,Overpriced,1,0,0,mediatek,Dimensity 6300,0.7777777777777777,0.3197674418604651,0.09090909090909091,0.24853228962818003,0.5349477581116431,0.0004468275245755139,0.7775460549183177,Slow Charging,0.06363636363636363,0.36,0.026041666666666664,0.0,0.0,Android v16
oppo,Oppo A6s Pro,Mid-Range,0.049466897323867866,0.48000000000000004,0.5714307776521353,Average Value,0,1,0,mediatek,Helio G100 Max,0.7777777777777777,0.26162790697674415,0.2727272727272727,0.49902152641878667,0.5349477581116431,0.0062555853440571935,0.14494264859228362,Standard,0.05840909090909091,0.19999999999999996,0.21874999999999997,0.8181818181818181,0.3333333333333333,Android v16
samsung,Samsung Galaxy A37 5G (8GB RAM + 256 GB),Premium,0.08144481031606772,0.6000000000000001,0.5188282276217095,Overpriced,1,1,0,samsung,Exynos 1480,0.7777777777777777,0.4069767441860465,0.2727272727272727,0.49902152641878667,0.3819700469641573,0.003127792672028597,0.1843355347004982,Standard,0.06136363636363637,0.19999999999999996,0.21874999999999997,0.12727272727272726,0.6666666666666667,Android v16
ai+,Ai+ Nova 2 Pro,Budget,0.016495151456418777,0.39999999999999997,0.7124454429332232,Average Value,1,0,0,unknown,Octa Core Processor,0.7777777777777777,0.3488372093023256,0.1818181818181818,0.24853228962818003,0.4584589025379002,0.0007149240393208221,0.5550921098366354,Slow Charging,0.06363636363636363,0.19999999999999996,0.21874999999999997,0.054545454545454536,0.3333333333333333,Android v16
tecno,Tecno Pova Curve 2 5G (8GB RAM +256GB),Premium,0.055671136165413374,0.5333333333333334,0.4119528820170842,Overpriced,1,0,1,mediatek,Dimensity 7100,0.7777777777777777,0.3197674418604651,0.2727272727272727,0.49902152641878667,0.611436613685386,0.003127792672028597,0.29556250724133937,Standard,0.0631818181818182,0.36,0.21874999999999997,0.14545454545454545,0.3333333333333333,Android v16
poco,Poco M8 5G (8GB RAM + 256GB),Mid-Range,0.03237173473322185,0.5333333333333334,0.6666683826183276,Average Value,1,0,1,qualcomm,Snapdragon 6 Gen3,0.7777777777777777,0.3488372093023256,0.2727272727272727,0.49902152641878667,0.42174425186250364,0.003127792672028597,0.20361487660757738,Standard,0.06295454545454546,0.19999999999999996,0.21874999999999997,0.2727272727272727,0.3333333333333333,Android v15
xiaomi,Xiaomi Redmi 15C 5G (6GB RAM + 128GB),Mid-Range,0.02268083325257582,0.4533333333333333,0.5238119751690393,Overpriced,1,0,0,mediatek,Dimensity 6300,0.7777777777777777,0.3197674418604651,0.1818181818181818,0.24853228962818003,0.4584589025379002,0.002055406613047364,0.3023035358801782,Standard,0.06590909090909092,0.19999999999999996,0.21874999999999997,0.054545454545454536,0.3333333333333333,Android v15
vivo,Vivo V60e (12GB RAM + 256GB),Premium,0.06391871189362276,0.7200000000000002,0.7112038497100353,Average Value,1,1,1,mediatek,Dimensity 7360 Turbo,0.7777777777777777,0.3488372093023256,0.4545454545454545,0.49902152641878667,0.49670333032477165,0.0071492403932082215,0.11945313405167421,Standard,0.06295454545454546,0.19999999999999996,0.9999999999999999,0.8181818181818181,0.3333333333333333,Android v15
tecno,Tecno Pova Curve 5G (8GB RAM + 256GB),Mid-Range,0.030928408980785208,0.5333333333333334,0.6666683826183276,Average Value,1,1,1,mediatek,Dimensity 7300 Ultimate,0.7777777777777777,0.3488372093023256,0.2727272727272727,0.49902152641878667,0.42021447475102874,0.003127792672028597,0.20287336345730508,Standard,0.0631818181818182,0.36,0.29166666666666663,0.14545454545454545,0.3333333333333333,Android v15
vivo,Vivo Y31 Pro 5G (8GB RAM + 256GB),Mid-Range,0.0350521968448899,0.46666666666666673,0.5476213764105873,Average Value,1,0,1,mediatek,Dimensity 7300,0.7777777777777777,0.3488372093023256,0.2727272727272727,0.49902152641878667,0.49670333032477165,0.0030384271671134943,0.24542610673997534,Standard,0.06181818181818183,0.19999999999999996,0.21874999999999997,0.054545454545454536,0.3333333333333333,Android v15
apple,Apple iPhone 17 Pro Max (512GB),Flagship,0.3400083712893641,0.8,0.6646963893830509,Average Value,1,1,0,apple,Apple A19 Pro,0.5555555555555556,0.3488372093023256,0.4545454545454545,1.0,0.3691199192277685,0.003127792672028597,0.18665276329509906,Slow Charging,0.06590909090909092,0.19999999999999996,0.20833333333333334,0.23636363636363636,0.6666666666666667,iOS v26
apple,Apple iPhone 17 Pro Max (1TB),Flagship,0.3812462499304111,0.8,0.6646963893830509,Average Value,1,1,0,apple,Apple A19 Pro,0.5555555555555556,0.3488372093023256,0.4545454545454545,0.0,0.3691199192277685,0.003127792672028597,0.18665276329509906,Slow Charging,0.06590909090909092,0.19999999999999996,0.20833333333333334,0.23636363636363636,0.6666666666666667,iOS v26
realme,Realme P5 Pro 5G,Premium,0.061856817961570415,0.6400000000000001,0.5829534349844848,Average Value,1,0,0,unknown,Octa Core Processor,0.7777777777777777,0.3488372093023256,0.2727272727272727,0.49902152641878667,0.7644143248328719,0.00804289544235925,0.16579770594369134,Standard,0.06409090909090909,0.36,0.21874999999999997,0.8181818181818181,0.6666666666666667,Android v16
oppo,Oppo K13 Turbo Pro (12GB+256GB),Premium,0.06598060582567511,0.6533333333333333,0.60432850410541,Average Value,1,0,1,qualcomm,Snapdragon 8s Gen4,0.7777777777777777,0.5523255813953487,0.4545454545454545,0.49902152641878667,0.5349477581116431,0.0062555853440571935,0.14494264859228362,Standard,0.06363636363636363,0.19999999999999996,0.21874999999999997,0.19999999999999998,0.3333333333333333,Android v15
nothing,Nothing Phone 3 (16GB RAM + 512GB),Flagship,0.12575284902194062,0.8266666666666667,0.6973705672552208,Average Value,1,1,0,qualcomm,Snapdragon 8s Gen4,0.7777777777777777,0.5523255813953487,0.6363636363636364,1.0,0.42021447475102874,0.004915102770330652,0.14012994304965107,Standard,0.06068181818181817,0.19999999999999996,0.21874999999999997,0.8181818181818181,0.6666666666666667,Android v15
samsung,Samsung Galaxy M36 5G (8GB RAM + 256GB),Mid-Range,0.04020693167502077,0.5066666666666666,0.6190495801352315,Average Value,1,0,0,samsung,Exynos 1380,0.7777777777777777,0.3197674418604651,0.2727272727272727,0.49902152641878667,0.3819700469641573,0.0013404825737265416,0.33263816475495306,Standard,0.06136363636363637,0.19999999999999996,0.21874999999999997,0.14545454545454545,0.6666666666666667,Android v15
vivo,Vivo T4 Lite 5G (8GB RAM +256GB),Mid-Range,0.024742727184628166,0.4133333333333334,0.45238377144439523,Overpriced,1,0,0,mediatek,Dimensity 6300,0.7777777777777777,0.3197674418604651,0.2727272727272727,0.24853228962818003,0.4584589025379002,0.0004468275245755139,0.6663190823774765,Slow Charging,0.062272727272727285,0.0,0.21874999999999997,0.0,0.3333333333333333,Android v15
iqoo,iQOO Neo 10 (16GB RAM + 512GB),Premium,0.08041180145610949,0.8,0.8394542644355857,Value King,1,1,1,qualcomm,Snapdragon 8s Gen4,0.7777777777777777,0.5523255813953487,0.6363636363636364,1.0,0.5349477581116431,0.009830205540661306,0.09628084810566563,Super Fast,0.0631818181818182,0.36,0.21874999999999997,0.49090909090909085,0.3333333333333333,Android v15
asus,Asus ROG Phone 10 Pro,Flagship,0.22266598761626505,0.8133333333333335,0.6810334783191359,Average Value,1,1,0,qualcomm,Snapdragon 8 Elite Gen 5,0.7777777777777777,0.959302325581395,0.6363636363636364,1.0,0.4584589025379002,0.0062555853440571935,0.1240875912408759,Standard,0.06409090909090909,0.19999999999999996,0.21874999999999997,0.49090909090909085,0.6666666666666667,Android v15
iqoo,iQOO Z10 5G (12GB RAM + 256GB),Mid-Range,0.047423560437203985,0.6266666666666667,0.8333341913091639,Value King,1,0,1,qualcomm,Snapdragon 7s Gen3,0.7777777777777777,0.3488372093023256,0.4545454545454545,0.49902152641878667,0.557894414783766,0.0071492403932082215,0.1342833970571197,Standard,0.06295454545454546,0.19999999999999996,0.21874999999999997,0.49090909090909085,0.3333333333333333,Android v15
samsung,Samsung Galaxy S25 Ultra (12GB RAM + 1TB),Flagship,0.3319649230604279,0.8933333333333335,0.779056011935646,Average Value,1,1,0,qualcomm,Snapdragon 8 Elite for Galaxy,0.7777777777777777,0.9215116279069764,0.4545454545454545,0.0,0.3819700469641573,0.003127792672028597,0.1843355347004982,Standard,0.06590909090909092,0.19999999999999996,0.9999999999999999,0.12727272727272726,1.0,Android v15
xiaomi,Xiaomi Redmi Note 14 Pro Plus (12GB RAM + 512GB),Premium,0.055671136165413374,0.6533333333333333,0.60432850410541,Average Value,1,0,1,qualcomm,Snapdragon 7s Gen3,0.7777777777777777,0.3488372093023256,0.4545454545454545,1.0,0.4737566736526488,0.0071492403932082215,0.11389178542463213,Super Fast,0.06068181818181817,0.19999999999999996,0.21874999999999997,0.2727272727272727,0.6666666666666667,Android v14
google,Google Pixel 11,Flagship,0.15462348785853758,0.6933333333333334,0.5339996778943706,Overpriced,1,1,0,google,Google Tensor 6,0.7777777777777777,0.3488372093023256,0.2727272727272727,0.49902152641878667,0.42021447475102874,0.004915102770330652,0.14012994304965107,Standard,0.05909090909090908,0.19999999999999996,0.21874999999999997,0.8181818181818181,0.3333333333333333,Android v15
vivo,Vivo Y39 5G,Mid-Range,0.02678606407129204,0.4266666666666667,0.4761931726859432,Overpriced,1,0,0,qualcomm,Snapdragon 4 Gen2,0.7777777777777777,0.26162790697674415,0.2727272727272727,0.24853228962818003,0.49670333032477165,0.0030384271671134943,0.24542610673997534,Standard,0.06090909090909091,0.19999999999999996,0.21874999999999997,0.054545454545454536,0.3333333333333333,Android v15
infinix,Infinix Note 40X 5G (12GB RAM +256GB),Mid-Range,0.02268083325257582,0.52,0.6428589813767795,Average Value,1,1,0,mediatek,Dimensity 6300,0.7777777777777777,0.3197674418604651,0.4545454545454545,0.49902152641878667,0.3819700469641573,0.0007149240393208221,0.46240296605260106,Slow Charging,0.0631818181818182,0.19999999999999996,0.5208333333333334,0.054545454545454536,0.6666666666666667,Android v14
oppo,Oppo F27 Pro Plus 5G (8GB RAM +128GB),Mid-Range,0.04329977257309929,0.5466666666666666,0.6904777838598756,Average Value,1,0,0,mediatek,Dimensity 7050,0.7777777777777777,0.377906976744186,0.2727272727272727,0.24853228962818003,0.3819700469641573,0.005093833780160858,0.12346505221546077,Standard,0.06136363636363637,0.19999999999999996,0.29166666666666663,0.054545454545454536,0.3333333333333333,Android v14
vivo,Vivo T3 Lite 5G,Budget,0.016270405017825073,0.4133333333333334,0.7361936243643306,Average Value,1,0,0,mediatek,Dimensity 6300,0.7777777777777777,0.3197674418604651,0.09090909090909091,0.24853228962818003,0.3819700469641573,0.0004468275245755139,0.5550921098366354,Slow Charging,0.05818181818181817,0.0,0.21874999999999997,0.054545454545454536,0.3333333333333333,Android v14
tecno,Tecno Pova 8 Pro 5G,Mid-Range,0.03711409077694225,0.5733333333333333,0.7380965863429717,Average Value,1,1,1,mediatek,Dimensity 7400 Ultimate,0.7777777777777777,0.3488372093023256,0.2727272727272727,0.24853228962818003,0.5349477581116431,0.003127792672028597,0.2584868497277256,Standard,0.0631818181818182,0.36,0.21874999999999997,0.19999999999999998,0.3333333333333333,Android v16
oppo,OPPO Reno 12 5G,Premium,0.08041386335004154,0.5733333333333333,0.4760780893798594,Overpriced,1,0,1,mediatek,Dimensity 7300,0.7777777777777777,0.3488372093023256,0.2727272727272727,0.49902152641878667,0.3819700469641573,0.0062555853440571935,0.1032325338894682,Super Fast,0.06136363636363637,0.19999999999999996,0.21874999999999997,0.49090909090909085,0.6666666666666667,Android v14
realme,Realme 12X,Budget,0.01443325752436643,0.4133333333333334,0.7361936243643306,Average Value,1,0,0,mediatek,Dimensity 6100 Plus,0.7777777777777777,0.26162790697674415,0.09090909090909091,0.24853228962818003,0.3819700469641573,0.003127792672028597,0.1843355347004982,Standard,0.06181818181818183,0.19999999999999996,0.21874999999999997,0.054545454545454536,0.3333333333333333,Android v14
xiaomi,Xiaomi Redmi 12 4G (6GB RAM + 128GB),Budget,0.010309469660261736,0.36000000000000004,0.6412008986399009,Average Value,0,0,1,mediatek,Helio G88,0.7777777777777777,0.20348837209302323,0.1818181818181818,0.24853228962818003,0.3819700469641573,0.0007149240393208221,0.46240296605260106,Slow Charging,0.06340909090909091,0.0,0.21874999999999997,0.054545454545454536,0.6666666666666667,Android v13
vivo,Vivo T2x 5G (6GB RAM + 128GB),Budget,0.016495151456418777,0.36000000000000004,0.6412008986399009,Average Value,1,0,0,mediatek,Dimensity 6020,0.7777777777777777,0.26162790697674415,0.1818181818181818,0.24853228962818003,0.3819700469641573,0.0007149240393208221,0.46240296605260106,Slow Charging,0.05863636363636365,0.19999999999999996,0.21874999999999997,0.054545454545454536,0.3333333333333333,Android v13
google,Google Pixel 9 Pro,Flagship,0.21649886286549647,0.8,0.6646963893830509,Average Value,1,1,0,google,Tensor G4,0.7777777777777777,0.5232558139534884,0.6363636363636364,0.49902152641878667,0.35902339029203445,0.001519213583556747,0.28938323098907043,Standard,0.052272727272727276,0.19999999999999996,0.21874999999999997,0.6727272727272726,0.6666666666666667,Android v14
iqoo,iQOO 12 5G,Premium,0.10309469660261736,0.7066666666666668,0.6898287805891102,Average Value,1,1,1,qualcomm,Snapdragon 8 Gen3,0.7777777777777777,0.5813953488372092,0.4545454545454545,0.49902152641878667,0.3819700469641573,0.009830205540661306,0.06847410497045532,Super Fast,0.0631818181818182,0.36,0.29166666666666663,0.19999999999999998,0.6666666666666667,Android v14
vivo,Vivo Y21 5G (8GB RAM + 128GB),Mid-Range,0.03711409077694225,0.48000000000000004,0.5714307776521353,Average Value,1,1,1,mediatek,Dimensity 6300,0.7777777777777777,0.3197674418604651,0.2727272727272727,0.24853228962818003,0.49670333032477165,0.0030384271671134943,0.24542610673997534,Standard,0.062272727272727285,0.19999999999999996,0.21874999999999997,0.0,0.3333333333333333,Android v16
realme,Realme GT 9 Pro,Flagship,0.15462348785853758,0.8666666666666667,0.7463818340634759,Average Value,1,1,1,qualcomm,Snapdragon 8 Elite Gen 6,0.7777777777777777,0.3488372093023256,0.4545454545454545,0.49902152641878667,0.5349477581116431,0.009830205540661306,0.09628084810566563,Super Fast,0.06340909090909091,0.36,0.9999999999999999,0.49090909090909085,0.6666666666666667,Android v17
tecno,Tecno Pova 8 5G,Mid-Range,0.02678606407129204,0.5066666666666666,0.6190495801352315,Average Value,1,1,1,mediatek,Dimensity 7100,0.7777777777777777,0.3488372093023256,0.2727272727272727,0.24853228962818003,0.5349477581116431,0.003127792672028597,0.2584868497277256,Standard,0.06431818181818183,0.36,0.21874999999999997,0.19999999999999998,0.3333333333333333,Android v16
oppo,Oppo Find X10 Pro 5G,Flagship,0.23709924514063146,0.9200000000000002,0.811730189807816,Value King,1,1,1,mediatek,Dimensity 9600,0.7777777777777777,0.3488372093023256,0.6363636363636364,1.0,0.6496810414722575,0.00804289544235925,0.14077163712200208,Standard,0.06409090909090909,0.19999999999999996,0.9999999999999999,0.8181818181818181,0.6666666666666667,Android v17
vivo,Vivo X200T (12 GB RAM + 512 GB),Flagship,0.13402310558340258,0.8800000000000001,0.762718922999561,Average Value,1,1,1,mediatek,Dimensity 9400 Plus,0.7777777777777777,0.6773255813953487,0.4545454545454545,1.0,0.4737566736526488,0.0071492403932082215,0.11389178542463213,Super Fast,0.06068181818181817,0.19999999999999996,0.21874999999999997,0.49090909090909085,0.6666666666666667,Android v16
vivo,Vivo T4 Lite 5G (4GB RAM + 64GB),Budget,0.016495151456418777,0.38666666666666666,0.6886972615021157,Average Value,1,0,0,mediatek,Dimensity 6300,0.7777777777777777,0.3197674418604651,0.09090909090909091,0.1232876712328767,0.4584589025379002,0.0004468275245755139,0.6663190823774765,Slow Charging,0.062272727272727285,0.0,0.21874999999999997,0.0,0.3333333333333333,Android v15
oppo,Oppo Reno 15c 5G (12GB RAM + 256GB),Premium,0.0742281815538845,0.6266666666666667,0.5615783658635598,Average Value,1,0,1,qualcomm,Snapdragon 6 Gen1,0.7777777777777777,0.26162790697674415,0.4545454545454545,0.49902152641878667,0.5349477581116431,0.0062555853440571935,0.14494264859228362,Standard,0.05840909090909091,0.19999999999999996,0.21874999999999997,0.8181818181818181,0.6666666666666667,Android v16
realme,Realme Narzo 90x (8GB+128GB),Mid-Range,0.023711780218601992,0.48000000000000004,0.5714307776521353,Average Value,1,0,0,mediatek,Dimensity 6300,0.7777777777777777,0.3197674418604651,0.2727272727272727,0.24853228962818003,0.5349477581116431,0.004468275245755138,0.19360444907890167,Standard,0.06363636363636363,0.36,0.21874999999999997,0.054545454545454536,0.3333333333333333,Android v15
iqoo,iQOO Z11 Turbo Pro,Flagship,0.7113348495126713,0.76,0.6156851225747958,Average Value,1,1,1,qualcomm,SM8735 Snapdragon 8s Gen,0.7777777777777777,0.3488372093023256,0.4545454545454545,0.49902152641878667,0.5731921858985146,0.00804289544235925,0.1240875912408759,Standard,0.0631818181818182,0.19999999999999996,0.21874999999999997,0.8181818181818181,0.3333333333333333,Android v16
oppo,OPPO A6x 5G (4GB RAM + 128GB),Mid-Range,0.024742727184628166,0.38666666666666666,0.4047649689612991,Overpriced,1,0,0,mediatek,Dimensity 6300,0.7777777777777777,0.3197674418604651,0.09090909090909091,0.24853228962818003,0.49670333032477165,0.003127792672028597,0.2399490209709188,Standard,0.0625,0.19999999999999996,0.026041666666666664,0.0,0.0,Android v15
huawei,Huawei Mate 80 RS Ultimate,Flagship,0.3195750024227254,0.76,0.6156851225747958,Average Value,1,1,1,hisilicon,Kirin 9030,0.7777777777777777,0.3488372093023256,0.8181818181818182,1.0,0.4584589025379002,0.00804289544235925,0.09906152241918666,Super Fast,0.06590909090909092,0.19999999999999996,0.21874999999999997,0.14545454545454545,1.0,HarmonyOS v6.0
wobble,Wobble One,Mid-Range,0.04536166650515164,0.5733333333333333,0.7380965863429717,Average Value,1,0,0,mediatek,Dimensity 7400,0.7777777777777777,0.377906976744186,0.2727272727272727,0.24853228962818003,0.3819700469641573,0.002055406613047364,0.25174582108888677,Standard,0.06068181818181817,0.19999999999999996,0.21874999999999997,0.8181818181818181,0.6666666666666667,Android v15
samsung,Samsung Galaxy M17 5G (8GB RAM + 128GB),Mid-Range,0.02577367415065434,0.4533333333333333,0.5238119751690393,Overpriced,1,1,0,samsung,Exynos 1330,0.7777777777777777,0.3197674418604651,0.2727272727272727,0.24853228962818003,0.3819700469641573,0.0013404825737265416,0.33263816475495306,Standard,0.06136363636363637,0.0,0.21874999999999997,0.14545454545454545,0.6666666666666667,Android v15
samsung,Samsung Galaxy M18 5G,Mid-Range,0.030909851935396734,0.4266666666666667,0.4761931726859432,Overpriced,1,1,0,samsung,Octa Core Processor,0.7777777777777777,0.3488372093023256,0.2727272727272727,0.24853228962818003,0.42021447475102874,0.0013404825737265416,0.3660062565172054,Slow Charging,0.062272727272727285,0.0,0.21874999999999997,0.19999999999999998,0.6666666666666667,Android v16
lava,Lava Bold N1 5G (4GB RAM + 128GB),Budget,0.009278522694235562,0.3066666666666667,0.5462081729154711,Average Value,1,0,0,unisoc,Unisoc T765,0.7777777777777777,0.29069767441860456,0.09090909090909091,0.24853228962818003,0.3819700469641573,0.0,0.8331595411887383,Slow Charging,0.0625,0.19999999999999996,0.026041666666666664,0.0,0.0,Android v15
oppo,Oppo F31 Pro Plus 5G (12GB RAM + 256GB),Premium,0.061856817961570415,0.6400000000000001,0.5829534349844848,Average Value,1,0,0,qualcomm,Snapdragon 7 Gen3,0.7777777777777777,0.38662790697674415,0.4545454545454545,0.49902152641878667,0.5349477581116431,0.0062555853440571935,0.14494264859228362,Standard,0.06363636363636363,0.19999999999999996,0.21874999999999997,0.49090909090909085,0.3333333333333333,Android v15
samsung,Samsung Galaxy F36 5G (8GB RAM + 256GB),Mid-Range,0.04020693167502077,0.5466666666666666,0.6904777838598756,Average Value,1,1,0,samsung,Exynos 1380,0.7777777777777777,0.3197674418604651,0.2727272727272727,0.49902152641878667,0.3819700469641573,0.0013404825737265416,0.33263816475495306,Standard,0.06136363636363637,0.19999999999999996,0.21874999999999997,0.14545454545454545,0.6666666666666667,Android v15
nubia,Nubia Z80 Ultra,Flagship,0.11750939708159533,0.8133333333333335,0.6810334783191359,Average Value,1,1,1,qualcomm,Snapdragon 8 Elite Gen 5,0.7777777777777777,0.959302325581395,0.4545454545454545,1.0,0.5502455292263917,0.0071492403932082215,0.132429614181439,Standard,0.06477272727272726,0.36,0.29166666666666663,0.19999999999999998,0.6666666666666667,Android v16
iqoo,iQOO Z10R (8GB RAM + 256GB),Mid-Range,0.04123581674711489,0.5733333333333333,0.7380965863429717,Average Value,1,0,0,mediatek,Dimensity 7400,0.7777777777777777,0.377906976744186,0.2727272727272727,0.49902152641878667,0.43551224586577736,0.0030384271671134943,0.21509147786520047,Standard,0.06295454545454546,0.19999999999999996,0.21874999999999997,0.49090909090909085,0.3333333333333333,Android v15
infinix,Infinix Note 50s 5G (6GB RAM + 128GB),Mid-Range,0.026804621116680513,0.52,0.6428589813767795,Average Value,1,0,1,mediatek,Dimensity 7300 Ultimate,0.7777777777777777,0.3488372093023256,0.1818181818181818,0.24853228962818003,0.42021447475102874,0.003127792672028597,0.20287336345730508,Standard,0.0631818181818182,0.36,0.29166666666666663,0.14545454545454545,0.3333333333333333,Android v15
infinix,Infinix Hot 60 Pro,Budget,0.018538488343082655,0.4533333333333333,0.8074381686576529,Average Value,0,1,1,mediatek,Helio G200,0.7777777777777777,0.26162790697674415,0.2727272727272727,0.24853228962818003,0.39420826385595614,0.003127792672028597,0.19026763990267642,Standard,0.0631818181818182,0.36,0.21874999999999997,0.14545454545454545,0.0,Android v15
lava,Lava Storm Lite 5G,Budget,0.010309469660261736,0.3466666666666666,0.6174527172087935,Average Value,1,0,0,mediatek,Dimensity 6400,0.7777777777777777,0.3488372093023256,0.09090909090909091,0.1232876712328767,0.3819700469641573,0.003127792672028597,0.18665276329509906,Slow Charging,0.0625,0.19999999999999996,0.21874999999999997,0.0,0.3333333333333333,Android v15
iqoo,iQOO Z10 Lite,Budget,0.018557045388471125,0.38666666666666666,0.6886972615021157,Average Value,1,0,0,mediatek,Dimensity 6300,0.7777777777777777,0.3197674418604651,0.09090909090909091,0.24853228962818003,0.4584589025379002,0.0004468275245755139,0.6663190823774765,Slow Charging,0.062272727272727285,0.0,0.21874999999999997,0.0,0.3333333333333333,Android v15
vivo,Vivo Y19 5G (4GB RAM + 128GB),Budget,0.013402310558340257,0.3466666666666666,0.6174527172087935,Average Value,1,0,0,mediatek,Dimensity 6300,0.7777777777777777,0.3197674418604651,0.09090909090909091,0.24853228962818003,0.42021447475102874,0.0004468275245755139,0.610705596107056,Slow Charging,0.062272727272727285,0.0,0.026041666666666664,0.0,0.3333333333333333,Android v15
xiaomi,Xiaomi Redmi A5 4G (4GB RAM + 128GB),Budget,0.008247575728209389,0.3066666666666667,0.5462081729154711,Average Value,0,0,0,unisoc,Unisoc T7250,0.7777777777777777,0.1453488372093023,0.09090909090909091,0.24853228962818003,0.3972678180789059,0.0004468275245755139,0.5773375043448037,Slow Charging,0.06545454545454546,0.19999999999999996,0.125,0.054545454545454536,0.0,Android v15
samsung,Samsung Galaxy A26 (8GB RAM + 256GB),Mid-Range,0.04427092461509595,0.5733333333333333,0.7380965863429717,Average Value,1,1,0,samsung,Exynos 1380,0.7777777777777777,0.3197674418604651,0.2727272727272727,0.49902152641878667,0.3819700469641573,0.0013404825737265416,0.33263816475495306,Standard,0.06136363636363637,0.19999999999999996,0.21874999999999997,0.14545454545454545,0.6666666666666667,Android v15
samsung,Samsung Galaxy M16 5G (6GB RAM + 128GB),Mid-Range,0.02268083325257582,0.4266666666666667,0.4761931726859432,Overpriced,1,1,0,mediatek,Dimensity 6300,0.7777777777777777,0.3197674418604651,0.1818181818181818,0.24853228962818003,0.3819700469641573,0.0013404825737265416,0.33263816475495306,Standard,0.06136363636363637,0.0,0.21874999999999997,0.14545454545454545,0.6666666666666667,Android v14
vivo,Vivo V50 5G (8GB RAM + 256GB),Premium,0.05979492402951807,0.6266666666666667,0.5615783658635598,Average Value,1,0,0,qualcomm,Snapdragon 7 Gen3,0.7777777777777777,0.38662790697674415,0.2727272727272727,0.49902152641878667,0.4584589025379002,0.0071492403932082215,0.11018421967327077,Super Fast,0.06295454545454546,0.19999999999999996,0.21874999999999997,0.8181818181818181,0.3333333333333333,Android v15
oppo,Oppo A5 (2025),Mid-Range,0.023711780218601992,0.4533333333333333,0.5238119751690393,Overpriced,1,1,0,mediatek,Dimensity 6300,0.7777777777777777,0.3197674418604651,0.1818181818181818,0.24853228962818003,0.4584589025379002,0.003127792672028597,0.22141119221411193,Standard,0.06068181818181817,0.19999999999999996,0.21874999999999997,0.054545454545454536,0.3333333333333333,Android v15
motorola,Motorola Moto G65 5G,Mid-Range,0.024724170139239693,0.52,0.6428589813767795,Average Value,1,0,0,mediatek,Dimensity 7300,0.7777777777777777,0.3488372093023256,0.2727272727272727,0.24853228962818003,0.4584589025379002,0.003127792672028597,0.22141119221411193,Standard,0.06068181818181817,0.19999999999999996,0.21874999999999997,0.49090909090909085,0.3333333333333333,Android v15
oneplus,OnePlus 13 (16GB RAM+ 512GB),Flagship,0.13402310558340258,0.8933333333333335,0.779056011935646,Average Value,1,1,1,qualcomm,Snapdragon 8 Elite,0.7777777777777777,0.877906976744186,0.6363636363636364,1.0,0.4584589025379002,0.00804289544235925,0.09906152241918666,Super Fast,0.06409090909090909,0.19999999999999996,0.21874999999999997,0.49090909090909085,0.6666666666666667,Android v15
honor,Honor Magic 8 Pro,Flagship,0.19173757863547983,0.8800000000000001,0.762718922999561,Average Value,1,1,1,qualcomm,Snapdragon 8 Elite Gen 5,0.7777777777777777,0.959302325581395,0.4545454545454545,1.0,0.5425966436690174,0.00804289544235925,0.11741397288842544,Standard,0.061590909090909085,0.19999999999999996,0.9999999999999999,0.8181818181818181,0.6666666666666667,Android v16
apple,Apple iPhone 16e,Premium,0.11320003876360592,0.5333333333333334,0.4119528820170842,Overpriced,1,1,0,apple,Bionic A18,0.5555555555555556,0.7965116279069766,0.2727272727272727,0.24853228962818003,0.3058636356682831,0.003127792672028597,0.18665276329509906,Slow Charging,0.04772727272727273,0.19999999999999996,0.20833333333333334,0.12727272727272726,0.0,iOS v18
motorola,Motorola Moto G87,Mid-Range,0.03297174586744908,0.5066666666666666,0.6190495801352315,Average Value,1,0,0,qualcomm,Snapdragon 7 Gen2,0.7777777777777777,0.3488372093023256,0.2727272727272727,0.49902152641878667,0.38961893252153157,0.0030384271671134943,0.19234050620911933,Standard,0.062272727272727285,0.19999999999999996,0.21874999999999997,0.49090909090909085,0.3333333333333333,Android v15
vivo,Vivo Y19s,Budget,0.008229018682820919,0.3333333333333333,0.593704535777686,Average Value,0,0,0,unisoc,Unisoc T612,0.7777777777777777,0.1453488372093023,0.1818181818181818,0.24853228962818003,0.42021447475102874,0.0004468275245755139,0.610705596107056,Slow Charging,0.06090909090909091,0.0,0.21874999999999997,0.0,0.3333333333333333,Android v14
realme,Realme C63 5G (8GB RAM + 128GB),Budget,0.016495151456418777,0.4133333333333334,0.7361936243643306,Average Value,1,0,0,mediatek,Dimensity 6300,0.7777777777777777,0.3197674418604651,0.2727272727272727,0.24853228962818003,0.3819700469641573,0.0,0.8331595411887383,Slow Charging,0.06068181818181817,0.19999999999999996,0.125,0.054545454545454536,0.3333333333333333,Android v14
realme,Realme C63 5G,Budget,0.012371363592314083,0.39999999999999997,0.7124454429332232,Average Value,1,0,0,mediatek,Dimensity 6300,0.7777777777777777,0.3197674418604651,0.09090909090909091,0.24853228962818003,0.3819700469641573,0.0,0.8331595411887383,Slow Charging,0.06068181818181817,0.19999999999999996,0.125,0.054545454545454536,0.3333333333333333,Android v14
vivo,Vivo V40e 5G,Mid-Range,0.04948545436925633,0.5733333333333333,0.7380965863429717,Average Value,1,0,0,mediatek,Dimensity 7300,0.7777777777777777,0.3488372093023256,0.2727272727272727,0.24853228962818003,0.42021447475102874,0.0062555853440571935,0.11366006256517205,Super Fast,0.06295454545454546,0.19999999999999996,0.21874999999999997,0.8181818181818181,0.3333333333333333,Android v14
vivo,Vivo Y300 5G,Mid-Range,0.032990302912837555,0.5066666666666666,0.6190495801352315,Average Value,1,0,0,qualcomm,Snapdragon 4 Gen2,0.7777777777777777,0.26162790697674415,0.2727272727272727,0.24853228962818003,0.3819700469641573,0.0062555853440571935,0.1032325338894682,Super Fast,0.06068181818181817,0.19999999999999996,0.21874999999999997,0.49090909090909085,0.3333333333333333,Android v14
hmd,HMD Fusion,Budget,0.012371363592314083,0.46666666666666673,0.8311863500887604,Value King,1,1,0,qualcomm,Snapdragon 4 Gen2,0.7777777777777777,0.26162790697674415,0.1818181818181818,0.24853228962818003,0.3819700469641573,0.002055406613047364,0.25174582108888677,Standard,0.05818181818181817,0.0,0.5208333333333334,0.8181818181818181,0.3333333333333333,Android v14
realme,Realme C61,Budget,0.004639261347117781,0.2933333333333334,0.5224599914843637,Overpriced,0,0,0,unisoc,Unisoc T612,0.7777777777777777,0.1453488372093023,0.09090909090909091,0.1232876712328767,0.3819700469641573,0.0007149240393208221,0.46240296605260106,Slow Charging,0.062272727272727285,0.0,0.125,0.0,0.0,Android v14
vertu,Vertu Ironflip,Flagship,1.0,0.6799999999999999,0.5176625889582857,Overpriced,1,1,0,qualcomm,Snapdragon 8 Gen2,0.7777777777777777,0.5523255813953487,0.4545454545454545,0.49902152641878667,0.3291927366182747,0.004915102770330652,0.10958530520574315,Super Fast,0.06136363636363637,0.19999999999999996,0.21874999999999997,0.19999999999999998,0.3333333333333333,Android v13
oneplus,OnePlus Nord CE 5 Lite 5G,Mid-Range,0.03709553373155378,0.52,0.6428589813767795,Average Value,1,0,0,qualcomm,Snapdragon 7 Gen2,0.7777777777777777,0.3488372093023256,0.2727272727272727,0.49902152641878667,0.3819700469641573,0.0062555853440571935,0.1032325338894682,Super Fast,0.0631818181818182,0.19999999999999996,0.21874999999999997,0.49090909090909085,0.6666666666666667,Android v15
poco,Poco X6 Neo (12GB RAM + 256GB),Mid-Range,0.026804621116680513,0.5733333333333333,0.7380965863429717,Average Value,1,0,1,mediatek,Dimensity 6080,0.7777777777777777,0.3197674418604651,0.4545454545454545,0.49902152641878667,0.3819700469641573,0.002055406613047364,0.25174582108888677,Standard,0.06068181818181817,0.19999999999999996,0.5208333333333334,0.19999999999999998,0.3333333333333333,Android v13
infinix,Infinix Note 40 Pro 5G,Mid-Range,0.0350521968448899,0.6000000000000001,0.7857153888260677,Average Value,1,1,1,mediatek,Dimensity 7020,0.7777777777777777,0.26162790697674415,0.2727272727272727,0.49902152641878667,0.3819700469641573,0.003127792672028597,0.1843355347004982,Standard,0.0631818181818182,0.19999999999999996,0.5208333333333334,0.49090909090909085,0.6666666666666667,Android v14
samsung,Samsung Galaxy S24 Ultra (12GB RAM + 512GB),Flagship,0.25773674150654347,0.8133333333333335,0.6810334783191359,Average Value,1,1,0,qualcomm,Snapdragon 8 Gen3,0.7777777777777777,0.5813953488372092,0.4545454545454545,1.0,0.3819700469641573,0.003127792672028597,0.1843355347004982,Standard,0.06363636363636363,0.19999999999999996,0.9999999999999999,0.12727272727272726,1.0,Android v14
samsung,Samsung Galaxy M05,Budget,0.010309469660261736,0.27999999999999997,0.49871181005325627,Overpriced,0,0,0,mediatek,Helio G85,0.7777777777777777,0.20348837209302323,0.09090909090909091,0.1232876712328767,0.3819700469641573,0.0013404825737265416,0.33263816475495306,Standard,0.06136363636363637,0.19999999999999996,0.21874999999999997,0.054545454545454536,0.3333333333333333,Android v14
samsung,Samsung Galaxy M06 5G,Budget,0.01443325752436643,0.3333333333333333,0.593704535777686,Average Value,1,0,0,mediatek,Dimensity 6300,0.7777777777777777,0.3197674418604651,0.09090909090909091,0.24853228962818003,0.3819700469641573,0.0013404825737265416,0.33263816475495306,Standard,0.062272727272727285,0.0,0.21874999999999997,0.054545454545454536,0.3333333333333333,Android v15
nubia,Nubia Red Magic 10 Pro 5G,Premium,0.11338560921749063,0.8,0.8394542644355857,Value King,1,1,1,qualcomm,Snapdragon 8 Elite,0.7777777777777777,0.877906976744186,0.4545454545454545,0.49902152641878667,0.49670333032477165,0.0062555853440571935,0.13451511991657977,Standard,0.06477272727272726,0.36,0.21874999999999997,0.19999999999999998,0.6666666666666667,Android v15
vivo,Vivo T2 Pro 5G (8GB RAM + 256GB),Mid-Range,0.039175984708994596,0.46666666666666673,0.5476213764105873,Average Value,1,0,0,mediatek,Dimensity 7200,0.7777777777777777,0.4360465116279069,0.2727272727272727,0.49902152641878667,0.35137450473466014,0.005004468275245755,0.11523999115239993,Super Fast,0.0631818181818182,0.19999999999999996,0.29166666666666663,0.19999999999999998,0.3333333333333333,Android v13
realme,Realme GT Neo 6 SE,Mid-Range,0.030909851935396734,0.6000000000000001,0.7857153888260677,Average Value,1,1,1,qualcomm,Snapdragon 7+ Gen3,0.7777777777777777,0.4360465116279069,0.2727272727272727,0.49902152641878667,0.42021447475102874,0.00804289544235925,0.09071949947862357,Super Fast,0.0631818181818182,0.19999999999999996,0.21874999999999997,0.49090909090909085,0.3333333333333333,Android v14
nothing,Nothing Phone 4,Flagship,0.15670393883597838,0.7733333333333334,0.6320222115108808,Average Value,1,1,0,unknown,Octa Core Processor,0.7777777777777777,0.3488372093023256,0.4545454545454545,0.49902152641878667,0.4584589025379002,0.006702412868632707,0.11672698276390849,Standard,0.06068181818181817,0.19999999999999996,0.21874999999999997,0.8181818181818181,0.6666666666666667,Android v15
poco,Poco F6 5G,Mid-Range,0.05154734830130868,0.6400000000000001,0.8571435925507119,Value King,1,1,1,qualcomm,Snapdragon 8s Gen3,0.7777777777777777,0.49418604651162784,0.2727272727272727,0.49902152641878667,0.3819700469641573,0.0071492403932082215,0.09164639091646391,Super Fast,0.06068181818181817,0.19999999999999996,0.21874999999999997,0.2727272727272727,0.3333333333333333,Android v14
samsung,Samsung Galaxy A16 5G,Mid-Range,0.03134078776719568,0.4533333333333333,0.5238119751690393,Overpriced,1,1,0,mediatek,Dimensity 6300,0.7777777777777777,0.3197674418604651,0.2727272727272727,0.24853228962818003,0.3819700469641573,0.0013404825737265416,0.33263816475495306,Standard,0.06136363636363637,0.0,0.21874999999999997,0.14545454545454545,0.6666666666666667,Android v14
vivo,Vivo V30 5G,Mid-Range,0.05154734830130868,0.6000000000000001,0.7857153888260677,Average Value,1,0,0,qualcomm,Snapdragon 7 Gen3,0.7777777777777777,0.38662790697674415,0.2727272727272727,0.24853228962818003,0.3819700469641573,0.0062555853440571935,0.1032325338894682,Super Fast,0.0631818181818182,0.19999999999999996,0.21874999999999997,0.8181818181818181,0.3333333333333333,Android v14
google,Google Pixel 7 5G,Mid-Range,0.05154734830130868,0.5466666666666666,0.6904777838598756,Average Value,1,1,0,google,Google Tensor G2,0.7777777777777777,0.4505813953488372,0.2727272727272727,0.24853228962818003,0.33263473511909314,0.0017873100983020556,0.2411539798401112,Standard,0.052272727272727276,0.0,0.21874999999999997,0.10545454545454547,0.3333333333333333,Android v13
apple,Apple iPhone 9,Mid-Range,0.05152879125592021,0.22666666666666663,0.11905215406272251,Overpriced,0,1,0,apple,A13 Bionic,0.5555555555555556,0.39244186046511625,0.04545454545454544,0.1232876712328767,0.15632792302161574,0.003127792672028597,0.18665276329509906,Slow Charging,0.015909090909090914,0.19999999999999996,0.020833333333333336,0.03636363636363635,0.0,iOS v13.0
oppo,Oppo A6X 4G,Budget,0.016495151456418777,0.27999999999999997,0.49871181005325627,Overpriced,0,0,0,qualcomm,Snapdragon 685,0.7777777777777777,0.4360465116279069,0.09090909090909091,0.1232876712328767,0.49670333032477165,0.003127792672028597,0.18665276329509906,Slow Charging,0.0625,0.19999999999999996,0.026041666666666664,0.0,0.0,Android v15
oppo,Oppo A6 5G (6GB RAM + 256GB),Mid-Range,0.04329977257309929,0.48000000000000004,0.5714307776521353,Average Value,1,1,0,mediatek,Dimensity 6300,0.7777777777777777,0.3197674418604651,0.1818181818181818,0.49902152641878667,0.5349477581116431,0.003127792672028597,0.2584868497277256,Standard,0.0625,0.19999999999999996,0.21874999999999997,0.054545454545454536,0.3333333333333333,Android v15
oppo,Oppo A6 5G (6GB RAM + 128GB),Mid-Range,0.0350521968448899,0.48000000000000004,0.5714307776521353,Average Value,1,1,0,mediatek,Dimensity 6300,0.7777777777777777,0.3197674418604651,0.1818181818181818,0.24853228962818003,0.5349477581116431,0.003127792672028597,0.2584868497277256,Standard,0.0625,0.19999999999999996,0.21874999999999997,0.054545454545454536,0.3333333333333333,Android v15
oppo,OPPO Reno 15 Pro 5G (12GB RAM + 512GB),Flagship,0.1402087873795596,0.8666666666666667,0.7463818340634759,Average Value,1,1,1,mediatek,Dimensity 8450,0.7777777777777777,0.566860465116279,0.4545454545454545,1.0,0.49670333032477165,0.0062555853440571935,0.13451511991657977,Standard,0.0631818181818182,0.19999999999999996,0.9999999999999999,0.8181818181818181,0.6666666666666667,Android v16
iqoo,iQOO Z10 Lite 5G (4GB RAM + 64GB),Budget,0.016495151456418777,0.36000000000000004,0.6412008986399009,Average Value,1,0,0,mediatek,Dimensity 6300,0.7777777777777777,0.3197674418604651,0.09090909090909091,0.1232876712328767,0.4584589025379002,0.0004468275245755139,0.6663190823774765,Slow Charging,0.062272727272727285,0.0,0.21874999999999997,0.0,0.3333333333333333,Android v15
oppo,Oppo A6 Pro 5G (8GB+256GB),Mid-Range,0.04536166650515164,0.5333333333333334,0.6666683826183276,Average Value,1,0,0,mediatek,Dimensity 6300,0.7777777777777777,0.3197674418604651,0.2727272727272727,0.49902152641878667,0.5349477581116431,0.0062555853440571935,0.14494264859228362,Standard,0.0625,0.19999999999999996,0.21874999999999997,0.19999999999999998,0.3333333333333333,Android v15
poco,POCO C85 5G (6GB RAM + 128GB),Budget,0.01952819743046778,0.46666666666666673,0.8311863500887604,Value King,1,1,0,mediatek,Dimensity 6300,0.7777777777777777,0.3197674418604651,0.1818181818181818,0.24853228962818003,0.4584589025379002,0.002055406613047364,0.3023035358801782,Standard,0.06590909090909092,0.19999999999999996,0.21874999999999997,0.054545454545454536,0.3333333333333333,Android v15
vivo,Vivo X300 (12GB RAM + 512GB),Flagship,0.15876583276803075,0.8400000000000001,0.7137076561913059,Average Value,1,1,1,mediatek,Dimensity 9500,0.7777777777777777,0.8459302325581393,0.4545454545454545,1.0,0.4615184567608499,0.0071492403932082215,0.11092573282354305,Super Fast,0.05249999999999999,0.19999999999999996,0.9999999999999999,0.8181818181818181,0.6666666666666667,Android v16
realme,Realme 15 Lite 5G,Mid-Range,0.02577367415065434,0.48000000000000004,0.5714307776521353,Average Value,1,0,0,mediatek,Dimensity 7300 Energy,0.7777777777777777,0.3488372093023256,0.2727272727272727,0.24853228962818003,0.3819700469641573,0.0062555853440571935,0.1032325338894682,Super Fast,0.06068181818181817,0.19999999999999996,0.21874999999999997,0.19999999999999998,0.3333333333333333,Android v15
samsung,Samsung Galaxy F07,Budget,0.008245513834277338,0.2933333333333334,0.5224599914843637,Overpriced,0,0,0,mediatek,Helio G99,0.7777777777777777,0.26162790697674415,0.09090909090909091,0.1232876712328767,0.3819700469641573,0.0013404825737265416,0.33263816475495306,Standard,0.06136363636363637,0.19999999999999996,0.21874999999999997,0.054545454545454536,0.3333333333333333,Android v15
xiaomi,Xiaomi 17 Pro,Flagship,0.1608091696546946,0.9200000000000002,0.811730189807816,Value King,1,1,1,qualcomm,Snapdragon 8 Elite Gen 5,0.7777777777777777,0.959302325581395,0.4545454545454545,0.49902152641878667,0.4814055592100231,0.00804289544235925,0.10406673618352451,Super Fast,0.052272727272727276,0.36,0.21874999999999997,0.8181818181818181,0.6666666666666667,Android v16
realme,Realme P4 Pro 5G (8GB RAM + 256GB),Premium,0.053609242233361026,0.6533333333333333,0.60432850410541,Average Value,1,0,1,qualcomm,Snapdragon 7 Gen 4,0.7777777777777777,0.3488372093023256,0.2727272727272727,0.49902152641878667,0.5349477581116431,0.0062555853440571935,0.14494264859228362,Standard,0.06363636363636363,0.36,0.21874999999999997,0.8181818181818181,0.3333333333333333,Android v15
poco,Poco M7 Plus 5G (8GB RAM + 128GB),Mid-Range,0.024330348398217697,0.48000000000000004,0.5714307776521353,Average Value,1,0,1,qualcomm,Snapdragon 6s Gen3,0.7777777777777777,0.29069767441860456,0.2727272727272727,0.24853228962818003,0.5349477581116431,0.002055406613047364,0.35286125067146956,Slow Charging,0.06590909090909092,0.36,0.21874999999999997,0.054545454545454536,0.0,Android v15
vivo,Vivo V60 5G (16GB RAM + 512GB),Premium,0.08453765121414623,0.7733333333333334,0.7967041261937355,Average Value,1,1,1,qualcomm,Snapdragon 7 Gen4,0.7777777777777777,0.4360465116279069,0.6363636363636364,1.0,0.49670333032477165,0.0071492403932082215,0.11945313405167421,Standard,0.06295454545454546,0.19999999999999996,0.21874999999999997,0.8181818181818181,0.6666666666666667,Android v15
iqoo,iQOO Z10R (12GB RAM + 256GB),Mid-Range,0.04535960461121959,0.5866666666666667,0.7619059875845198,Average Value,1,0,0,mediatek,Dimensity 7400,0.7777777777777777,0.377906976744186,0.4545454545454545,0.49902152641878667,0.43551224586577736,0.0030384271671134943,0.21509147786520047,Standard,0.06295454545454546,0.19999999999999996,0.21874999999999997,0.49090909090909085,0.3333333333333333,Android v15
tecno,Tecno Spark 40 Pro,Mid-Range,0.02268083325257582,0.4533333333333333,0.5238119751690393,Overpriced,0,1,1,mediatek,Helio G100,0.7777777777777777,0.26162790697674415,0.2727272727272727,0.24853228962818003,0.3972678180789059,0.003127792672028597,0.19175066620322095,Standard,0.0631818181818182,0.36,0.21874999999999997,0.14545454545454545,0.0,Android v15
oppo,OPPO Reno 14 5G (12GB RAM + 256GB),Premium,0.08247575728209389,0.7066666666666668,0.6898287805891102,Average Value,1,0,1,mediatek,Dimensity 8350,0.7777777777777777,0.5959302325581395,0.4545454545454545,0.49902152641878667,0.4584589025379002,0.0062555853440571935,0.1240875912408759,Standard,0.05886363636363637,0.19999999999999996,0.21874999999999997,0.8181818181818181,0.6666666666666667,Android v15
vivo,Vivo T4 Ultra (12GB RAM+ 256GB),Premium,0.06804249975772746,0.6933333333333334,0.6684537114681851,Average Value,1,1,0,mediatek,Dimensity 9300 Plus,0.7777777777777777,0.566860465116279,0.4545454545454545,0.49902152641878667,0.42021447475102874,0.0071492403932082215,0.10091530529486735,Super Fast,0.06068181818181817,0.19999999999999996,0.21874999999999997,0.49090909090909085,0.6666666666666667,Android v15
oneplus,OnePlus 13s (12GB RAM + 512GB),Premium,0.1092803783987744,0.7733333333333334,0.7967041261937355,Average Value,1,1,1,qualcomm,Snapdragon 8 Elite,0.7777777777777777,0.877906976744186,0.4545454545454545,1.0,0.44698557420183876,0.0062555853440571935,0.12095933263816476,Standard,0.052727272727272734,0.19999999999999996,0.21874999999999997,0.49090909090909085,0.3333333333333333,Android v15
realme,Realme GT 7 Dream Edition,Premium,0.09278522694235562,0.8800000000000001,0.9677046791611361,Performance Beast,1,1,1,mediatek,Dimensity 9400e,0.7777777777777777,0.6104651162790697,0.6363636363636364,1.0,0.5349477581116431,0.009830205540661306,0.09628084810566563,Super Fast,0.0631818181818182,0.19999999999999996,0.21874999999999997,0.49090909090909085,0.6666666666666667,Android v15
realme,Realme Neo 7 Turbo,Mid-Range,0.03915742766360613,0.6933333333333334,0.9523811975169041,Performance Beast,1,1,1,mediatek,Dimensity 9400e,0.7777777777777777,0.3488372093023256,0.4545454545454545,0.49902152641878667,0.5502455292263917,0.00804289544235925,0.11908237747653806,Standard,0.06363636363636363,0.36,0.21874999999999997,0.19999999999999998,0.3333333333333333,Android v15
infinix,Infinix Note 50s 5G (8GB RAM + 256GB),Mid-Range,0.04123787864104694,0.5466666666666666,0.6904777838598756,Average Value,1,0,1,mediatek,Dimensity 7300 Ultimate,0.7777777777777777,0.3488372093023256,0.2727272727272727,0.49902152641878667,0.42021447475102874,0.003127792672028597,0.20287336345730508,Standard,0.0631818181818182,0.36,0.29166666666666663,0.14545454545454545,0.3333333333333333,Android v15
realme,Realme Narzo 90 Pro 5G,Mid-Range,0.03503363979950143,0.5466666666666666,0.6904777838598756,Average Value,1,0,0,unknown,Octa Core Processor,0.7777777777777777,0.3488372093023256,0.2727272727272727,0.24853228962818003,0.49670333032477165,0.00804289544235925,0.10740354535974973,Super Fast,0.0631818181818182,0.19999999999999996,0.21874999999999997,0.49090909090909085,0.6666666666666667,Android v16
nubia,Nubia Red Magic 10 Air,Premium,0.0742281815538845,0.6799999999999999,0.6470786423472601,Average Value,1,1,1,qualcomm,Snapdragon 8 Gen3,0.7777777777777777,0.5813953488372092,0.4545454545454545,0.49902152641878667,0.4584589025379002,0.0062555853440571935,0.1240875912408759,Standard,0.06363636363636363,0.19999999999999996,0.21874999999999997,0.19999999999999998,0.3333333333333333,Android v15
poco,POCO C71,Budget,0.008173347546655503,0.2933333333333334,0.5224599914843637,Overpriced,0,0,0,unisoc,Unisoc T7250,0.7777777777777777,0.1453488372093023,0.09090909090909091,0.1232876712328767,0.3972678180789059,0.0004468275245755139,0.5773375043448037,Slow Charging,0.06545454545454546,0.19999999999999996,0.125,0.054545454545454536,0.3333333333333333,Android v15
samsung,Samsung Galaxy F16 5G (6GB RAM + 128GB),Budget,0.020600382275135002,0.4266666666666667,0.759941805795438,Average Value,1,1,0,mediatek,Dimensity 6300,0.7777777777777777,0.3197674418604651,0.1818181818181818,0.24853228962818003,0.3819700469641573,0.0013404825737265416,0.33263816475495306,Standard,0.06136363636363637,0.0,0.21874999999999997,0.14545454545454545,0.6666666666666667,Android v15
poco,Poco M7 5G (8GB RAM + 128GB),Budget,0.018526116979490338,0.39999999999999997,0.7124454429332232,Average Value,1,0,0,qualcomm,Snapdragon 4 Gen2,0.7777777777777777,0.26162790697674415,0.2727272727272727,0.24853228962818003,0.39420826385595614,0.0007149240393208221,0.4772332290580466,Slow Charging,0.06545454545454546,0.19999999999999996,0.21874999999999997,0.054545454545454536,0.0,Android v14
xiaomi,Xiaomi Redmi Turbo 5,Mid-Range,0.05152879125592021,0.6533333333333333,0.88095299379226,Value King,1,1,1,mediatek,Dimensity 8500 Ultra,0.7777777777777777,0.6104651162790697,0.4545454545454545,0.49902152641878667,0.5777815172329391,0.00804289544235925,0.12508863399374348,Standard,0.05886363636363637,0.19999999999999996,0.21874999999999997,0.2727272727272727,0.3333333333333333,Android v16
xiaomi,Xiaomi Redmi Note 14 Pro (8GB RAM + 256GB),Mid-Range,0.03684604456577545,0.52,0.6428589813767795,Average Value,1,0,1,mediatek,Dimensity 7300 Ultra,0.7777777777777777,0.3488372093023256,0.2727272727272727,0.49902152641878667,0.42021447475102874,0.003127792672028597,0.20287336345730508,Standard,0.06068181818181817,0.19999999999999996,0.21874999999999997,0.2727272727272727,0.6666666666666667,Android v14
itel,itel S25 Ultra,Mid-Range,0.02678606407129204,0.4533333333333333,0.5238119751690393,Overpriced,0,1,1,unisoc,Unisoc T620,0.7777777777777777,0.26162790697674415,0.2727272727272727,0.24853228962818003,0.3819700469641573,0.0007149240393208221,0.46240296605260106,Slow Charging,0.0631818181818182,0.19999999999999996,0.21874999999999997,0.49090909090909085,0.3333333333333333,Android v14
oppo,Oppo A5 Pro 5G,Mid-Range,0.02886651504873286,0.46666666666666673,0.5476213764105873,Average Value,1,0,0,mediatek,Dimensity 6300,0.7777777777777777,0.3197674418604651,0.2727272727272727,0.24853228962818003,0.4431611314231516,0.003127792672028597,0.21399606071138916,Standard,0.06068181818181817,0.19999999999999996,0.21874999999999997,0.054545454545454536,0.3333333333333333,Android v15
samsung,Samsung Galaxy S26 Plus,Flagship,0.21649886286549647,0.7466666666666668,0.5993480336387107,Average Value,1,1,0,samsung,Exynos 2600,1.0,0.7267441860465114,0.4545454545454545,0.49902152641878667,0.374321161406783,0.003127792672028597,0.18062796894913682,Standard,0.06136363636363637,0.19999999999999996,0.21874999999999997,0.12727272727272726,0.6666666666666667,Android v16
apple,Apple iPhone 16 Plus (256GB),Flagship,0.17505685672517635,0.6266666666666667,0.4523142332139456,Overpriced,1,1,0,apple,Bionic A18,0.5555555555555556,0.7965116279069766,0.2727272727272727,0.49902152641878667,0.35703468004711714,0.003127792672028597,0.18665276329509906,Slow Charging,0.06136363636363637,0.19999999999999996,0.20833333333333334,0.12727272727272726,0.3333333333333333,iOS v18
realme,Realme GT 8,Premium,0.0989523516931242,0.7733333333333334,0.7967041261937355,Average Value,1,1,1,qualcomm,Snapdragon 8 Elite,0.7777777777777777,0.877906976744186,0.4545454545454545,0.49902152641878667,0.5349477581116431,0.00804289544235925,0.11574556830031282,Standard,0.06340909090909091,0.36,0.21874999999999997,0.19999999999999998,0.6666666666666667,Android v16
realme,Realme Narzo 70 Turbo 5G,Mid-Range,0.024742727184628166,0.48000000000000004,0.5714307776521353,Average Value,1,0,0,mediatek,Dimensity 7300 Energy,0.7777777777777777,0.3488372093023256,0.1818181818181818,0.24853228962818003,0.3819700469641573,0.003127792672028597,0.1843355347004982,Standard,0.06068181818181817,0.19999999999999996,0.21874999999999997,0.19999999999999998,0.3333333333333333,Android v14
realme,Realme 14 5G,Mid-Range,0.03503363979950143,0.5066666666666666,0.6190495801352315,Average Value,1,0,0,qualcomm,Snapdragon 6 Gen4,0.7777777777777777,0.29069767441860456,0.4545454545454545,0.49902152641878667,0.4584589025379002,0.003127792672028597,0.22141119221411193,Standard,0.06068181818181817,0.19999999999999996,0.21874999999999997,0.19999999999999998,0.0,Android v15
oneplus,OnePlus Ace 5,Mid-Range,0.04534310945976317,0.6933333333333334,0.9523811975169041,Performance Beast,1,1,1,qualcomm,Snapdragon 8 Gen3,0.7777777777777777,0.5813953488372092,0.4545454545454545,0.49902152641878667,0.49020177760100353,0.0062555853440571935,0.13274244004171012,Standard,0.0631818181818182,0.19999999999999996,0.21874999999999997,0.19999999999999998,0.6666666666666667,Android v15
iqoo,iQOO Z9s Pro 5G,Mid-Range,0.04123787864104694,0.5466666666666666,0.6904777838598756,Average Value,1,0,0,qualcomm,Snapdragon 7 Gen3,0.7777777777777777,0.38662790697674415,0.2727272727272727,0.24853228962818003,0.42021447475102874,0.0062555853440571935,0.11366006256517205,Super Fast,0.06295454545454546,0.19999999999999996,0.21874999999999997,0.19999999999999998,0.3333333333333333,Android v14
samsung,Samsung Galaxy F06 5G,Budget,0.014187892146452202,0.3466666666666666,0.6174527172087935,Average Value,1,0,0,mediatek,Dimensity 6300,0.7777777777777777,0.3197674418604651,0.09090909090909091,0.24853228962818003,0.3819700469641573,0.0013404825737265416,0.33263816475495306,Standard,0.06136363636363637,0.19999999999999996,0.21874999999999997,0.054545454545454536,0.3333333333333333,Android v15
vivo,Vivo T3 Lite 5G (6GB RAM + 128GB),Mid-Range,0.021631329241161172,0.4133333333333334,0.45238377144439523,Overpriced,1,0,0,mediatek,Dimensity 6300,0.7777777777777777,0.3197674418604651,0.1818181818181818,0.24853228962818003,0.3819700469641573,0.0004468275245755139,0.5550921098366354,Slow Charging,0.05818181818181817,0.0,0.21874999999999997,0.054545454545454536,0.3333333333333333,Android v14
realme,Realme C61 (6GB RAM + 128GB),Budget,0.006598060582567511,0.3066666666666667,0.5462081729154711,Average Value,0,0,0,unisoc,Unisoc T612,0.7777777777777777,0.1453488372093023,0.1818181818181818,0.24853228962818003,0.3819700469641573,0.0007149240393208221,0.46240296605260106,Slow Charging,0.062272727272727285,0.0,0.125,0.0,0.0,Android v14
oneplus,OnePlus Nord CE 4 Lite 5G (8GB RAM + 256GB),Mid-Range,0.03896979531578936,0.5466666666666666,0.6904777838598756,Average Value,1,0,0,qualcomm,Snapdragon 695,0.7777777777777777,0.26162790697674415,0.2727272727272727,0.49902152641878667,0.42021447475102874,0.0062555853440571935,0.11366006256517205,Super Fast,0.06068181818181817,0.19999999999999996,0.21874999999999997,0.19999999999999998,0.3333333333333333,Android v14
oppo,OPPO Reno 13 Pro 5G,Premium,0.08247575728209389,0.7466666666666668,0.7539539879518854,Average Value,1,1,1,mediatek,Dimensity 8350,0.7777777777777777,0.5959302325581395,0.4545454545454545,0.49902152641878667,0.4431611314231516,0.0062555853440571935,0.11991657977059436,Standard,0.06431818181818183,0.19999999999999996,0.21874999999999997,0.8181818181818181,0.6666666666666667,Android v15
xiaomi,Xiaomi Redmi K90,Premium,0.06390015484823429,0.7066666666666668,0.6898287805891102,Average Value,1,1,1,qualcomm,Snapdragon 8 Elite,0.7777777777777777,0.877906976744186,0.4545454545454545,0.49902152641878667,0.5425966436690174,0.00804289544235925,0.11741397288842544,Standard,0.05886363636363637,0.19999999999999996,0.21874999999999997,0.2727272727272727,0.6666666666666667,Android v16
realme,Realme 12X (6GB RAM +128GB),Budget,0.015464204490392604,0.4266666666666667,0.759941805795438,Average Value,1,0,0,mediatek,Dimensity 6100 Plus,0.7777777777777777,0.26162790697674415,0.1818181818181818,0.24853228962818003,0.3819700469641573,0.003127792672028597,0.1843355347004982,Standard,0.06181818181818183,0.19999999999999996,0.21874999999999997,0.054545454545454536,0.3333333333333333,Android v14
realme,Realme 12X 5G (8GB RAM +128GB),Budget,0.01752609842244495,0.4266666666666667,0.759941805795438,Average Value,1,0,0,mediatek,Dimensity 6100 Plus,0.7777777777777777,0.26162790697674415,0.2727272727272727,0.24853228962818003,0.3819700469641573,0.003127792672028597,0.1843355347004982,Standard,0.06181818181818183,0.19999999999999996,0.21874999999999997,0.054545454545454536,0.3333333333333333,Android v14
infinix,Infinix GT 20 Pro,Mid-Range,0.04123787864104694,0.6400000000000001,0.8571435925507119,Value King,1,1,1,mediatek,Dimensity 8200 Ultimate,0.7777777777777777,0.5232558139534884,0.2727272727272727,0.49902152641878667,0.3819700469641573,0.003127792672028597,0.1843355347004982,Standard,0.0631818181818182,0.36,0.5208333333333334,0.49090909090909085,0.6666666666666667,Android v14
motorola,Motorola Moto G34 5G (8GB RAM + 128GB),Budget,0.02061893932052347,0.4266666666666667,0.759941805795438,Average Value,1,0,0,qualcomm,Snapdragon 695,0.7777777777777777,0.26162790697674415,0.2727272727272727,0.24853228962818003,0.3819700469641573,0.0007149240393208221,0.46240296605260106,Slow Charging,0.05681818181818182,0.19999999999999996,0.21874999999999997,0.19999999999999998,0.3333333333333333,Android v14
poco,Poco M6 Pro 5G (8GB RAM + 256GB),Budget,0.02061893932052347,0.4133333333333334,0.7361936243643306,Average Value,1,0,1,qualcomm,Snapdragon 4 Gen2,0.7777777777777777,0.26162790697674415,0.2727272727272727,0.49902152641878667,0.3819700469641573,0.0007149240393208221,0.46240296605260106,Slow Charging,0.06340909090909091,0.0,0.21874999999999997,0.054545454545454536,0.3333333333333333,Android v13
infinix,Infinix Smart 8,Budget,0.0047423560437203985,0.3333333333333333,0.593704535777686,Average Value,0,0,0,mediatek,Helio G36,0.7777777777777777,0.26162790697674415,0.09090909090909091,0.1232876712328767,0.3819700469641573,0.0,0.8331595411887383,Slow Charging,0.05909090909090908,0.0,0.21874999999999997,0.054545454545454536,0.3333333333333333,Android v13
motorola,Motorola Edge 50 Pro 5G,Mid-Range,0.047423560437203985,0.6799999999999999,0.9285717962753559,Value King,1,1,0,qualcomm,Snapdragon 7 Gen3,0.7777777777777777,0.38662790697674415,0.2727272727272727,0.49902152641878667,0.34372561917728583,0.00518319928507596,0.10936637428694104,Super Fast,0.06136363636363637,0.36,0.21874999999999997,0.8181818181818181,0.6666666666666667,Android v14
vivo,Vivo T3x 5G,Mid-Range,0.02577367415065434,0.4266666666666667,0.4761931726859432,Overpriced,1,0,0,qualcomm,Snapdragon 6 Gen1,0.7777777777777777,0.26162790697674415,0.09090909090909091,0.24853228962818003,0.4584589025379002,0.0030384271671134943,0.22646696369324107,Standard,0.06181818181818183,0.19999999999999996,0.21874999999999997,0.054545454545454536,0.3333333333333333,Android v14
poco,Poco X5 Pro (8GB RAM + 256GB),Mid-Range,0.029588177924951185,0.5466666666666666,0.6904777838598756,Average Value,1,0,1,qualcomm,Snapdragon 778G,0.7777777777777777,0.3197674418604651,0.2727272727272727,0.49902152641878667,0.3819700469641573,0.005093833780160858,0.12346505221546077,Standard,0.06068181818181817,0.19999999999999996,0.5208333333333334,0.19999999999999998,0.6666666666666667,Android v12
oneplus,OnePlus 11 (16GB RAM + 256GB),Premium,0.07010233179584775,0.6933333333333334,0.6684537114681851,Average Value,1,1,0,qualcomm,Snapdragon 8 Gen2,0.7777777777777777,0.5523255813953487,0.6363636363636364,0.49902152641878667,0.3819700469641573,0.00804289544235925,0.08237747653806048,Super Fast,0.06136363636363637,0.19999999999999996,0.21874999999999997,0.19999999999999998,0.6666666666666667,Android v13
xiaomi,Xiaomi 14,Flagship,0.12371363592314083,0.8666666666666667,0.7463818340634759,Average Value,1,1,1,qualcomm,Snapdragon 8 Gen3,0.7777777777777777,0.5813953488372092,0.4545454545454545,1.0,0.35213939329039756,0.0071492403932082215,0.08441663770130924,Super Fast,0.05363636363636365,0.19999999999999996,0.21874999999999997,0.49090909090909085,0.6666666666666667,Android v14
google,Google Pixel 8 Pro,Flagship,0.15464204490392605,0.6799999999999999,0.5176625889582857,Overpriced,1,1,0,google,Tensor G3,0.8888888888888888,0.49418604651162784,0.4545454545454545,0.24853228962818003,0.38579448974284447,0.0017873100983020556,0.2798053527980535,Standard,0.06136363636363637,0.19999999999999996,0.21874999999999997,0.09999999999999998,0.6666666666666667,Android v14
samsung,Samsung Galaxy A82 5G,Premium,0.07214773057644368,0.5866666666666667,0.49745315850078453,Overpriced,1,1,0,qualcomm,Snapdragon 855+,0.7777777777777777,0.48255813953488363,0.1818181818181818,0.24853228962818003,0.34372561917728583,0.0013404825737265416,0.2992700729927007,Standard,0.061590909090909085,0.19999999999999996,0.29166666666666663,0.09090909090909091,0.6666666666666667,Android v11
samsung,Samsung Galaxy F70 Pro 5G,Premium,0.05773303009746572,0.5333333333333334,0.4119528820170842,Overpriced,1,0,0,samsung,Exynos,0.7777777777777777,0.3488372093023256,0.2727272727272727,0.24853228962818003,0.4584589025379002,0.003127792672028597,0.22141119221411193,Standard,0.062272727272727285,0.19999999999999996,0.21874999999999997,0.49090909090909085,0.3333333333333333,Android v16
vivo,Vivo V80 Elite 5G,Premium,0.0989523516931242,0.8400000000000001,0.903579471798361,Value King,1,1,1,qualcomm,Snapdragon 8s Gen4,0.7777777777777777,0.5523255813953487,0.2727272727272727,0.49902152641878667,0.5349477581116431,0.00804289544235925,0.11574556830031282,Standard,0.06068181818181817,0.36,0.21874999999999997,0.8181818181818181,0.6666666666666667,Android v17
vivo,Vivo Y21 5G (6GB RAM + 128GB),Mid-Range,0.032990302912837555,0.48000000000000004,0.5714307776521353,Average Value,1,1,1,mediatek,Dimensity 6300,0.7777777777777777,0.3197674418604651,0.1818181818181818,0.24853228962818003,0.49670333032477165,0.0030384271671134943,0.24542610673997534,Standard,0.062272727272727285,0.19999999999999996,0.21874999999999997,0.0,0.3333333333333333,Android v16
samsung,Samsung Galaxy A37 5G (12GB RAM + 256 GB),Premium,0.09897090873851266,0.6266666666666667,0.5615783658635598,Average Value,1,1,0,samsung,Exynos 1480,0.7777777777777777,0.4069767441860465,0.4545454545454545,0.49902152641878667,0.3819700469641573,0.003127792672028597,0.1843355347004982,Standard,0.06136363636363637,0.19999999999999996,0.21874999999999997,0.12727272727272726,0.6666666666666667,Android v16
honor,Honor Magic 9 Pro,Flagship,0.216480305820108,0.8666666666666667,0.7463818340634759,Average Value,1,1,1,unknown,Octa Core Processor,0.7777777777777777,0.3488372093023256,0.4545454545454545,1.0,0.5731921858985146,0.00804289544235925,0.1240875912408759,Standard,0.06477272727272726,0.19999999999999996,0.9999999999999999,0.8181818181818181,0.6666666666666667,Android v17
oppo,OPPO Reno 15 5G (12GB RAM + 512GB),Premium,0.10103280267056501,0.7733333333333334,0.7967041261937355,Average Value,1,0,1,qualcomm,Snapdragon 7 Gen4,0.7777777777777777,0.4360465116279069,0.4545454545454545,1.0,0.49670333032477165,0.0062555853440571935,0.13451511991657977,Standard,0.05886363636363637,0.19999999999999996,0.21874999999999997,0.8181818181818181,0.6666666666666667,Android v16
realme,Realme 16 Pro Plus 5G (12GB RAM + 512GB),Premium,0.09690901480646032,0.8,0.8394542644355857,Value King,1,1,1,qualcomm,Snapdragon 7 Gen4,0.7777777777777777,0.4360465116279069,0.4545454545454545,1.0,0.5349477581116431,0.0062555853440571935,0.14494264859228362,Standard,0.06363636363636363,0.36,0.9999999999999999,0.8181818181818181,0.6666666666666667,Android v16
xiaomi,Xiaomi Redmi 15C 5G (8GB RAM + 128GB),Mid-Range,0.024742727184628166,0.46666666666666673,0.5476213764105873,Average Value,1,0,0,mediatek,Dimensity 6300,0.7777777777777777,0.3197674418604651,0.2727272727272727,0.24853228962818003,0.4584589025379002,0.002055406613047364,0.3023035358801782,Standard,0.06590909090909092,0.19999999999999996,0.21874999999999997,0.054545454545454536,0.3333333333333333,Android v15
motorola,Motorola Edge 70 Ultra,Flagship,0.17524242717906105,0.8400000000000001,0.7137076561913059,Average Value,1,1,0,qualcomm,Snapdragon 8 Gen 5,0.7777777777777777,0.3488372093023256,0.4545454545454545,1.0,0.5349477581116431,0.9999999999999999,0.0,Super Fast,0.06136363636363637,0.19999999999999996,0.21874999999999997,0.9999999999999999,1.0,Android v15
oppo,OPPO Find X9s Pro,Flagship,0.15462348785853758,0.8400000000000001,0.7137076561913059,Average Value,1,1,1,mediatek,Dimensity 9500s,0.7777777777777777,0.3488372093023256,0.6363636363636364,1.0,0.5961388425706374,0.0062555853440571935,0.1616266944734098,Standard,0.0631818181818182,0.19999999999999996,0.9999999999999999,0.49090909090909085,0.6666666666666667,Android v16
vivo,Vivo X Fold 6,Flagship,0.31959355946811385,0.9466666666666668,0.8444043676799861,Value King,1,1,1,qualcomm,Snapdragon 8 Gen 5,0.7777777777777777,0.3488372093023256,0.6363636363636364,1.0,0.49670333032477165,0.00804289544235925,0.10740354535974973,Super Fast,0.09159090909090908,0.19999999999999996,0.21874999999999997,0.19999999999999998,0.3333333333333333,Android v16
oppo,Oppo Find X9 5G (16GB RAM + 512GB),Flagship,0.16495151456418777,0.8933333333333335,0.779056011935646,Average Value,1,1,1,mediatek,Dimensity 9500,0.7777777777777777,0.8459302325581393,0.6363636363636364,1.0,0.5368599795009867,0.0062555853440571935,0.1454640250260688,Standard,0.05886363636363637,0.19999999999999996,0.21874999999999997,0.49090909090909085,0.6666666666666667,Android v16
samsung,Samsung Galaxy F17 5G (8GB RAM + 128GB),Mid-Range,0.029452092925435727,0.48000000000000004,0.5714307776521353,Average Value,1,1,0,samsung,Exynos 1330,0.7777777777777777,0.3197674418604651,0.2727272727272727,0.24853228962818003,0.3819700469641573,0.0013404825737265416,0.33263816475495306,Standard,0.06136363636363637,0.0,0.21874999999999997,0.14545454545454545,0.6666666666666667,Android v15
honor,Honor 500,Premium,0.07214773057644368,0.7066666666666668,0.6898287805891102,Average Value,1,1,1,qualcomm,Snapdragon 8s Gen4,0.7777777777777777,0.5523255813953487,0.4545454545454545,0.49902152641878667,0.611436613685386,0.0062555853440571935,0.16579770594369134,Standard,0.05795454545454545,0.19999999999999996,0.9999999999999999,0.8181818181818181,0.3333333333333333,Android v16
poco,Poco M8 Plus 5G,Budget,0.018557045388471125,0.4533333333333333,0.8074381686576529,Average Value,1,0,1,qualcomm,Snapdragon 6s Gen4,0.7777777777777777,0.3488372093023256,0.1818181818181818,0.24853228962818003,0.5731921858985146,0.0030384271671134943,0.2833443928334439,Standard,0.06636363636363637,0.36,0.21874999999999997,0.19999999999999998,0.3333333333333333,Android v16
realme,Realme 15x 5G (8GB RAM + 128GB),Mid-Range,0.030926347086853156,0.52,0.6428589813767795,Average Value,1,0,0,mediatek,Dimensity 6300,0.7777777777777777,0.3197674418604651,0.2727272727272727,0.24853228962818003,0.5349477581116431,0.004468275245755138,0.19360444907890167,Standard,0.06386363636363634,0.36,0.21874999999999997,0.8181818181818181,0.3333333333333333,Android v15
realme,Realme 15x 5G (8GB RAM + 256GB),Mid-Range,0.0350521968448899,0.5333333333333334,0.6666683826183276,Average Value,1,0,0,mediatek,Dimensity 6300,0.7777777777777777,0.3197674418604651,0.2727272727272727,0.49902152641878667,0.5349477581116431,0.004468275245755138,0.19360444907890167,Standard,0.06386363636363634,0.36,0.21874999999999997,0.8181818181818181,0.3333333333333333,Android v15
motorola,Motorola Moto X70 Air,Mid-Range,0.05152879125592021,0.7066666666666668,0.976190598758452,Performance Beast,1,1,0,qualcomm,Snapdragon 7 Gen4,0.7777777777777777,0.4360465116279069,0.4545454545454545,0.49902152641878667,0.3666722758494087,0.00518319928507596,0.11672698276390849,Standard,0.06136363636363637,0.19999999999999996,0.21874999999999997,0.8181818181818181,0.3333333333333333,Android v16
apple,Apple iPhone 17 Pro (512GB),Flagship,0.2989560631022019,0.6799999999999999,0.5176625889582857,Overpriced,1,1,0,apple,Apple A19 Pro,0.5555555555555556,0.3488372093023256,0.4545454545454545,1.0,0.30456332512352946,0.003127792672028597,0.18665276329509906,Slow Charging,0.052272727272727276,0.19999999999999996,0.20833333333333334,0.23636363636363636,0.6666666666666667,iOS v26
samsung,Samsung Galaxy S25 FE (8GB RAM + 512GB),Flagship,0.13709738943609262,0.76,0.6156851225747958,Average Value,1,1,0,samsung,Exynos 2400,1.0,0.5523255813953487,0.2727272727272727,1.0,0.374321161406783,0.003127792672028597,0.18062796894913682,Standard,0.06136363636363637,0.19999999999999996,0.21874999999999997,0.12727272727272726,0.6666666666666667,Android v16
realme,Realme 15T (8GB RAM + 256GB),Mid-Range,0.04123787864104694,0.5866666666666667,0.7619059875845198,Average Value,1,0,1,mediatek,Dimensity 6400 Max,0.7777777777777777,0.3488372093023256,0.2727272727272727,0.49902152641878667,0.5349477581116431,0.004468275245755138,0.19360444907890167,Standard,0.05840909090909091,0.19999999999999996,0.21874999999999997,0.8181818181818181,0.3333333333333333,Android v15
infinix,Infinix Note 60x,Budget,0.016476594411030308,0.4533333333333333,0.8074381686576529,Average Value,1,0,1,mediatek,Dimensity 7400,0.7777777777777777,0.377906976744186,0.1818181818181818,0.24853228962818003,0.4584589025379002,0.003127792672028597,0.22141119221411193,Standard,0.06068181818181817,0.19999999999999996,0.21874999999999997,0.19999999999999998,0.3333333333333333,Android v16
infinix,Infinix HOT 70,Budget,0.016476594411030308,0.48000000000000004,0.8549345315198678,Value King,1,0,0,mediatek,Dimensity 7050,0.7777777777777777,0.377906976744186,0.1818181818181818,0.24853228962818003,0.4431611314231516,0.002055406613047364,0.2921919929219199,Standard,0.0631818181818182,0.19999999999999996,0.21874999999999997,0.19999999999999998,0.3333333333333333,Android v16
vivo,Vivo T4R 5G (12GB RAM + 256GB),Mid-Range,0.04297193143790297,0.5866666666666667,0.7619059875845198,Average Value,1,0,0,mediatek,Dimensity 7400,0.7777777777777777,0.377906976744186,0.4545454545454545,0.49902152641878667,0.43551224586577736,0.0030384271671134943,0.21509147786520047,Standard,0.06295454545454546,0.19999999999999996,0.21874999999999997,0.49090909090909085,0.3333333333333333,Android v15
realme,Realme C71 (6GB RAM + 128GB),Budget,0.012371363592314083,0.27999999999999997,0.49871181005325627,Overpriced,0,0,0,unisoc,Unisoc UMS9230E,0.7777777777777777,0.1453488372093023,0.1818181818181818,0.24853228962818003,0.4814055592100231,0.0004468275245755139,0.6996871741397289,Slow Charging,0.0625,0.0,0.026041666666666664,0.0,0.0,Android v15
ai+,Ai+ Nova 5G (8GB RAM + 128GB),Budget,0.016495151456418777,0.39999999999999997,0.7124454429332232,Average Value,1,0,0,unisoc,Unisoc T8200,0.7777777777777777,0.3488372093023256,0.2727272727272727,0.24853228962818003,0.3819700469641573,0.0007149240393208221,0.46240296605260106,Slow Charging,0.0625,0.19999999999999996,0.21874999999999997,0.0,0.3333333333333333,Android v15
oppo,OPPO Reno 14 5G (12GB RAM + 512GB),Premium,0.08866143907825093,0.7466666666666668,0.7539539879518854,Average Value,1,0,1,mediatek,Dimensity 8350,0.7777777777777777,0.5959302325581395,0.4545454545454545,1.0,0.4584589025379002,0.0062555853440571935,0.1240875912408759,Standard,0.05886363636363637,0.19999999999999996,0.21874999999999997,0.8181818181818181,0.6666666666666667,Android v15
ai+,Ai+ Pulse,Budget,0.007216628762183215,0.2933333333333334,0.5224599914843637,Overpriced,0,0,0,unisoc,Unisoc T615,0.7777777777777777,0.1453488372093023,0.09090909090909091,0.1232876712328767,0.3819700469641573,0.0,0.8331595411887383,Slow Charging,0.0625,0.0,0.21874999999999997,0.0,0.0,Android v15
realme,Realme Neo 7 Turbo (16GB RAM + 256GB),Mid-Range,0.04534310945976317,0.7066666666666668,0.976190598758452,Performance Beast,1,1,1,mediatek,Dimensity 9400e,0.7777777777777777,0.3488372093023256,0.6363636363636364,0.49902152641878667,0.5502455292263917,0.00804289544235925,0.11908237747653806,Standard,0.06363636363636363,0.36,0.21874999999999997,0.19999999999999998,0.3333333333333333,Android v15
realme,Realme GT 10000 mAh,Premium,0.06183826091618194,0.6933333333333334,0.6684537114681851,Average Value,1,1,1,unknown,Octa Core Processor,0.7777777777777777,0.3488372093023256,0.2727272727272727,0.49902152641878667,0.7644143248328719,0.02770330652368186,0.051094890510948905,Super Fast,0.06363636363636363,0.36,0.21874999999999997,0.49090909090909085,0.3333333333333333,Android v15
samsung,Samsung Galaxy F56 5G (8GB RAM + 256GB),Premium,0.056790744570517804,0.5733333333333333,0.4760780893798594,Overpriced,1,0,0,samsung,Exynos 1480,0.7777777777777777,0.4069767441860465,0.2727272727272727,0.49902152641878667,0.3819700469641573,0.003127792672028597,0.1843355347004982,Standard,0.062272727272727285,0.19999999999999996,0.21874999999999997,0.12727272727272726,0.6666666666666667,Android v15
realme,Realme P1 Speed 5G (8GB RAM + 256GB),Mid-Range,0.026804621116680513,0.5333333333333334,0.6666683826183276,Average Value,1,0,0,mediatek,Dimensity 7300 E,0.7777777777777777,0.3488372093023256,0.2727272727272727,0.49902152641878667,0.3819700469641573,0.003127792672028597,0.1843355347004982,Standard,0.06068181818181817,0.19999999999999996,0.21874999999999997,0.19999999999999998,0.3333333333333333,Android v14
realme,Realme Narzo 80 Pro 5G (12GB RAM + 256GB),Mid-Range,0.039175984708994596,0.5733333333333333,0.7380965863429717,Average Value,1,0,0,mediatek,Dimensity 7400,0.7777777777777777,0.377906976744186,0.4545454545454545,0.49902152641878667,0.4584589025379002,0.0062555853440571935,0.1240875912408759,Standard,0.06181818181818183,0.19999999999999996,0.21874999999999997,0.19999999999999998,0.3333333333333333,Android v15
nothing,Nothing Phone 3a Pro (12GB RAM + 256GB),Premium,0.061856817961570415,0.6000000000000001,0.5188282276217095,Overpriced,1,1,0,qualcomm,Snapdragon 7s Gen 3,0.7777777777777777,0.3488372093023256,0.4545454545454545,0.49902152641878667,0.3819700469641573,0.0035746201966041107,0.16579770594369134,Standard,0.06295454545454546,0.19999999999999996,0.21874999999999997,0.8181818181818181,0.6666666666666667,Android v15
samsung,Samsung Galaxy M06 (6GB RAM + 128GB),Budget,0.01752609842244495,0.3466666666666666,0.6174527172087935,Average Value,1,0,0,mediatek,Dimensity 6300,0.7777777777777777,0.3197674418604651,0.1818181818181818,0.24853228962818003,0.3819700469641573,0.0013404825737265416,0.33263816475495306,Standard,0.062272727272727285,0.0,0.21874999999999997,0.054545454545454536,0.3333333333333333,Android v15
realme,Realme P3 Pro 5G (12GB RAM +256GB),Mid-Range,0.039175984708994596,0.5733333333333333,0.7380965863429717,Average Value,1,0,0,qualcomm,Snapdragon 7s Gen3,0.7777777777777777,0.3488372093023256,0.4545454545454545,0.49902152641878667,0.4584589025379002,0.0062555853440571935,0.1240875912408759,Standard,0.06431818181818183,0.19999999999999996,0.21874999999999997,0.19999999999999998,0.3333333333333333,Android v15
realme,Realme P3 Pro 5G (8GB RAM +256GB),Mid-Range,0.0350521968448899,0.5466666666666666,0.6904777838598756,Average Value,1,0,0,qualcomm,Snapdragon 7s Gen3,0.7777777777777777,0.3488372093023256,0.2727272727272727,0.49902152641878667,0.4584589025379002,0.0062555853440571935,0.1240875912408759,Standard,0.06431818181818183,0.19999999999999996,0.21874999999999997,0.19999999999999998,0.3333333333333333,Android v15
vivo,Vivo X300 Pro Mini,Premium,0.11338560921749063,0.7733333333333334,0.7967041261937355,Average Value,1,1,1,mediatek,Dimensity 9500,0.7777777777777777,0.3488372093023256,0.4545454545454545,0.49902152641878667,0.4431611314231516,0.00804289544235925,0.09572471324296142,Super Fast,0.052272727272727276,0.19999999999999996,0.21874999999999997,0.8181818181818181,0.6666666666666667,Android v16
samsung,Samsung Galaxy S25 Edge,Flagship,0.15464204490392605,0.7733333333333334,0.6320222115108808,Average Value,1,1,0,qualcomm,Snapdragon 8Elite,0.7777777777777777,0.9215116279069764,0.4545454545454545,0.49902152641878667,0.2978323058330401,0.0013404825737265416,0.2592283628779979,Standard,0.06136363636363637,0.19999999999999996,0.9999999999999999,0.12727272727272726,0.3333333333333333,Android v15
oppo,OPPO Reno 13 5G (8GB+256GB),Premium,0.0680404378637954,0.6533333333333333,0.60432850410541,Average Value,1,1,1,mediatek,Dimensity 8350,0.7777777777777777,0.5959302325581395,0.2727272727272727,0.49902152641878667,0.42786336030840305,0.0062555853440571935,0.11574556830031282,Standard,0.05886363636363637,0.19999999999999996,0.21874999999999997,0.8181818181818181,0.6666666666666667,Android v15
motorola,Motorola Moto G06,Budget,0.0061856817961570415,0.3466666666666666,0.6174527172087935,Average Value,0,1,0,mediatek,Helio G81 Ultra,0.7777777777777777,0.20348837209302323,0.09090909090909091,0.1232876712328767,0.3972678180789059,0.0,0.8665276329509906,Slow Charging,0.06545454545454546,0.19999999999999996,0.21874999999999997,0.054545454545454536,0.0,Android v15
itel,itel Zeno 10,Budget,0.002061893932052347,0.17333333333333334,0.3087263586043968,Overpriced,0,0,0,unknown,Octa Core Processor,0.7777777777777777,0.3488372093023256,0.04545454545454544,0.1232876712328767,0.3819700469641573,0.003127792672028597,0.18665276329509906,Slow Charging,0.05909090909090908,0.19999999999999996,0.0,0.0,0.3333333333333333,Android v14
xiaomi,Xiaomi Redmi Note 14 (8GB RAM + 128GB),Mid-Range,0.024742727184628166,0.52,0.6428589813767795,Average Value,1,0,1,mediatek,Dimensity 7025 Ultra,0.7777777777777777,0.3488372093023256,0.2727272727272727,0.24853228962818003,0.39038382107726904,0.003127792672028597,0.1884138570269957,Standard,0.06068181818181817,0.19999999999999996,0.21874999999999997,0.2727272727272727,0.6666666666666667,Android v14
realme,Realme C75,Budget,0.010290912614873266,0.38666666666666666,0.6886972615021157,Average Value,0,1,0,mediatek,Helio G92 Max,0.7777777777777777,0.20348837209302323,0.2727272727272727,0.24853228962818003,0.4584589025379002,0.003127792672028597,0.22141119221411193,Standard,0.06181818181818183,0.19999999999999996,0.21874999999999997,0.054545454545454536,0.3333333333333333,Android v14
samsung,Samsung Galaxy A16 5G (6GB RAM + 128GB),Mid-Range,0.02268083325257582,0.4266666666666667,0.4761931726859432,Overpriced,1,1,0,mediatek,Dimensity 6300,0.7777777777777777,0.3197674418604651,0.1818181818181818,0.24853228962818003,0.3819700469641573,0.0013404825737265416,0.33263816475495306,Standard,0.06136363636363637,0.0,0.21874999999999997,0.14545454545454545,0.6666666666666667,Android v14
google,Google Pixel 10 Pro Fold,Flagship,0.31959355946811385,0.8666666666666667,0.7463818340634759,Average Value,1,1,0,google,Tensor G5,0.7777777777777777,0.7209302325581393,0.6363636363636364,0.49902152641878667,0.38311737979776345,0.0017873100983020556,0.2778588807785888,Standard,0.09090909090909091,0.19999999999999996,0.21874999999999997,0.19999999999999998,0.3333333333333333,Android v16
motorola,Motorola Moto G77 5G,Mid-Range,0.05152879125592021,0.5866666666666667,0.7619059875845198,Average Value,1,1,0,mediatek,Dimensity 6400,0.7777777777777777,0.3488372093023256,0.2727272727272727,0.24853228962818003,0.3972678180789059,0.0017873100983020556,0.28814737573861665,Standard,0.0631818181818182,0.19999999999999996,0.5208333333333334,0.49090909090909085,0.3333333333333333,Android v16
asus,Asus ROG Phone 9 Pro,Flagship,0.19998515436368922,0.8133333333333335,0.6810334783191359,Average Value,1,1,0,qualcomm,Snapdragon 8 Elite,0.7777777777777777,0.877906976744186,0.6363636363636364,1.0,0.4431611314231516,0.004915102770330652,0.14783027191786316,Standard,0.0631818181818182,0.6333333333333333,0.21874999999999997,0.49090909090909085,0.6666666666666667,Android v15
vivo,Vivo Y03t,Budget,0.0030928408980785208,0.21333333333333332,0.3799709028977191,Overpriced,0,0,0,unisoc,Unisoc T612,0.7777777777777777,0.1453488372093023,0.09090909090909091,0.1232876712328767,0.3819700469641573,0.0004468275245755139,0.5550921098366354,Slow Charging,0.05818181818181817,0.0,0.026041666666666664,0.0,0.3333333333333333,Android v14
oppo,Oppo F29,Mid-Range,0.0350521968448899,0.5066666666666666,0.6190495801352315,Average Value,1,0,0,qualcomm,Snapdragon 6 Gen1,0.7777777777777777,0.26162790697674415,0.2727272727272727,0.24853228962818003,0.49670333032477165,0.003127792672028597,0.2399490209709188,Standard,0.06136363636363637,0.19999999999999996,0.21874999999999997,0.19999999999999998,0.3333333333333333,Android v15
vivo,Vivo V50 Pro 5G,Premium,0.1030761395572289,0.7200000000000002,0.7112038497100353,Average Value,1,0,0,mediatek,Dimensity 9300,0.7777777777777777,0.566860465116279,0.2727272727272727,0.49902152641878667,0.43551224586577736,0.00804289544235925,0.0940563086548488,Super Fast,0.06363636363636363,0.36,0.21874999999999997,0.8181818181818181,1.0,Android v15
realme,Realme 14 Pro 5G,Mid-Range,0.04121932159565848,0.52,0.6428589813767795,Average Value,1,0,0,mediatek,Dimensity 7300 Energy,0.7777777777777777,0.3488372093023256,0.2727272727272727,0.24853228962818003,0.4584589025379002,0.003127792672028597,0.22141119221411193,Standard,0.06295454545454546,0.19999999999999996,0.21874999999999997,0.19999999999999998,0.3333333333333333,Android v15
vivo,Vivo Y28s 5G (6GB RAM + 128GB),Budget,0.019587992354497298,0.39999999999999997,0.7124454429332232,Average Value,1,0,0,mediatek,Dimensity 6300,0.7777777777777777,0.3197674418604651,0.1818181818181818,0.24853228962818003,0.3819700469641573,0.0004468275245755139,0.5550921098366354,Slow Charging,0.05818181818181817,0.0,0.21874999999999997,0.054545454545454536,0.3333333333333333,Android v14
cmf,CMF Phone 1 (8GB RAM + 128GB),Mid-Range,0.026804621116680513,0.46666666666666673,0.5476213764105873,Average Value,1,0,0,mediatek,Dimensity 7300,0.7777777777777777,0.3488372093023256,0.2727272727272727,0.24853228962818003,0.3819700469641573,0.002055406613047364,0.25174582108888677,Standard,0.06068181818181817,0.19999999999999996,0.21874999999999997,0.19999999999999998,0.3333333333333333,Android v14
samsung,Samsung Galaxy A06s,Budget,0.010309469660261736,0.3466666666666666,0.6174527172087935,Average Value,1,0,0,samsung,Octa Core Processor,0.7777777777777777,0.3488372093023256,0.09090909090909091,0.24853228962818003,0.3819700469641573,0.0013404825737265416,0.33263816475495306,Standard,0.06136363636363637,0.0,0.21874999999999997,0.054545454545454536,0.3333333333333333,Android v15
oppo,Oppo F27 Pro Plus 5G,Mid-Range,0.043281215527710824,0.5466666666666666,0.6904777838598756,Average Value,1,0,0,mediatek,Dimensity 7050,0.7777777777777777,0.377906976744186,0.2727272727272727,0.49902152641878667,0.3819700469641573,0.005093833780160858,0.12346505221546077,Standard,0.06136363636363637,0.19999999999999996,0.29166666666666663,0.054545454545454536,0.3333333333333333,Android v14
realme,Realme GT 6T,Mid-Range,0.043505961966304525,0.6000000000000001,0.7857153888260677,Average Value,1,1,1,qualcomm,Snapdragon 7+ Gen3,0.7777777777777777,0.4360465116279069,0.2727272727272727,0.24853228962818003,0.42021447475102874,0.009830205540661306,0.07542579075425791,Super Fast,0.0631818181818182,0.19999999999999996,0.21874999999999997,0.49090909090909085,0.3333333333333333,Android v14
oppo,Oppo A3 Pro 5G,Mid-Range,0.024742727184628166,0.4266666666666667,0.4761931726859432,Overpriced,1,0,0,mediatek,Dimensity 6300,0.7777777777777777,0.3197674418604651,0.2727272727272727,0.24853228962818003,0.38961893252153157,0.003127792672028597,0.18804310045185954,Standard,0.06068181818181817,0.19999999999999996,0.21874999999999997,0.054545454545454536,0.3333333333333333,Android v14
nubia,Nubia Neo 2,Mid-Range,0.028847958003344387,0.46666666666666673,0.5476213764105873,Average Value,1,1,0,unisoc,Unisoc T820,0.7777777777777777,0.4069767441860465,0.2727272727272727,0.49902152641878667,0.4584589025379002,0.002055406613047364,0.3023035358801782,Standard,0.06181818181818183,0.19999999999999996,0.21874999999999997,0.19999999999999998,0.3333333333333333,Android v13
realme,Realme 12 Pro Plus 5G (8GB RAM + 256GB),Mid-Range,0.03711409077694225,0.5466666666666666,0.6904777838598756,Average Value,1,0,0,qualcomm,Snapdragon 7s Gen2,0.7777777777777777,0.3197674418604651,0.2727272727272727,0.49902152641878667,0.3819700469641573,0.005093833780160858,0.12346505221546077,Standard,0.06136363636363637,0.19999999999999996,0.29166666666666663,0.49090909090909085,0.6666666666666667,Android v14
lava,Lava Yuva 4,Budget,0.00350521968448899,0.27999999999999997,0.49871181005325627,Overpriced,0,0,0,unisoc,unisoc T606,0.7777777777777777,0.08720930232558138,0.09090909090909091,0.1232876712328767,0.3819700469641573,0.0,0.8331595411887383,Slow Charging,0.05818181818181817,0.0,0.21874999999999997,0.054545454545454536,0.3333333333333333,Android v14
poco,Poco X6 Neo,Mid-Range,0.02268083325257582,0.5466666666666666,0.6904777838598756,Average Value,1,0,1,mediatek,Dimensity 6080,0.7777777777777777,0.3197674418604651,0.2727272727272727,0.24853228962818003,0.3819700469641573,0.002055406613047364,0.25174582108888677,Standard,0.06068181818181817,0.19999999999999996,0.5208333333333334,0.19999999999999998,0.3333333333333333,Android v13
nubia,Nubia Z60 Ultra,Premium,0.0989523516931242,0.7066666666666668,0.6898287805891102,Average Value,1,1,1,qualcomm,Snapdragon 8 Gen3,0.7777777777777777,0.5813953488372092,0.2727272727272727,0.49902152641878667,0.4584589025379002,0.0062555853440571935,0.1240875912408759,Standard,0.06363636363636363,0.19999999999999996,0.29166666666666663,0.19999999999999998,0.6666666666666667,Android v14
apple,Apple iPhone 15 Pro Max (1TB),Flagship,0.4018651892509345,0.6799999999999999,0.5176625889582857,Overpriced,1,1,0,apple,Bionic A17 Pro,0.5555555555555556,0.7209302325581393,0.2727272727272727,0.0,0.339212776698435,0.003127792672028597,0.18665276329509906,Slow Charging,0.06136363636363637,0.19999999999999996,0.20833333333333334,0.12727272727272726,0.6666666666666667,iOS v17
samsung,Samsung Galaxy Z Fold 6,Flagship,0.27732473386104073,0.8666666666666667,0.7463818340634759,Average Value,1,1,0,qualcomm,Snapdragon 8 Gen 3,0.7777777777777777,0.6075581395348837,0.4545454545454545,0.49902152641878667,0.3360767336199116,0.0013404825737265416,0.29259645464025025,Standard,0.08181818181818182,0.19999999999999996,0.21874999999999997,0.19999999999999998,0.3333333333333333,Android v14
infinix,Infinix Note 30 5G (8GB RAM + 256GB),Mid-Range,0.02268083325257582,0.52,0.6428589813767795,Average Value,1,1,0,mediatek,Dimensity 6080,0.7777777777777777,0.3197674418604651,0.2727272727272727,0.49902152641878667,0.3819700469641573,0.003127792672028597,0.1843355347004982,Standard,0.0631818181818182,0.19999999999999996,0.5208333333333334,0.19999999999999998,0.6666666666666667,Android v13
realme,Realme C53,Budget,0.008237266258549127,0.38666666666666666,0.6886972615021157,Average Value,0,0,0,unisoc,Tiger T612,0.7777777777777777,0.1511627906976744,0.09090909090909091,0.24853228962818003,0.3819700469641573,0.0007149240393208221,0.46240296605260106,Slow Charging,0.062272727272727285,0.0,0.5208333333333334,0.054545454545454536,0.3333333333333333,Android v13
samsung,Samsung Galaxy A34 5G (8GB RAM + 128GB),Mid-Range,0.04123787864104694,0.5333333333333334,0.6666683826183276,Average Value,1,1,0,mediatek,Dimensity 1080,0.7777777777777777,0.377906976744186,0.2727272727272727,0.24853228962818003,0.3819700469641573,0.0013404825737265416,0.33263816475495306,Standard,0.05909090909090908,0.19999999999999996,0.20833333333333334,0.14545454545454545,0.6666666666666667,Android v13
tesla,Tesla Pi Phone,Flagship,0.13402310558340258,0.76,0.6156851225747958,Average Value,1,1,0,unknown,Octa Core Processor,0.7777777777777777,0.3488372093023256,0.6363636363636364,1.0,0.3819700469641573,0.009830205540661306,0.06847410497045532,Super Fast,0.06204545454545457,0.5,0.21874999999999997,0.49090909090909085,0.6666666666666667,Android v16
vivo,Vivo V29,Premium,0.055260819272934955,0.5466666666666666,0.4333279511380093,Overpriced,1,0,0,qualcomm,Snapdragon 778G,0.7777777777777777,0.3197674418604651,0.2727272727272727,0.24853228962818003,0.35137450473466014,0.0062555853440571935,0.0948905109489051,Super Fast,0.0631818181818182,0.19999999999999996,0.21874999999999997,0.8181818181818181,0.6666666666666667,Android v13
vivo,Vivo X90 Pro 5G,Premium,0.1030761395572289,0.76,0.7753290570728105,Average Value,1,1,1,mediatek,Dimensity 9200,0.7777777777777777,0.5087209302325579,0.4545454545454545,0.49902152641878667,0.37202649573957075,0.009830205540661306,0.06666666666666667,Super Fast,0.0631818181818182,0.19999999999999996,0.21874999999999997,0.49090909090909085,0.6666666666666667,Android v13
samsung,Samsung Galaxy A54 5G,Premium,0.07629007548593685,0.6000000000000001,0.5188282276217095,Overpriced,1,1,0,samsung,Exynos 1380,0.7777777777777777,0.3197674418604651,0.2727272727272727,0.24853228962818003,0.3819700469641573,0.0013404825737265416,0.33263816475495306,Standard,0.054545454545454564,0.19999999999999996,0.21874999999999997,0.49090909090909085,0.6666666666666667,Android v13
oneplus,OnePlus 10 Pro 5G,Premium,0.07216628762183215,0.6799999999999999,0.6470786423472601,Average Value,1,1,0,qualcomm,Snapdragon 8 Gen1,0.7777777777777777,0.49418604651162784,0.2727272727272727,0.24853228962818003,0.3819700469641573,0.0062555853440571935,0.1032325338894682,Super Fast,0.06136363636363637,0.19999999999999996,0.21874999999999997,0.49090909090909085,0.6666666666666667,Android v12
samsung,Samsung Galaxy S22 5G,Flagship,0.16701340849624013,0.6799999999999999,0.5176625889582857,Overpriced,1,1,0,qualcomm,Snapdragon  8 Gen1,0.7777777777777777,0.49418604651162784,0.2727272727272727,0.24853228962818003,0.28253453471829154,0.0013404825737265416,0.24588112617309696,Standard,0.04772727272727273,0.19999999999999996,0.21874999999999997,0.09090909090909091,0.6666666666666667,Android v12
motorola,Motorola Moto G60,Budget,0.02061893932052347,0.46666666666666673,0.8311863500887604,Value King,0,1,0,qualcomm,Snapdragon  732G,0.7777777777777777,0.29069767441860456,0.1818181818181818,0.24853228962818003,0.4584589025379002,0.0008936550491510277,0.49947862356621475,Slow Charging,0.0631818181818182,0.19999999999999996,0.5208333333333334,0.49090909090909085,0.6666666666666667,Android v11
oppo,OPPO K14 5G (6GB RAM + 256GB),Mid-Range,0.0350521968448899,0.52,0.6428589813767795,Average Value,1,1,1,mediatek,Dimensity 6300,0.7777777777777777,0.3197674418604651,0.1818181818181818,0.49902152641878667,0.5349477581116431,0.003127792672028597,0.2584868497277256,Standard,0.0625,0.19999999999999996,0.21874999999999997,0.054545454545454536,0.3333333333333333,Android v15
honor,Honor X80 GT,Premium,0.05359068518797255,0.5466666666666666,0.4333279511380093,Overpriced,1,1,1,unknown,Octa Core Processor,0.7777777777777777,0.3488372093023256,0.2727272727272727,0.49902152641878667,0.9999999999999999,0.0062555853440571935,0.27174139728884256,Standard,0.06340909090909091,0.19999999999999996,0.21874999999999997,0.19999999999999998,0.3333333333333333,Android v16
oneplus,OnePlus 17,Flagship,0.19586136649958452,0.8933333333333335,0.779056011935646,Average Value,1,1,1,qualcomm,Octa Core Processor,0.7777777777777777,0.3488372093023256,0.4545454545454545,0.49902152641878667,0.7644908136884456,0.009830205540661306,0.13800486618004867,Standard,0.06409090909090909,1.0,0.9999999999999999,0.8181818181818181,0.6666666666666667,Android v17
honor,Honor Play 80 Pro,Mid-Range,0.04740500339181552,0.4266666666666667,0.4761931726859432,Overpriced,1,1,0,qualcomm,Snapdragon 6s Gen 3,0.7777777777777777,0.29069767441860456,0.1818181818181818,0.49902152641878667,0.5349477581116431,0.003127792672028597,0.2584868497277256,Standard,0.06363636363636363,0.19999999999999996,0.21874999999999997,0.0,0.0,Android v15
apple,Apple iPhone 18e,Flagship,0.1340045485380141,0.52,0.3216175217252654,Overpriced,1,1,0,apple,Apple A20,0.5555555555555556,0.3488372093023256,0.4545454545454545,0.49902152641878667,0.0,0.003127792672028597,0.18665276329509906,Slow Charging,0.9999999999999999,0.19999999999999996,0.21874999999999997,0.19999999999999998,0.0,iOS v27
xiaomi,Xiaomi 18 Ultra,Flagship,0.23709924514063146,0.9466666666666668,0.8444043676799861,Value King,1,1,1,qualcomm,Snapdragon 8 Elite Gen 6,0.7777777777777777,0.3488372093023256,0.6363636363636364,1.0,0.5349477581116431,0.00804289544235925,0.11574556830031282,Standard,0.06590909090909092,0.19999999999999996,0.9999999999999999,0.8181818181818181,0.6666666666666667,Android v17
realme,Realme C83 5G (6GB RAM + 128GB),Mid-Range,0.027835568082706687,0.39999999999999997,0.42857437020284717,Overpriced,1,0,0,mediatek,Dimensity 6300,0.7777777777777777,0.3197674418604651,0.1818181818181818,0.24853228962818003,0.5349477581116431,0.0004468275245755139,0.7775460549183177,Slow Charging,0.06363636363636363,0.36,0.026041666666666664,0.0,0.0,Android v16
infinix,Infinix Note Edge 5G (8GB RAM + 256GB),Mid-Range,0.04536166650515164,0.5866666666666667,0.7619059875845198,Average Value,1,1,1,mediatek,Dimensity 7100,0.7777777777777777,0.3197674418604651,0.2727272727272727,0.49902152641878667,0.49670333032477165,0.003127792672028597,0.2399490209709188,Standard,0.0631818181818182,0.19999999999999996,0.21874999999999997,0.14545454545454545,0.3333333333333333,Android v16
tecno,Tecno Camon 50 4G,Mid-Range,0.04121932159565848,0.4533333333333333,0.5238119751690393,Overpriced,0,1,1,mediatek,Helio G200,0.7777777777777777,0.26162790697674415,0.2727272727272727,0.49902152641878667,0.46993223087396163,0.003127792672028597,0.18665276329509906,Slow Charging,0.0631818181818182,0.36,0.21874999999999997,0.49090909090909085,0.3333333333333333,Android v16
tecno,Tecno Camon 50 Pro 4G,Mid-Range,0.05152879125592021,0.5066666666666666,0.6190495801352315,Average Value,0,1,1,mediatek,Helio G200,0.7777777777777777,0.26162790697674415,0.2727272727272727,0.49902152641878667,0.46993223087396163,0.003127792672028597,0.18665276329509906,Slow Charging,0.0631818181818182,0.36,0.21874999999999997,0.49090909090909085,0.6666666666666667,Android v16
oppo,Oppo K14 Turbo,Premium,0.05359068518797255,0.6266666666666667,0.5615783658635598,Average Value,1,1,1,mediatek,Dimensity 8500,0.7777777777777777,0.6104651162790697,0.2727272727272727,0.24853228962818003,0.5655433003411403,0.0062555853440571935,0.15328467153284672,Standard,0.05909090909090908,0.19999999999999996,0.21874999999999997,0.19999999999999998,0.3333333333333333,Android v16
oppo,Oppo A6c,Budget,0.01441470047897796,0.3333333333333333,0.593704535777686,Average Value,0,0,0,qualcomm,Snapdragon 685,0.7777777777777777,0.4360465116279069,0.1818181818181818,0.24853228962818003,0.49670333032477165,0.003127792672028597,0.18665276329509906,Slow Charging,0.0625,0.19999999999999996,0.026041666666666664,0.0,0.0,Android v15
lava,Lava Blaze Duo 3 5G,Mid-Range,0.026804621116680513,0.48000000000000004,0.5714307776521353,Average Value,1,0,1,mediatek,Dimensity 7060,0.7777777777777777,0.3488372093023256,0.1818181818181818,0.24853228962818003,0.3819700469641573,0.002055406613047364,0.25174582108888677,Standard,0.06068181818181817,0.19999999999999996,0.21874999999999997,0.054545454545454536,0.3333333333333333,Android v15
poco,Poco M8 5G (8GB RAM + 128GB),Mid-Range,0.028660325655527626,0.52,0.6428589813767795,Average Value,1,0,1,qualcomm,Snapdragon 6 Gen3,0.7777777777777777,0.3488372093023256,0.2727272727272727,0.24853228962818003,0.42174425186250364,0.003127792672028597,0.20361487660757738,Standard,0.06295454545454546,0.19999999999999996,0.21874999999999997,0.2727272727272727,0.3333333333333333,Android v15
realme,Realme 16 Pro Plus 5G (8GB+256GB),Premium,0.08453765121414623,0.7733333333333334,0.7967041261937355,Average Value,1,1,1,qualcomm,Snapdragon 7 Gen4,0.7777777777777777,0.4360465116279069,0.2727272727272727,0.49902152641878667,0.5349477581116431,0.0062555853440571935,0.14494264859228362,Standard,0.06363636363636363,0.36,0.9999999999999999,0.8181818181818181,0.6666666666666667,Android v16
xiaomi,Xiaomi Redmi Turbo 5 Pro,Premium,0.06183826091618194,0.6799999999999999,0.6470786423472601,Average Value,1,1,1,mediatek,Dimensity 9500e,0.7777777777777777,0.3488372093023256,0.4545454545454545,0.49902152641878667,0.6879254692591289,0.00804289544235925,0.14911366006256516,Standard,0.06136363636363637,0.19999999999999996,0.21874999999999997,0.49090909090909085,0.3333333333333333,Android v16
poco,POCO C85 5G (8GB RAM + 128GB),Mid-Range,0.022662276207187346,0.46666666666666673,0.5476213764105873,Average Value,1,1,0,mediatek,Dimensity 6300,0.7777777777777777,0.3197674418604651,0.2727272727272727,0.24853228962818003,0.4584589025379002,0.002055406613047364,0.3023035358801782,Standard,0.06590909090909092,0.19999999999999996,0.21874999999999997,0.054545454545454536,0.3333333333333333,Android v15
huawei,Huawei Mate 80 Pro Max,Flagship,0.216480305820108,0.76,0.6156851225747958,Average Value,1,1,1,hisilicon,Kirin 9030,0.7777777777777777,0.3488372093023256,0.6363636363636364,1.0,0.4584589025379002,0.00804289544235925,0.09906152241918666,Super Fast,0.06590909090909092,0.19999999999999996,0.21874999999999997,0.14545454545454545,1.0,HarmonyOS v6.0
oneplus,OnePlus Ace 6T,Premium,0.06183826091618194,0.6933333333333334,0.6684537114681851,Average Value,1,1,1,qualcomm,Snapdragon 8 Gen5,0.7777777777777777,0.7383720930232556,0.4545454545454545,0.49902152641878667,0.6343832703575089,0.00804289544235925,0.13743482794577686,Standard,0.06431818181818183,0.5,0.21874999999999997,0.19999999999999998,0.3333333333333333,Android v16
oppo,Oppo K13s,Mid-Range,0.030909851935396734,0.46666666666666673,0.5476213764105873,Average Value,1,1,1,qualcomm,Snapdragon 7 Gen3,0.7777777777777777,0.38662790697674415,0.2727272727272727,0.49902152641878667,0.5349477581116431,0.003127792672028597,0.18665276329509906,Slow Charging,0.06363636363636363,0.19999999999999996,0.21874999999999997,0.49090909090909085,0.3333333333333333,Android v15
hmd,HMD Vibe 5G,Budget,0.010309469660261736,0.3333333333333333,0.593704535777686,Average Value,1,0,0,unisoc,Unisoc T760,0.7777777777777777,0.3488372093023256,0.09090909090909091,0.24853228962818003,0.3819700469641573,0.0007149240393208221,0.46240296605260106,Slow Charging,0.06068181818181817,0.0,0.21874999999999997,0.054545454545454536,0.3333333333333333,Android v15
oppo,Oppo F31 Pro 5G (8GB RAM + 256GB),Mid-Range,0.05154734830130868,0.5866666666666667,0.7619059875845198,Average Value,1,0,0,mediatek,Dimensity 7300 Energy,0.7777777777777777,0.3488372093023256,0.2727272727272727,0.49902152641878667,0.5349477581116431,0.0062555853440571935,0.14494264859228362,Standard,0.05840909090909091,0.19999999999999996,0.21874999999999997,0.49090909090909085,0.3333333333333333,Android v15
honor,Honor Play 10C,Budget,0.0061856817961570415,0.2933333333333334,0.5224599914843637,Overpriced,1,0,0,mediatek,Dimensity 6300,0.7777777777777777,0.3197674418604651,0.09090909090909091,0.24853228962818003,0.4584589025379002,0.0004468275245755139,0.6663190823774765,Slow Charging,0.059318181818181825,0.19999999999999996,0.026041666666666664,0.0,0.0,Android v15
infinix,Infinix GT 30 5G (8GB RAM+ 256GB),Mid-Range,0.032990302912837555,0.5733333333333333,0.7380965863429717,Average Value,1,0,1,mediatek,Dimensity 7400,0.7777777777777777,0.377906976744186,0.2727272727272727,0.49902152641878667,0.42021447475102874,0.003127792672028597,0.20287336345730508,Standard,0.0631818181818182,0.36,0.29166666666666663,0.14545454545454545,0.3333333333333333,Android v15
vivo,Vivo Y400 5G (8GB RAM + 256GB),Mid-Range,0.047423560437203985,0.5466666666666666,0.6904777838598756,Average Value,1,0,0,qualcomm,Snapdragon 4 Gen2,0.7777777777777777,0.26162790697674415,0.2727272727272727,0.49902152641878667,0.4584589025379002,0.0071492403932082215,0.11018421967327077,Super Fast,0.06068181818181817,0.19999999999999996,0.21874999999999997,0.49090909090909085,0.3333333333333333,Android v15
xiaomi,Xiaomi 16 Pro Max,Flagship,0.1402087873795596,0.8266666666666667,0.6973705672552208,Average Value,1,1,1,unknown,Octa Core Processor,0.7777777777777777,0.3488372093023256,0.6363636363636364,1.0,0.5731921858985146,0.00804289544235925,0.1240875912408759,Standard,0.06477272727272726,0.19999999999999996,0.21874999999999997,0.49090909090909085,0.6666666666666667,Android v16
oppo,Oppo A5x 5G (6GB RAM + 128GB),Mid-Range,0.024724170139239693,0.39999999999999997,0.42857437020284717,Overpriced,1,0,0,mediatek,Dimensity 6300,0.7777777777777777,0.3197674418604651,0.1818181818181818,0.24853228962818003,0.4584589025379002,0.003127792672028597,0.22141119221411193,Standard,0.06068181818181817,0.19999999999999996,0.125,0.0,0.0,Android v15
samsung,Samsung Galaxy F36 5G (8GB RAM + 128GB),Mid-Range,0.032990302912837555,0.5333333333333334,0.6666683826183276,Average Value,1,1,0,samsung,Exynos 1380,0.7777777777777777,0.3197674418604651,0.2727272727272727,0.24853228962818003,0.3819700469641573,0.0013404825737265416,0.33263816475495306,Standard,0.06136363636363637,0.19999999999999996,0.21874999999999997,0.14545454545454545,0.6666666666666667,Android v15
iqoo,iQOO Z10 Lite 5G (8GB RAM + 256GB),Mid-Range,0.024742727184628166,0.4133333333333334,0.45238377144439523,Overpriced,1,0,0,mediatek,Dimensity 6300,0.7777777777777777,0.3197674418604651,0.2727272727272727,0.49902152641878667,0.4584589025379002,0.0004468275245755139,0.6663190823774765,Slow Charging,0.062272727272727285,0.0,0.21874999999999997,0.0,0.3333333333333333,Android v15
honor,Honor X70,Mid-Range,0.024742727184628166,0.52,0.6428589813767795,Average Value,1,1,1,qualcomm,Snapdragon 6 Gen4,0.7777777777777777,0.29069767441860456,0.2727272727272727,0.24853228962818003,0.6343832703575089,0.0062555853440571935,0.17205422314911364,Standard,0.06340909090909091,0.19999999999999996,0.21874999999999997,0.054545454545454536,0.0,Android v15
realme,Realme Narzo 80 Lite (6GB RAM + 128GB),Budget,0.019546754475856253,0.39999999999999997,0.7124454429332232,Average Value,1,0,0,mediatek,Dimensity 6300,0.7777777777777777,0.3197674418604651,0.1818181818181818,0.24853228962818003,0.4584589025379002,0.0004468275245755139,0.6663190823774765,Slow Charging,0.06068181818181817,0.19999999999999996,0.125,0.054545454545454536,0.3333333333333333,Android v15
lava,Lava Storm Lite 5G (4GB RAM + 128GB),Budget,0.01134041662628791,0.3466666666666666,0.6174527172087935,Average Value,1,0,0,mediatek,Dimensity 6400,0.7777777777777777,0.3488372093023256,0.09090909090909091,0.24853228962818003,0.3819700469641573,0.003127792672028597,0.18665276329509906,Slow Charging,0.0625,0.19999999999999996,0.21874999999999997,0.0,0.3333333333333333,Android v15
motorola,Motorola Razr 70,Premium,0.11338560921749063,0.8,0.8394542644355857,Value King,1,1,0,qualcomm,Snapdragon 8S Elite,0.7777777777777777,0.3488372093023256,0.2727272727272727,0.49902152641878667,0.3819700469641573,0.002055406613047364,0.25174582108888677,Standard,0.06590909090909092,0.19999999999999996,0.21874999999999997,0.49090909090909085,0.3333333333333333,Android v15
tecno,Tecno Pova Curve 5G (8GB RAM + 128GB),Mid-Range,0.02886651504873286,0.5333333333333334,0.6666683826183276,Average Value,1,1,1,mediatek,Dimensity 7300 Ultimate,0.7777777777777777,0.3488372093023256,0.2727272727272727,0.24853228962818003,0.42021447475102874,0.003127792672028597,0.20287336345730508,Standard,0.0631818181818182,0.36,0.29166666666666663,0.14545454545454545,0.3333333333333333,Android v15
realme,Realme GT 7T (12GB RAM + 512GB),Premium,0.07629007548593685,0.76,0.7753290570728105,Average Value,1,1,1,mediatek,Dimensity 8400-MAX,0.7777777777777777,0.566860465116279,0.4545454545454545,1.0,0.5349477581116431,0.009830205540661306,0.09628084810566563,Super Fast,0.06363636363636363,0.19999999999999996,0.21874999999999997,0.49090909090909085,0.3333333333333333,Android v15
vivo,Vivo Y29t 5G,Budget,0.016495151456418777,0.3466666666666666,0.6174527172087935,Average Value,1,0,0,unknown,Octa Core Processor,0.7777777777777777,0.3488372093023256,0.1818181818181818,0.24853228962818003,0.42021447475102874,0.003127792672028597,0.20287336345730508,Standard,0.06090909090909091,0.19999999999999996,0.21874999999999997,0.054545454545454536,0.3333333333333333,Android v15
itel,itel Zeno 5G,Budget,0.010309469660261736,0.39999999999999997,0.7124454429332232,Average Value,1,0,1,mediatek,Dimensity 6300,0.7777777777777777,0.3197674418604651,0.09090909090909091,0.24853228962818003,0.3819700469641573,0.0007149240393208221,0.46240296605260106,Slow Charging,0.06068181818181817,0.19999999999999996,0.21874999999999997,0.054545454545454536,0.3333333333333333,Android v14
iqoo,iQOO Z10x 5G (8GB RAM + 128GB),Mid-Range,0.02886445315480081,0.46666666666666673,0.5476213764105873,Average Value,1,0,1,mediatek,Dimensity 7300,0.7777777777777777,0.3488372093023256,0.2727272727272727,0.24853228962818003,0.49670333032477165,0.0030384271671134943,0.24542610673997534,Standard,0.06181818181818183,0.19999999999999996,0.21874999999999997,0.054545454545454536,0.3333333333333333,Android v15
lava,Lava Bold 5G (6GB RAM + 128GB),Mid-Range,0.024742727184628166,0.5066666666666666,0.6190495801352315,Average Value,1,0,0,mediatek,Dimensity 6300,0.7777777777777777,0.3197674418604651,0.1818181818181818,0.24853228962818003,0.3819700469641573,0.002055406613047364,0.25174582108888677,Standard,0.06068181818181817,0.19999999999999996,0.29166666666666663,0.19999999999999998,0.3333333333333333,Android v14
vivo,Vivo S30,Premium,0.0556525791200249,0.6799999999999999,0.6470786423472601,Average Value,1,1,1,qualcomm,Snapdragon 7 Gen4,0.7777777777777777,0.4360465116279069,0.4545454545454545,0.49902152641878667,0.49670333032477165,0.0071492403932082215,0.11945313405167421,Standard,0.06068181818181817,0.19999999999999996,0.21874999999999997,0.8181818181818181,0.6666666666666667,Android v15
vivo,Vivo Y40,Mid-Range,0.030928408980785208,0.4266666666666667,0.4761931726859432,Overpriced,1,0,0,unknown,Octa Core Processor,0.7777777777777777,0.3488372093023256,0.2727272727272727,0.24853228962818003,0.557894414783766,0.0030384271671134943,0.27576073561475023,Standard,0.06090909090909091,0.19999999999999996,0.21874999999999997,0.49090909090909085,0.3333333333333333,Android v16
samsung,Samsung Galaxy S25 (12GB RAM + 128GB),Flagship,0.1443325752436643,0.7200000000000002,0.5666738557665407,Average Value,1,1,0,qualcomm,Snapdragon 8Elite,0.7777777777777777,0.9215116279069764,0.4545454545454545,0.24853228962818003,0.3054811913904144,0.0013404825737265416,0.2659019812304484,Standard,0.05000000000000002,0.19999999999999996,0.21874999999999997,0.12727272727272726,0.6666666666666667,Android v15
samsung,Samsung Galaxy A36 5G (12GB RAM + 256GB),Premium,0.06907344672375364,0.5866666666666667,0.49745315850078453,Overpriced,1,1,0,qualcomm,Snapdragon 6 Gen3,0.7777777777777777,0.3197674418604651,0.4545454545454545,0.49902152641878667,0.3819700469641573,0.003127792672028597,0.1843355347004982,Standard,0.06136363636363637,0.19999999999999996,0.21874999999999997,0.12727272727272726,0.6666666666666667,Android v15
samsung,Samsung Galaxy A56 5G (12GB RAM + 256GB),Premium,0.08866143907825093,0.5866666666666667,0.49745315850078453,Overpriced,1,1,0,samsung,Exynos 1580,0.7777777777777777,0.4651162790697673,0.4545454545454545,0.49902152641878667,0.3819700469641573,0.003127792672028597,0.1843355347004982,Standard,0.06136363636363637,0.19999999999999996,0.21874999999999997,0.12727272727272726,0.6666666666666667,Android v15
honor,Honor 400 Pro,Flagship,0.12369507887775236,0.7733333333333334,0.6320222115108808,Average Value,1,1,1,qualcomm,Snapdragon 8 Gen3,0.7777777777777777,0.5813953488372092,0.4545454545454545,0.49902152641878667,0.4584589025379002,0.00804289544235925,0.09906152241918666,Super Fast,0.06136363636363637,0.19999999999999996,0.9999999999999999,0.8181818181818181,0.6666666666666667,Android v15
realme,Realme 14T 5G,Mid-Range,0.026804621116680513,0.5066666666666666,0.6190495801352315,Average Value,1,0,0,mediatek,Dimensity 6300,0.7777777777777777,0.3197674418604651,0.2727272727272727,0.24853228962818003,0.4584589025379002,0.003127792672028597,0.22141119221411193,Standard,0.06068181818181817,0.19999999999999996,0.21874999999999997,0.19999999999999998,0.3333333333333333,Android v15
poco,Poco X7 Pro Iron Man Edition,Premium,0.06183826091618194,0.6799999999999999,0.6470786423472601,Average Value,1,1,1,mediatek,Dimensity 8400 Ultra,0.7777777777777777,0.566860465116279,0.4545454545454545,1.0,0.5005277731034588,0.0071492403932082215,0.12038002548951453,Standard,0.06068181818181817,0.19999999999999996,0.21874999999999997,0.2727272727272727,0.3333333333333333,Android v15
vivo,Vivo Y60,Mid-Range,0.03709553373155378,0.39999999999999997,0.42857437020284717,Overpriced,1,1,0,qualcomm,Snapdragon 4 Gen2,0.7777777777777777,0.26162790697674415,0.2727272727272727,0.49902152641878667,0.49670333032477165,0.0004468275245755139,0.7219325686478971,Slow Charging,0.062272727272727285,0.19999999999999996,0.026041666666666664,0.0,0.0,Android v15
poco,Poco X8 5G,Mid-Range,0.05152879125592021,0.5733333333333333,0.7380965863429717,Average Value,1,0,0,unknown,Octa Core Processor,0.7777777777777777,0.3488372093023256,0.2727272727272727,0.49902152641878667,0.43551224586577736,0.0062555853440571935,0.11783107403545359,Standard,0.062272727272727285,0.36,0.21874999999999997,0.49090909090909085,0.6666666666666667,Android v16
vivo,Vivo Y29 5G (6GB+128GB),Mid-Range,0.021649886286549645,0.4133333333333334,0.45238377144439523,Overpriced,1,0,0,mediatek,Dimensity 6300,0.7777777777777777,0.3197674418604651,0.1818181818181818,0.24853228962818003,0.42021447475102874,0.0030384271671134943,0.20750782064650677,Standard,0.06090909090909091,0.19999999999999996,0.21874999999999997,0.054545454545454536,0.3333333333333333,Android v14
vivo,Vivo X200 (16GB RAM + 512GB),Flagship,0.11546606019493144,0.7733333333333334,0.6320222115108808,Average Value,1,1,1,mediatek,Dimensity 9400,0.7777777777777777,0.6773255813953487,0.6363636363636364,1.0,0.4431611314231516,0.0071492403932082215,0.10647665392190939,Super Fast,0.06068181818181817,0.19999999999999996,0.21874999999999997,0.49090909090909085,0.6666666666666667,Android v15
xiaomi,Xiaomi Redmi A4 5G (4GB RAM + 128GB),Budget,0.01443325752436643,0.36000000000000004,0.6412008986399009,Average Value,1,0,0,qualcomm,Snapdragon 4s Gen2,0.7777777777777777,0.20348837209302323,0.09090909090909091,0.24853228962818003,0.39420826385595614,0.0007149240393208221,0.4772332290580466,Slow Charging,0.06545454545454546,0.19999999999999996,0.21874999999999997,0.0,0.3333333333333333,Android v14
vivo,Vivo X200 Pro Mini,Premium,0.10513803348928125,0.8133333333333335,0.8608293335565108,Value King,1,1,1,mediatek,Dimensity 9400,0.7777777777777777,0.6773255813953487,0.4545454545454545,0.49902152641878667,0.43551224586577736,0.0071492403932082215,0.10462287104622871,Super Fast,0.05249999999999999,0.19999999999999996,0.21874999999999997,0.49090909090909085,0.6666666666666667,Android v15
motorola,Motorola Razr 60 5G,Premium,0.09278522694235562,0.7733333333333334,0.7967041261937355,Average Value,1,1,0,mediatek,Dimensity 7400X,0.7777777777777777,0.377906976744186,0.2727272727272727,0.49902152641878667,0.34372561917728583,0.0017873100983020556,0.24921793534932218,Standard,0.06590909090909092,0.19999999999999996,0.21874999999999997,0.19999999999999998,0.3333333333333333,Android v15
motorola,Motorola Moto G75 5G,Premium,0.05771447305207725,0.5733333333333333,0.4760780893798594,Overpriced,1,1,0,qualcomm,Snapdragon 6 Gen3,0.7777777777777777,0.3197674418604651,0.2727272727272727,0.49902152641878667,0.3819700469641573,0.0017873100983020556,0.2770246784845325,Standard,0.0631818181818182,0.19999999999999996,0.21874999999999997,0.19999999999999998,0.3333333333333333,Android v14
huawei,Huawei Mate XT Ultimate,Flagship,0.47627894125870374,0.8,0.6646963893830509,Average Value,1,1,1,hisilicon,Octa Core Processor,0.7777777777777777,0.3488372093023256,0.6363636363636364,0.49902152641878667,0.42786336030840305,0.005004468275245755,0.1405188485480456,Standard,0.1409090909090909,0.19999999999999996,0.21874999999999997,0.19999999999999998,0.3333333333333333,HarmonyOS v4.2
iqoo,iQOO Z9s 5G,Mid-Range,0.04225026856168465,0.52,0.6428589813767795,Average Value,1,0,0,mediatek,Dimensity 7300,0.7777777777777777,0.3488372093023256,0.2727272727272727,0.24853228962818003,0.42021447475102874,0.0030384271671134943,0.20750782064650677,Standard,0.06295454545454546,0.19999999999999996,0.21874999999999997,0.19999999999999998,0.3333333333333333,Android v14
hmd,HMD Crest,Budget,0.011169279429927563,0.4266666666666667,0.759941805795438,Average Value,1,0,0,unisoc,Unisoc T760,0.7777777777777777,0.26162790697674415,0.1818181818181818,0.24853228962818003,0.3819700469641573,0.002055406613047364,0.25174582108888677,Standard,0.06068181818181817,0.0,0.21874999999999997,0.8181818181818181,0.3333333333333333,Android v14
oneplus,OnePlus Nord 4 5G (12GB RAM + 256GB),Mid-Range,0.0514298203471817,0.6266666666666667,0.8333341913091639,Value King,1,1,1,qualcomm,Snapdragon 7+ Gen3,0.7777777777777777,0.4360465116279069,0.4545454545454545,0.49902152641878667,0.42021447475102874,0.00804289544235925,0.09071949947862357,Super Fast,0.062272727272727285,0.19999999999999996,0.21874999999999997,0.19999999999999998,0.3333333333333333,Android v14
vivo,Vivo Y28e 5G (4GB RAM + 64GB),Budget,0.010309469660261736,0.3466666666666666,0.6174527172087935,Average Value,1,0,0,mediatek,Dimensity 6300,0.7777777777777777,0.3197674418604651,0.09090909090909091,0.1232876712328767,0.3819700469641573,0.0004468275245755139,0.5550921098366354,Slow Charging,0.05818181818181817,0.0,0.026041666666666664,0.0,0.3333333333333333,Android v14
oppo,OPPO A3x 5G,Budget,0.013402310558340257,0.3333333333333333,0.593704535777686,Average Value,1,0,0,mediatek,Dimensity 6300,0.7777777777777777,0.3197674418604651,0.09090909090909091,0.24853228962818003,0.38961893252153157,0.003127792672028597,0.18804310045185954,Standard,0.06068181818181817,0.19999999999999996,0.0,0.0,0.0,Android v14
samsung,Samsung Galaxy Z Flip 7 5G,Flagship,0.1876323478167636,0.8666666666666667,0.7463818340634759,Average Value,1,1,0,samsung,Exynos 2500,1.0,0.5813953488372092,0.4545454545454545,0.49902152641878667,0.3284278480625373,0.0013404825737265416,0.2859228362877998,Standard,0.06590909090909092,0.19999999999999996,0.21874999999999997,0.19999999999999998,0.3333333333333333,Android v15
realme,Realme GT 6 5G (12GB RAM + 256GB),Premium,0.08552942219546342,0.7466666666666668,0.7539539879518854,Average Value,1,1,1,qualcomm,Snapdragon 8s Gen3,0.7777777777777777,0.49418604651162784,0.4545454545454545,0.49902152641878667,0.42021447475102874,0.009830205540661306,0.07542579075425791,Super Fast,0.0631818181818182,0.19999999999999996,0.21874999999999997,0.49090909090909085,0.6666666666666667,Android v14
xiaomi,Xiaomi 14 Civi (12GB RAM + 512GB),Premium,0.08247575728209389,0.6933333333333334,0.6684537114681851,Average Value,1,1,1,qualcomm,Snapdragon 8s Gen3,0.7777777777777777,0.49418604651162784,0.4545454545454545,1.0,0.35902339029203445,0.005093833780160858,0.11599458391047889,Standard,0.05795454545454545,0.19999999999999996,0.21874999999999997,0.49090909090909085,0.6666666666666667,Android v14
poco,Poco M6 Plus 5G,Budget,0.01752609842244495,0.46666666666666673,0.8311863500887604,Value King,1,0,1,qualcomm,Snapdragon 4 Gen2 AE,0.7777777777777777,0.29069767441860456,0.1818181818181818,0.24853228962818003,0.3842647126313696,0.002055406613047364,0.25326255253262553,Standard,0.06340909090909091,0.19999999999999996,0.5208333333333334,0.14545454545454545,0.3333333333333333,Android v14
tecno,Tecno Camon 30 5G (12GB RAM + 512GB),Premium,0.0556525791200249,0.5733333333333333,0.4760780893798594,Overpriced,1,0,1,mediatek,Dimensit 7020,0.7777777777777777,0.26162790697674415,0.4545454545454545,1.0,0.3819700469641573,0.0053619302949061655,0.118129003426188,Standard,0.0631818181818182,0.19999999999999996,0.21874999999999997,0.8181818181818181,0.6666666666666667,Android v14
honor,Honor 200 Lite,Mid-Range,0.04123787864104694,0.46666666666666673,0.5476213764105873,Average Value,1,0,0,mediatek,Dimensity 6080,0.7777777777777777,0.3197674418604651,0.2727272727272727,0.49902152641878667,0.34372561917728583,0.002234137622877569,0.21346640846119472,Standard,0.06136363636363637,0.19999999999999996,0.5208333333333334,0.8181818181818181,0.6666666666666667,Android v14
oppo,OPPO K15 Turbo Pro,Premium,0.08453765121414623,0.7066666666666668,0.6898287805891102,Average Value,1,0,1,unknown,Octa Core Processor,0.7777777777777777,0.3488372093023256,0.2727272727272727,0.49902152641878667,0.5961388425706374,0.0062555853440571935,0.1616266944734098,Standard,0.0631818181818182,0.5,0.9999999999999999,0.19999999999999998,0.3333333333333333,Android v17
oppo,Oppo A60 5G,Budget,0.020600382275135002,0.39999999999999997,0.7124454429332232,Average Value,1,1,0,mediatek,Dimensity 6300,0.7777777777777777,0.3197674418604651,0.1818181818181818,0.24853228962818003,0.38961893252153157,0.003127792672028597,0.18804310045185954,Standard,0.06068181818181817,0.19999999999999996,0.21874999999999997,0.0,0.3333333333333333,Android v14
infinix,Infinix Hot 50 Pro,Mid-Range,0.022662276207187346,0.4266666666666667,0.4761931726859432,Overpriced,0,1,0,mediatek,Helio G100,0.7777777777777777,0.26162790697674415,0.2727272727272727,0.24853228962818003,0.3819700469641573,0.002055406613047364,0.25174582108888677,Standard,0.0631818181818182,0.19999999999999996,0.21874999999999997,0.054545454545454536,0.6666666666666667,Android v14
iqoo,iQOO Neo 9 Pro 5G (12GB RAM + 256GB),Premium,0.06802394271233898,0.6000000000000001,0.5188282276217095,Overpriced,1,0,1,qualcomm,Snapdragon 8 Gen2,0.7777777777777777,0.5523255813953487,0.4545454545454545,0.49902152641878667,0.39420826385595614,0.009830205540661306,0.07069864442127216,Super Fast,0.0631818181818182,0.36,0.21874999999999997,0.19999999999999998,0.3333333333333333,Android v14
samsung,Samsung Galaxy S24 (8GB RAM + 128GB),Premium,0.09278316504842357,0.6533333333333333,0.60432850410541,Average Value,1,1,0,samsung,Exynos 2400,1.0,0.5523255813953487,0.2727272727272727,0.24853228962818003,0.3054811913904144,0.0013404825737265416,0.2659019812304484,Standard,0.05000000000000002,0.19999999999999996,0.21874999999999997,0.12727272727272726,0.6666666666666667,Android v14
poco,Poco X6 Pro 5G (12GB RAM + 512GB),Mid-Range,0.05154734830130868,0.6400000000000001,0.8571435925507119,Value King,1,1,1,mediatek,Dimensity 8300 Ultra,0.7777777777777777,0.5959302325581395,0.4545454545454545,1.0,0.3819700469641573,0.005093833780160858,0.12346505221546077,Standard,0.06068181818181817,0.19999999999999996,0.29166666666666663,0.19999999999999998,0.6666666666666667,Android v14
oppo,Oppo Find X7 Ultra,Flagship,0.1340045485380141,0.8,0.6646963893830509,Average Value,1,1,1,qualcomm,Snapdragon 8 Gen3,0.7777777777777777,0.5813953488372092,0.4545454545454545,0.49902152641878667,0.3819700469641573,0.00804289544235925,0.08237747653806048,Super Fast,0.06409090909090909,0.19999999999999996,0.21874999999999997,0.49090909090909085,1.0,Android v14
vivo,Vivo S19 Pro,Premium,0.06802394271233898,0.6799999999999999,0.6470786423472601,Average Value,1,1,1,mediatek,Dimensity 9200 Plus,0.7777777777777777,0.5959302325581395,0.2727272727272727,0.49902152641878667,0.42021447475102874,0.0062555853440571935,0.11366006256517205,Super Fast,0.0631818181818182,0.19999999999999996,0.21874999999999997,0.8181818181818181,0.6666666666666667,Android v14
iqoo,iQOO 12 5G (16GB RAM + 512GB),Premium,0.1086618102191587,0.7466666666666668,0.7539539879518854,Average Value,1,1,1,qualcomm,Snapdragon 8 Gen3,0.7777777777777777,0.5813953488372092,0.6363636363636364,1.0,0.3819700469641573,0.009830205540661306,0.06847410497045532,Super Fast,0.0631818181818182,0.36,0.29166666666666663,0.19999999999999998,0.6666666666666667,Android v14
samsung,Samsung Galaxy A15 5G,Mid-Range,0.03402124987886373,0.4533333333333333,0.5238119751690393,Overpriced,1,0,0,mediatek,Dimensity 6100 Plus,0.7777777777777777,0.26162790697674415,0.2727272727272727,0.24853228962818003,0.3819700469641573,0.0013404825737265416,0.33263816475495306,Standard,0.05681818181818182,0.0,0.21874999999999997,0.14545454545454545,0.6666666666666667,Android v14
xiaomi,Xiaomi Redmi 13C 5G,Budget,0.010309469660261736,0.36000000000000004,0.6412008986399009,Average Value,1,0,0,mediatek,Dimensity 6100 Plus,0.7777777777777777,0.26162790697674415,0.09090909090909091,0.24853228962818003,0.3819700469641573,0.0007149240393208221,0.46240296605260106,Slow Charging,0.062272727272727285,0.0,0.21874999999999997,0.0,0.3333333333333333,Android v13
motorola,Motorola Edge 40 Neo (12GB RAM + 256GB),Mid-Range,0.03709553373155378,0.5733333333333333,0.7380965863429717,Average Value,1,1,0,mediatek,Dimensity 7030,0.7777777777777777,0.3488372093023256,0.4545454545454545,0.49902152641878667,0.3819700469641573,0.00518319928507596,0.12163405508188677,Standard,0.05795454545454545,0.36,0.21874999999999997,0.49090909090909085,0.3333333333333333,Android v13
apple,Apple iPhone 17 Plus,Flagship,0.195879923544973,0.5733333333333333,0.3869658774696055,Overpriced,1,1,0,apple,Apple A19,0.5555555555555556,0.3488372093023256,0.2727272727272727,0.49902152641878667,4.589331334424571e-05,0.003127792672028597,0.18665276329509906,Slow Charging,0.9999999999999999,0.19999999999999996,0.21874999999999997,0.19999999999999998,0.0,iOS v26
iqoo,iQOO Z9x,Mid-Range,0.02678606407129204,0.46666666666666673,0.5476213764105873,Average Value,1,0,0,qualcomm,Snapdragon 6 Gen1,0.7777777777777777,0.26162790697674415,0.09090909090909091,0.24853228962818003,0.4584589025379002,0.0030384271671134943,0.22646696369324107,Standard,0.06181818181818183,0.19999999999999996,0.21874999999999997,0.054545454545454536,0.3333333333333333,Android v14
motorola,Motorola Moto G54 5G (12GB RAM +256GB),Mid-Range,0.032990302912837555,0.5066666666666666,0.6190495801352315,Average Value,1,0,0,mediatek,Dimensity 7020,0.7777777777777777,0.26162790697674415,0.4545454545454545,0.49902152641878667,0.4584589025379002,0.002055406613047364,0.3023035358801782,Standard,0.05681818181818182,0.19999999999999996,0.21874999999999997,0.19999999999999998,0.3333333333333333,Android v13
xiaomi,Xiaomi Redmi 12 5G (6GB RAM + 128GB),Budget,0.015453895020732342,0.39999999999999997,0.7124454429332232,Average Value,1,0,1,qualcomm,Snapdragon 4 Gen2,0.7777777777777777,0.26162790697674415,0.1818181818181818,0.24853228962818003,0.3819700469641573,0.0007149240393208221,0.46240296605260106,Slow Charging,0.06340909090909091,0.0,0.21874999999999997,0.054545454545454536,0.3333333333333333,Android v13
poco,Poco C65,Budget,0.007216628762183215,0.3066666666666667,0.5462081729154711,Average Value,0,0,0,mediatek,Helio G85,0.7777777777777777,0.20348837209302323,0.09090909090909091,0.24853228962818003,0.3819700469641573,0.0007149240393208221,0.46240296605260106,Slow Charging,0.062272727272727285,0.0,0.21874999999999997,0.054545454545454536,0.6666666666666667,Android v13
nubia,Nubia Neo,Mid-Range,0.022662276207187346,0.4133333333333334,0.45238377144439523,Overpriced,1,1,0,unisoc,Unisoc T820,0.7777777777777777,0.4069767441860465,0.2727272727272727,0.49902152641878667,0.34372561917728583,0.0010723860589812334,0.34022182197364675,Slow Charging,0.05909090909090908,0.19999999999999996,0.21874999999999997,0.054545454545454536,0.3333333333333333,Android v13
vivo,Vivo V29e,Mid-Range,0.04536166650515164,0.5466666666666666,0.6904777838598756,Average Value,1,1,0,qualcomm,Snapdragon 695,0.7777777777777777,0.26162790697674415,0.2727272727272727,0.24853228962818003,0.3819700469641573,0.0030384271671134943,0.18854867759977248,Standard,0.0631818181818182,0.19999999999999996,0.29166666666666663,0.8181818181818181,0.3333333333333333,Android v13
lava,Lava Agni 3 5G,Mid-Range,0.032990302912837555,0.5866666666666667,0.7619059875845198,Average Value,1,0,0,mediatek,Dimensity 7300X,0.7777777777777777,0.3488372093023256,0.2727272727272727,0.24853228962818003,0.3819700469641573,0.005004468275245755,0.1253515341106582,Standard,0.0631818181818182,0.19999999999999996,0.21874999999999997,0.19999999999999998,0.6666666666666667,Android v15
samsung,Samsung Galaxy F15 5G,Budget,0.01752609842244495,0.39999999999999997,0.7124454429332232,Average Value,1,0,0,mediatek,Dimensity 6100 Plus,0.7777777777777777,0.26162790697674415,0.09090909090909091,0.24853228962818003,0.4584589025379002,0.0013404825737265416,0.3993743482794578,Slow Charging,0.05568181818181819,0.0,0.21874999999999997,0.14545454545454545,0.6666666666666667,Android v14
samsung,Samsung Galaxy F54,Premium,0.06391871189362276,0.6000000000000001,0.5188282276217095,Overpriced,1,1,0,samsung,Exynos 1380,0.7777777777777777,0.3197674418604651,0.2727272727272727,0.49902152641878667,0.4584589025379002,0.0013404825737265416,0.3993743482794578,Slow Charging,0.06136363636363637,0.19999999999999996,0.5208333333333334,0.49090909090909085,0.6666666666666667,Android v13
oneplus,OnePlus 11R (16GB RAM + 256GB),Premium,0.06184032281011399,0.6266666666666667,0.5615783658635598,Average Value,1,1,1,qualcomm,Snapdragon 8+ Gen1,0.7777777777777777,0.5523255813953487,0.6363636363636364,0.49902152641878667,0.3819700469641573,0.00804289544235925,0.08237747653806048,Super Fast,0.062272727272727285,0.19999999999999996,0.21874999999999997,0.19999999999999998,0.6666666666666667,Android v13
oppo,Oppo Find X6 Pro,Flagship,0.1381283364021188,0.76,0.6156851225747958,Average Value,1,1,1,qualcomm,Snapdragon 8 Gen2,0.7777777777777777,0.5523255813953487,0.4545454545454545,0.49902152641878667,0.3819700469641573,0.00804289544235925,0.08237747653806048,Super Fast,0.06409090909090909,0.19999999999999996,0.21874999999999997,0.49090909090909085,0.6666666666666667,Android v13
samsung,Samsung Galaxy A14 5G,Mid-Range,0.027835568082706687,0.38666666666666666,0.4047649689612991,Overpriced,1,0,0,samsung,Exynos 1330,0.7777777777777777,0.3197674418604651,0.09090909090909091,0.1232876712328767,0.3819700469641573,0.0004468275245755139,0.5550921098366354,Slow Charging,0.05909090909090908,0.0,0.21874999999999997,0.14545454545454545,0.6666666666666667,Android v13
motorola,Motorola Edge 40 5G,Mid-Range,0.05154734830130868,0.6266666666666667,0.8333341913091639,Value King,1,1,0,mediatek,Dimensity 8020,0.7777777777777777,0.377906976744186,0.2727272727272727,0.49902152641878667,0.3360767336199116,0.00518319928507596,0.10691283812795191,Super Fast,0.05795454545454545,0.36,0.21874999999999997,0.49090909090909085,0.3333333333333333,Android v13
samsung,Samsung Galaxy M34 5G,Mid-Range,0.03484806934561672,0.52,0.6428589813767795,Average Value,1,1,0,samsung,Exynos 1280 ,0.7777777777777777,0.3197674418604651,0.1818181818181818,0.24853228962818003,0.4584589025379002,0.0013404825737265416,0.3993743482794578,Slow Charging,0.05681818181818182,0.19999999999999996,0.21874999999999997,0.14545454545454545,0.6666666666666667,Android v13
poco,Poco X6 5G,Mid-Range,0.0350521968448899,0.5333333333333334,0.6666683826183276,Average Value,1,0,1,qualcomm,Snapdragon 7s Gen 2,0.7777777777777777,0.3197674418604651,0.2727272727272727,0.49902152641878667,0.38961893252153157,0.005093833780160858,0.12595520831712137,Standard,0.06068181818181817,0.19999999999999996,0.29166666666666663,0.19999999999999998,0.6666666666666667,Android v13
iqoo,iQOO 9 SE 5G,Mid-Range,0.047423560437203985,0.5466666666666666,0.6904777838598756,Average Value,1,1,0,qualcomm,Snapdragon  888 ,0.7777777777777777,0.447674418604651,0.2727272727272727,0.24853228962818003,0.34372561917728583,0.005004468275245755,0.11271210541283534,Super Fast,0.05954545454545454,0.19999999999999996,0.20833333333333334,0.19999999999999998,0.6666666666666667,Android v12
oneplus,OnePlus Nord 2T 5G,Mid-Range,0.04948545436925633,0.5466666666666666,0.6904777838598756,Average Value,1,1,0,mediatek,Dimensity 1300,0.7777777777777777,0.49418604651162784,0.2727272727272727,0.24853228962818003,0.34372561917728583,0.0062555853440571935,0.09280500521376434,Super Fast,0.055227272727272736,0.0,0.21874999999999997,0.49090909090909085,0.6666666666666667,Android v12
oneplus,OnePlus 10R 5G,Mid-Range,0.05154734830130868,0.5333333333333334,0.6666683826183276,Average Value,1,1,0,mediatek,Dimensity 8100 Max,0.7777777777777777,0.4505813953488372,0.2727272727272727,0.24853228962818003,0.3819700469641573,0.0062555853440571935,0.1032325338894682,Super Fast,0.06136363636363637,0.19999999999999996,0.21874999999999997,0.19999999999999998,0.6666666666666667,Android v12
xiaomi,Xiaomi Redmi Note 12 Pro 5G,Mid-Range,0.03402124987886373,0.52,0.6428589813767795,Average Value,1,0,1,mediatek,Dimensity 1080,0.7777777777777777,0.377906976744186,0.1818181818181818,0.24853228962818003,0.3819700469641573,0.005093833780160858,0.12346505221546077,Standard,0.06068181818181817,0.19999999999999996,0.21874999999999997,0.19999999999999998,0.6666666666666667,Android v12
samsung,Samsung Galaxy S21 FE 5G,Flagship,0.1443325752436643,0.6000000000000001,0.4196400553417755,Overpriced,1,1,0,samsung,Exynos 2100,0.7777777777777777,0.4651162790697673,0.2727272727272727,0.24853228962818003,0.34372561917728583,0.0013404825737265416,0.2992700729927007,Standard,0.054545454545454564,0.19999999999999996,0.020833333333333336,0.49090909090909085,0.6666666666666667,Android v12
realme,Realme 7,Budget,0.01443325752436643,0.38666666666666666,0.6886972615021157,Average Value,0,0,0,mediatek,Helio  G95,0.7777777777777777,0.21802325581395338,0.1818181818181818,0.1232876712328767,0.3819700469641573,0.0017873100983020556,0.2770246784845325,Standard,0.05681818181818182,0.0,0.29166666666666663,0.19999999999999998,1.0,Android v10
oneplus,OnePlus 8T,Mid-Range,0.039175984708994596,0.5333333333333334,0.6666683826183276,Average Value,1,1,0,qualcomm,Snapdragon 865,0.7777777777777777,0.447674418604651,0.2727272727272727,0.24853228962818003,0.34372561917728583,0.004915102770330652,0.1144621801556108,Super Fast,0.05795454545454545,0.19999999999999996,0.20833333333333334,0.19999999999999998,1.0,Android v11
apple,Apple iPhone 12 Pro Max,Flagship,0.23691367468674676,0.5066666666666666,0.3052804327891804,Overpriced,1,1,0,apple,Bionic A14,0.5555555555555556,0.5232558139534884,0.1818181818181818,0.24853228962818003,0.2815401795958329,0.003127792672028597,0.18665276329509906,Slow Charging,0.1818181818181818,0.19999999999999996,0.020833333333333336,0.12727272727272726,0.6666666666666667,iOS v14.0
xiaomi,Xiaomi Redmi K20 Pro Signature Edition,Flagship,0.9794016796187971,0.6000000000000001,0.4196400553417755,Overpriced,0,1,0,qualcomm,Snapdragon  855,0.7777777777777777,0.4360465116279069,0.2727272727272727,0.49902152641878667,0.3054811913904144,0.001519213583556747,0.24612829722318774,Standard,0.05431818181818182,0.19999999999999996,0.20833333333333334,0.2727272727272727,0.6666666666666667,Android v9.0 (Pie)
tecno,Tecno Camon Slim,Mid-Range,0.03711409077694225,0.4533333333333333,0.5238119751690393,Overpriced,1,0,1,mediatek,Dimensity 7100,0.7777777777777777,0.3488372093023256,0.2727272727272727,0.24853228962818003,0.3972678180789059,0.003127792672028597,0.19175066620322095,Standard,0.0631818181818182,0.36,0.21874999999999997,0.14545454545454545,0.3333333333333333,Android v16
motorola,Motorola Edge 70 Fusion Plus,Premium,0.09278522694235562,0.6400000000000001,0.5829534349844848,Average Value,1,1,0,qualcomm,Snapdragon 7s Gen4,0.7777777777777777,0.4069767441860465,0.4545454545454545,0.49902152641878667,0.3972678180789059,0.003127792672028597,0.18665276329509906,Slow Charging,0.06363636363636363,0.36,0.21874999999999997,0.8181818181818181,0.6666666666666667,Android v16
samsung,Samsung Galaxy S27 5G,Flagship,0.18555189683932277,0.6933333333333334,0.5339996778943706,Overpriced,1,1,0,samsung,Exynos,1.0,0.3488372093023256,0.4545454545454545,0.49902152641878667,0.3360767336199116,0.0013404825737265416,0.29259645464025025,Standard,0.052272727272727276,0.36,0.21874999999999997,0.12727272727272726,0.6666666666666667,Android v17
apple,Apple iPhone 17e (512GB),Flagship,0.1647473870649146,0.5466666666666666,0.35429169959743545,Overpriced,1,1,0,apple,Apple A19,0.5555555555555556,0.3488372093023256,0.2727272727272727,1.0,0.3058636356682831,0.003127792672028597,0.18665276329509906,Slow Charging,0.04772727272727273,0.19999999999999996,0.20833333333333334,0.12727272727272726,0.0,iOS v26.3
realme,Realme P4 Lite 4G,Budget,0.011301240641578916,0.24000000000000005,0.42746726575993393,Overpriced,0,0,0,unisoc,Unisoc T7250,0.7777777777777777,0.1453488372093023,0.09090909090909091,0.1232876712328767,0.4814055592100231,0.0004468275245755139,0.6996871741397289,Slow Charging,0.062272727272727285,0.19999999999999996,0.026041666666666664,0.0,0.0,Android v15
oppo,Oppo Find X10 Pro Max 5G,Flagship,0.2577181844611549,0.9466666666666668,0.8444043676799861,Value King,1,1,1,mediatek,Dimensity 9600,0.7777777777777777,0.3488372093023256,0.6363636363636364,1.0,0.611436613685386,0.07059874888293119,0.01564129301355579,Super Fast,0.06590909090909092,0.19999999999999996,0.9999999999999999,0.8181818181818181,0.6666666666666667,Android v17
xiaomi,Xiaomi Redmi K90 Ultra,Flagship,0.1340045485380141,0.8400000000000001,0.7137076561913059,Average Value,1,1,1,mediatek,Dimensity 9500,0.7777777777777777,0.3488372093023256,0.4545454545454545,0.49902152641878667,0.6496810414722575,0.00804289544235925,0.14077163712200208,Standard,0.06590909090909092,0.19999999999999996,0.21874999999999997,0.8181818181818181,0.6666666666666667,Android v16
huawei,Huawei Pura X2,Flagship,0.19586136649958452,0.76,0.6156851225747958,Average Value,1,1,1,hisilicon,Kirin 9030,0.7777777777777777,0.3488372093023256,0.4545454545454545,0.49902152641878667,0.3819700469641573,0.0062555853440571935,0.1032325338894682,Super Fast,0.08386363636363636,0.19999999999999996,0.21874999999999997,0.19999999999999998,0.3333333333333333,HarmonyOS v6.1
tecno,Tecno Spark GO 3,Budget,0.010290912614873266,0.24000000000000005,0.42746726575993393,Overpriced,0,0,1,unisoc,Unisoc T7250,0.7777777777777777,0.1453488372093023,0.09090909090909091,0.1232876712328767,0.3819700469641573,0.0004468275245755139,0.5550921098366354,Slow Charging,0.062272727272727285,0.19999999999999996,0.026041666666666664,0.054545454545454536,0.0,Android v15
realme,Realme C85 5G (6GB RAM + 128GB),Mid-Range,0.026804621116680513,0.4266666666666667,0.4761931726859432,Overpriced,1,1,0,mediatek,Dimensity 6300,0.7777777777777777,0.3197674418604651,0.1818181818181818,0.24853228962818003,0.5349477581116431,0.003127792672028597,0.2584868497277256,Standard,0.06363636363636363,0.36,0.21874999999999997,0.054545454545454536,0.0,Android v15
vivo,Vivo X500,Premium,0.10926182135338594,0.8,0.8394542644355857,Value King,1,1,1,mediatek,Dimensity 9600,0.7777777777777777,0.3488372093023256,0.4545454545454545,0.49902152641878667,0.5349477581116431,0.0071492403932082215,0.12872204843007762,Standard,0.06068181818181817,0.19999999999999996,0.9999999999999999,0.8181818181818181,0.6666666666666667,Android v16
vivo,Vivo Y19s 5G (4GB RAM + 128GB),Budget,0.01752609842244495,0.36000000000000004,0.6412008986399009,Average Value,1,0,0,mediatek,Dimensity 6300,0.7777777777777777,0.3197674418604651,0.09090909090909091,0.24853228962818003,0.4584589025379002,0.0004468275245755139,0.6663190823774765,Slow Charging,0.062272727272727285,0.0,0.026041666666666664,0.0,0.3333333333333333,Android v15
oukitel,Oukitel WP60 5G,Mid-Range,0.04061931046143124,0.5466666666666666,0.6904777838598756,Average Value,1,0,0,mediatek,Dimensity 7025,0.7777777777777777,0.3488372093023256,0.2727272727272727,0.49902152641878667,0.7644143248328719,0.002055406613047364,0.5045343950453439,Slow Charging,0.07272727272727272,0.19999999999999996,0.5208333333333334,0.49090909090909085,0.6666666666666667,Android v15
vivo,Vivo S50,Premium,0.07214773057644368,0.7066666666666668,0.6898287805891102,Average Value,1,1,1,qualcomm,Snapdragon 8s Gen3,0.7777777777777777,0.49418604651162784,0.4545454545454545,0.49902152641878667,0.49670333032477165,0.00804289544235925,0.10740354535974973,Super Fast,0.05886363636363637,0.19999999999999996,0.21874999999999997,0.8181818181818181,0.6666666666666667,Android v16
